meaning_idx,source,item_id,headword,meaning,example,n,mean,sd,median
1,exp1,1,丈夫,名词。成年男子。,他从小就展现出大丈夫的勇气和坚韧，无论遇到什么困难都从不退缩。,57,3.807017543859649,1.5052123306699965,4
2,exp1,2,丈夫,名词。男女两人结婚后，男子是女子的丈夫。,她的丈夫几次激励她说：“勇敢点吧，你该作大众的母亲，不要作一个小孩的母亲。”,58,2.8448275862068964,1.1050398760437126,3
3,exp1,3,上任,动词。指官吏就职。,走马上任。,57,5.087719298245614,1.1383054723451551,5
4,exp1,4,上任,名词。称前一任的官吏。,张其昌已被选为这个乡的乡长，且看他如何收拾上任留下的烂摊子。,58,5.155172413793103,1.3085645562302777,5
5,exp1,5,上天,动词。上升到天空。,人造卫星上天。,57,3.982456140350877,1.3294900750472427,4
6,exp1,6,上天,动词。迷信的人指到神佛仙人所在的地方。也用作婉辞，指人死亡。,你细细儿一想就知道我这话并不算错，要他们通过比上天还难。,56,4.535714285714286,1.439245834257849,5
7,exp1,7,上天,名词。迷信的人指主宰自然和人类的天。,上天保佑。,57,4.192982456140351,1.31527558887357,4
8,exp1,8,上手,名词。上家。亦作上手儿。,上手出了这张牌，我就知道我要赢了。,57,6.017543859649122,1.505836597924597,7
9,exp1,9,上手,动词。开始。,今天这场球一上手就打得很顺利。,56,4.607142857142857,1.260282384353478,5
10,exp1,10,上报,动词。刊登在报纸上。,老张的模范事迹上了报了。,57,4.7894736842105265,1.3853421715701963,5
11,exp1,11,上报,动词。向上级报告。,年终决算要及时填表上报。,55,4.945454545454545,1.2082767315200027,5
12,exp1,12,下场,动词。演员或运动员退场。,譬如自然主义话剧的用“三面墙”布景，与剧终时演员不下场而闭幕。,56,5.178571428571429,1.3226302012847924,5
13,exp1,13,下场,动词。旧时指到考场应考。,明年乡试，务必叫他下场。,56,6.303571428571429,1.0603540207641262,7
14,exp1,14,下场,名词。人的结局（多指不好的）。,没有好下场。,55,4.327272727272727,1.2026905863374195,4
15,exp1,15,中餐,名词。午饭。,今天的中餐时间，我享用了一顿色香味俱佳的饭菜，感觉十分满足。,55,3.963636363636364,1.6438846986199802,4
16,exp1,16,中餐,名词。中国式的饭菜（对“西餐”而言）。,凡是希望有口福的人，仍旧应该赞成中国人吃中餐。,57,4.315789473684211,1.364837702764405,5
17,exp1,17,仁义,名词。仁爱和正义。,仁义道德。,54,4.666666666666667,1.1159224968016035,5
18,exp1,18,仁义,形容词。〈口语〉性情和顺善良。,我们的战士，对敌人这样狠，而对朝鲜人民却是那样地仁义。,59,4.932203389830509,1.187062540543136,5
19,exp1,19,仪表,名词。人的外表（包括容貌、姿态、风度等，指好的）。,仪表堂堂。,55,4.581818181818182,1.165728338388734,5
20,exp1,20,仪表,名词。测定温度、压力、电量等各种物理量的仪器。,姑娘夜读了一阵，望了望抽水机的仪表。,57,5.280701754385965,1.3195560125191497,5
21,exp1,21,会意,名词。六书之一。会意是说字的整体的意义由部分的意义合成，如“信”字。,作为六书之一的“会意”，具有独特的魅力。,56,6.232142857142857,1.2059107675200424,7
22,exp1,22,会意,动词。会心。,颖铭会意，便伸了一伸舌头，笑了一笑，恭恭敬敬的进去。,56,5.464285714285714,1.2499350632483524,6
23,exp1,23,作乐,动词。取乐。,寻欢作乐。,55,5.0181818181818185,1.1302393894397225,5
24,exp1,24,作乐,动词。制定乐律。,制礼作乐。,56,5.875,1.251362893372299,6
25,exp1,25,作乐,动词。奏乐。,因为这乐师还在准备作乐的阶段。,58,5.293103448275862,1.297887902191313,5
26,exp1,26,便宜,形容词。方便合适；便利。,院子前后都有门，出入很便宜。,57,5.2631578947368425,1.7881186820378097,6
27,exp1,27,便宜,形容词。价钱低。,便宜货。,59,2.830508474576271,0.8336157713463008,3
28,exp1,28,便宜,名词。不应得的利益。,占便宜。,58,3.827586206896552,1.1103647422622194,4
29,exp1,29,便宜,动词。使得到便宜。,便宜了你。,56,4.017857142857143,1.1199199878655528,4
30,exp1,30,便当,名词。盒饭。,（吴起）随之从中取出一份便当，丢给男孩。,55,5.0181818181818185,1.2396371794603194,5
31,exp1,31,便当,形容词。方便；顺手；简单；容易。,这里乘车很便当。,57,5.982456140350878,1.4698302631617923,7
32,exp1,32,偏食,名词。日偏食和月偏食的统称。,在日偏食发生时，‌太阳的一部分被月球遮住，‌未被遮住的部分仍然发出光芒。,58,5.896551724137931,1.2522212568971367,6
33,exp1,33,偏食,动词。只喜欢吃某几种食物，如只喜欢吃鱼、肉，而不喜欢吃蔬菜。,小明因为长期偏食，‌导致身体缺乏必要的营养，‌医生建议他要均衡饮食。‌,56,4.392857142857143,1.6144638449013051,4
34,exp1,34,兄弟,名词。哥哥和弟弟。,兄弟二人。,56,2.8392857142857144,1.2472046666523824,3
35,exp1,35,兄弟,名词。〈口语〉弟弟。,我有个兄弟在北京工作。,57,3.1578947368421053,1.4490079572419108,3
36,exp1,36,兄弟,名词。〈口语〉称呼年纪比自己小的男子（亲切口气）。,兄弟，注意安全!,58,3.206896551724138,1.2671091658706897,3
37,exp1,37,兄弟,名词。〈口语〉谦辞，男子跟辈分相同的人或对众人说话时的自称。,兄弟我刚到这里，请多多关照。,57,3.877192982456141,1.6043487267713126,4
38,exp1,38,光盘,名词。用激光束记录和读取信息的圆盘形存储载体，分为可擦写型、一写多读型和只读型三类。也叫光碟。,这款视频光盘播放器支持多种格式，兼容性强，非常方便实用。,58,4.172413793103448,1.4159236156729809,4
39,exp1,39,光盘,动词。吃光盘子中的食物。,孩子食欲好，顿顿都光盘。,56,4.482142857142857,1.414098767652148,4
40,exp1,40,关门,动词。关上门，比喻不愿容纳。,关门主义。,57,5.56140350877193,2.0530251534508173,7
41,exp1,41,关门,动词。指停业。,我反对办厂的人受了一点挫折就想减少生产，甚至于关门。,57,3.877192982456141,1.2965638026088762,4
42,exp1,42,关门,动词。比喻把话说死，没有商量余地。,这件事再商量商量，别这么早就关门。,58,5.741379310344827,1.9606689229773957,7
43,exp1,43,关门,形容词；属性词。指最后的。,关门弟子。,57,5.350877192982456,1.6310735736030628,6
44,exp1,44,关门,名词。关口上的门。,出入关门。,55,3.8,1.8297945644656808,3
45,exp1,45,内心,名词。心里头。,发自内心的笑。,57,3.5789473684210527,1.1944420158899751,4
46,exp1,46,内心,名词。三角形三个内角的平分线相交于一点，这个点叫作三角形的内心。内心也是三角形内切圆的圆心。,这个三角形的内心位于角平分线的交汇处。,57,5.859649122807017,1.3553939397199528,6
47,exp1,47,冷战,名词。指国际间进行的战争形式之外的敌对行动。,他试图打破冷战思维，推动两国关系的正常化。,56,5.964285714285714,1.159377351924663,6
48,exp1,48,冷战,名词。因寒冷或害怕身体突然颤动一两下。,他又像感了疟疾一般打起冷战来了。,56,5.196428571428571,1.469936830518334,5
49,exp1,49,出去,动词。从里面到外面去。,出去走走，呼吸点儿新鲜空气。,56,2.607142857142857,1.0032414995869674,2.5
50,exp1,50,出去,动词；趋向动词。用在动词后，表示动作由里向外离开说话的人。,走得出去。,55,3.0727272727272728,1.3451496606056923,3
51,exp1,51,出处,动词。〈书面语〉出仕和退隐。,动荡的年代，读书人出处进退都是难事。,56,6,1.1281521496355325,6
52,exp1,52,出处,名词。（引文或典故的）来源。,文章中的引文应注明出处。,55,5.036363636363636,1.276041859925774,5
53,exp1,53,分子,名词。物质中能够独立存在并保持本物质一切化学性质的最小微粒，由原子组成。,了解分子的结构和性质对于理解物质的化学行为至关重要，它们是化学反应中的基本参与者。,55,6.418181818181818,0.9562834906439164,7
54,exp1,54,分子,名词。在分数中，分数线上面的数叫作分子，相当于被除数，如2/5中的2。,在解决这个问题时，我们首先需要确定分数的分子，也就是我们需要取多少份。,55,5.127272727272727,0.943879807448539,5
55,exp1,55,分子,名词。属于一定阶级、阶层、集团或具有某种特征的人。,知识分子。,58,5.431034482758621,1.2441028468446325,6
56,exp1,56,刑法,名词。规定什么是犯罪行为，犯罪行为应受到什么惩罚的法律。,中华人民共和国刑法的任务，是用刑罚同一切反革命和其他刑事犯罪行为作斗争。,56,5.428571428571429,1.248375567864718,6
57,exp1,57,刑法,名词。对犯人的体罚。,动了刑法。,56,5.267857142857143,1.3278974690508634,6
58,exp1,58,别人,名词。另外的人。,家里只有母亲和我，没有别人。,55,2.4909090909090907,0.8792405660932469,2
59,exp1,59,别人,代词；人称代词。指自己或某人以外的人。,把方便让给别人，把困难留给自己。,56,2.6964285714285716,1.189646897301775,3
60,exp1,60,制服,动词。用强力压制使驯服。,这匹烈马很难制服。,56,4.821428571428571,1.1616155342240608,5
61,exp1,61,制服,名词。军人、机关工作者、学生等穿戴的有规定式样的正式服装。,傍晚时候，他看见他一个人从连长室里退出来，垂头丧气，胁下挟着一套制服。,57,4.5964912280701755,1.066697994527421,5
62,exp1,62,劳动,名词。人类创造物质或精神财富的活动。,脑力劳动。,54,3.6296296296296298,1.3500006470480113,3
63,exp1,63,劳动,名词。专指体力劳动。,劳动锻炼。,55,3.2181818181818183,1.0308376509549224,3
64,exp1,64,劳动,动词。进行体力劳动。,他劳动去了。,56,3.267857142857143,0.9437078020152296,3
65,exp1,65,劳动,动词。敬辞，烦劳。,不敢劳动大驾。,56,5.589285714285714,1.7032245964563884,6
66,exp1,66,原本,名词。底本；原稿（对“传抄本”而言）。,传抄本的文字似有删节，最好能找到作者要来原本。,58,5.637931034482759,1.506690061866984,6
67,exp1,67,原本,名词。初刻本（对“重刻本”而言）。,此书原本还要阔大一点，是毛边的，已经旧主人切小。,56,5.392857142857143,1.80583469925654,6
68,exp1,68,原本,名词。翻译所根据的原书。,苏俄排演原本《莎士比亚》。,54,5.62962962962963,1.651714904088638,6
69,exp1,69,原本,副词。原来；本来。,他原本是学医的，后来改行搞戏剧。,58,3.2758620689655173,1.0726766561790344,3
70,exp1,70,参见,动词。参看。,如需了解更多关于该项目的详细信息，请参见附录中的项目报告。,59,5.406779661016949,1.3786380594229726,6
71,exp1,71,参见,动词。以一定礼节进见；谒见。,参见长老。,58,5,1.1081832770072813,5
72,exp1,72,反叛,动词。叛变；背叛。,反叛封建礼教。,57,4.842105263157895,1.1770039701991926,5
73,exp1,73,反叛,名词。〈口语〉叛变的人；背叛者。,我不准你们这些反叛开会！,58,5.4655172413793105,1.2170645911354765,5
74,exp1,74,发行,动词。批发。,料道这些苎麻，也差不多有千金了……我如今就是这样发行去卖，有人认出，反为不美。,57,5.824561403508772,1.3245323570650438,6
75,exp1,75,发行,动词。发出新印制的货币、债券或新出版的书刊、新制作的电影等。,这年十月，两本小说同时在开明书店出版发行。,56,5.160714285714286,1.2472046666523822,5
76,exp1,76,口角,名词。嘴边。,口角流涎。,56,5.125,1.3890807948227686,5
77,exp1,77,口角,动词。争吵。,不要为了一点儿小事儿就和人家口角起来。,57,4.964912280701754,1.3882788969581537,5
78,exp1,78,口音,名词。发音时软腭上升，阻住鼻腔的通道，气流专从口腔出来的叫作口音，对鼻音和鼻化元音而言。,为了提高口音发音的准确度，他每天都会进行大量的发音练习。,55,5.127272727272727,1.6893407157444749,5
79,exp1,79,口音,名词。说话的声音。,听他的口音，好像是山东人。,56,3.928571428571429,1.1576958755475204,4
80,exp1,80,口音,名词。方音。,口音很重。,58,3.9482758620689657,1.1761133403000323,4
81,exp1,81,口齿,名词。说话的发音；说话的本领。,口齿清楚。,58,4.051724137931035,1.3818677138949966,4
82,exp1,82,口齿,名词。指马、驴、骡等的年龄。,驴一头，身高三尺四，毛色青灰，口齿六年，售价一百八十万。,58,6.327586206896552,1.2050759753945306,7
83,exp1,83,台风,名词。发生在太平洋西部海洋和南海海上的热带气旋，是一种极强烈的风暴，中心附近最大风力达级或级以上，同时有暴雨。,这次的台风给当地造成了巨大的经济损失。,59,4.271186440677966,1.3998831044126048,4
84,exp1,84,台风,名词。戏剧演员在舞台上表现出来的风度或作风。,台风稳健。,55,5.6909090909090905,1.2453279691879362,6
85,exp1,85,合拍,形容词。符合节奏，泛指相合，协调一致。,两个人思路合拍。,57,4.9298245614035086,1.2372153225635243,5
86,exp1,86,合拍,动词。合作拍摄（影视片等）。,《击鼓少年》是墨西哥和西班牙合拍的一部彩色故事片。,58,5.637931034482759,1.0873801746781675,6
87,exp1,87,合拍,动词。在一起拍照。,两人合拍了几张照片。,57,4.684210526315789,1.4162058811289977,4
88,exp1,88,告诉,动词。在刑事诉讼中，被害人或其法定代理人向法院提起诉讼。,告诉到法院。,57,5.315789473684211,2.1643037047317986,7
89,exp1,89,告诉,动词。说给人，使人知道。,请你告诉他，今天晚上七点钟开会。,58,2.603448275862069,0.8364430785136944,3
90,exp1,90,图书,名词。图片和书刊，一般指书籍。,图书目录。,57,2.8421052631578947,0.9597148699373932,3
91,exp1,91,图书,名词。〈口语〉指图章。,要费先生的心，刻两方图书。,56,5.875,1.5732132722552274,7
92,exp1,92,土地,名词。田地。,土地改革。,56,3.2857142857142856,1.2607975212580282,3
93,exp1,93,土地,名词。疆域。,土地广阔，物产丰富。,57,3.701754385964912,1.224233175162281,3
94,exp1,94,土地,名词。迷信传说中指管一个小地区的神。,土地庙。,59,4.728813559322034,1.617048273804148,5
95,exp1,95,地方,名词。中央下属的各级行政区划的统称（跟“中央”相对）。,这项工程有中央投资，也有地方投资。,59,5.322033898305085,1.4316698469113722,6
96,exp1,96,地方,名词。军队方面指军队以外的部门、团体等。,培养军队和地方两用人才。,55,5.8,1.35263802609184,6
97,exp1,97,地方,名词。本地；当地。,他在农村的时候，常给地方上的群众治病。,57,4.491228070175438,1.525062141796475,4
98,exp1,98,地方,名词。（地方儿）某一区域；空间的一部分；部位。,你是什么地方的人？,57,3.017543859649123,1.0936705574443115,3
99,exp1,99,地方,名词。部分。,这话有对的地方，也有不对的地方。,58,3.103448275862069,1.119048078744088,3
100,exp1,100,外传,动词。向外传播、散布。,这份材料只供内部参考，请勿外传。,56,4.928571428571429,1.173295945882102,5
101,exp1,101,外传,动词。外界传说。,外传他跟一把手分歧很大。,57,5.614035087719298,1.1915533973544228,6
102,exp1,102,外传,名词。旧时指正史以外的传记。,他最近经常看一些古典名著改编的历史人物外传和英雄史诗。,56,5.660714285714286,0.9775067675057192,6
103,exp1,103,大人,名词。敬辞，称长辈（多用于书信）。,父亲大人。,56,3.607142857142857,1.5454163478854777,3.5
104,exp1,104,大人,名词。成人（对“小孩儿”而言）。,大人说话，小孩儿别插嘴。,54,2.388888888888889,1.188254890810297,2
105,exp1,105,大人,名词。旧时称地位高的官长。,巡抚大人。,56,5.017857142857143,1.4953390789513128,5
106,exp1,106,大夫,名词。古代官职，位于卿之下，士之上。,楚大夫屈原的精神值得我们学习。,56,6.142857142857143,1.0344708164708512,6
107,exp1,107,大夫,名词。〈口语〉医生。,如今且说媳妇这病，你那里寻一个好大夫给他瞧瞧要紧，可别耽误了！,57,3.526315789473684,1.3641489125601711,3
108,exp1,108,大家,名词。著名的专家。,大家手笔。,57,5.526315789473684,1.2407552878027668,6
109,exp1,109,大家,名词。世家望族。,大家闺秀。,54,5.314814814814815,1.4514023677064631,5.5
110,exp1,110,大家,代词；人称代词。指一定范围内所有的人。,大家安静点儿，现在开会了。,57,2.701754385964912,0.962973673440426,3
111,exp1,111,大意,名词。主要的意思。,把他讲话的大意记下来就行了。,59,4.694915254237288,1.0868213266874214,5
112,exp1,112,大意,形容词。疏忽；不注意。,他太大意了，连这样的错误都没检查出来。,55,3.727272727272727,1.0265827067859918,4
113,exp1,113,套装,名词。上下身配套设计、用同一面料制作的服装，也有用不同面料搭配制作的。,职业套装。,57,4.666666666666667,1.4057704208690964,5
114,exp1,114,套装,名词。成套产品的组合包装。,杀毒软件套装。,54,4.62962962962963,1.350000647048011,5
115,exp1,115,妻子,名词。〈书面语〉妻子和儿女。,吴门一人家，有妻子而极贫。,57,4.421052631578948,1.9815881835849012,4
116,exp1,116,妻子,名词。男女两人结婚后，女子是男子的妻子。,“我一定打游击去，决不后退！”丈夫坚决地说。“我一定追随着你。”妻子也不曾动摇。,58,2.706896551724138,0.8985098909853064,3
117,exp1,117,姑爷,名词。父亲的姑父。,春节期间，父亲带着我和弟弟到姑爷家拜年。,56,4.714285714285714,2.0245249563048855,5
118,exp1,118,姑爷,名词。〈口语〉岳家称女婿。,比少爷更难对付的，是那位姑爷－－老太太常说的那个四囡的丈夫。,59,5,1.7320508075688772,5
119,exp1,119,安心,动词。存心；居心。,安心不善。,58,5.5344827586206895,1.4774980896639691,6
120,exp1,120,安心,形容词。心情安定。,安心工作。,57,4.140350877192983,1.18681140172234,4
121,exp1,121,实在,形容词。诚实；不虚假。,学到了实在的本事。,57,4.157894736842105,1.306432898121152,4
122,exp1,122,实在,副词。的确。,实在太好了。,58,3.3620689655172415,1.293686095797029,3
123,exp1,123,实在,副词。其实。,他说他懂了，实在并没懂。,55,4.581818181818182,1.7394220952917745,5
124,exp1,124,实在,形容词。〈口语〉（工作、活儿）扎实；地道；不马虎。,工作做得很实在。,57,4.5964912280701755,1.4375034052482285,5
125,exp1,125,差事,形容词。〈口语〉不中用；不合标准。,这东西可太差事了，怎么一碰就破了！,56,6.160714285714286,1.2325404026464382,7
126,exp1,126,差事,名词。被派遣去做的事情。,负责开会的县教育科长知道了，他批评大焦山乡的干部净胡闹，派个小妮子来应差事。,55,5.363636363636363,1.2074404572948756,6
127,exp1,127,底线,名词。足球、篮球、排球、羽毛球等运动场地两端的界线。,守门员双手一托，球出了底线。,56,5.535714285714286,1.2928374110570016,6
128,exp1,128,底线,名词。指最低的条件；最低的限度。,道德底线。,56,4.482142857142857,1.1907380664349076,5
129,exp1,129,底线,名词。暗藏在对方内部刺探情报或进行其他活动的人；内线。,他们都说，把重伤员藏在洞里，本村没有底线，没人会露口风，万无一失。,56,5.982142857142857,1.1519323122250076,6
130,exp1,130,废物,名词。失去原有使用价值的东西。,废物利用。,56,3.892857142857143,1.0562122966451466,4
131,exp1,131,废物,名词。比喻没有用的人（骂人的话）。,他连这点事儿都干不好，真是个废物,57,3.6666666666666665,1.123345344008138,4
132,exp1,132,开发,动词。以荒地、矿山、森林、水力等自然资源为对象进行劳动，以达到利用的目的；开拓。,开发荒山。,56,5.017857142857143,1.167609390297838,5
133,exp1,133,开发,动词。发现或发掘人才、技术等供利用。,开发高新技术。,56,4.696428571428571,1.1586770333153524,5
134,exp1,134,开发,动词。支付；分发。,开发车钱。,57,5.894736842105263,1.588847409358609,7
135,exp1,135,弹奏,动词。用手指或器具演奏（某种乐器）。,弹奏钢琴。,56,3.7142857142857144,1.0568269096134508,4
136,exp1,136,弹奏,动词。〈书面语〉向帝王检举官吏的罪状或过失。,御史大夫勇敢弹奏，向帝王详细检举了那位贪赃枉法的官吏的罪状。,54,6.037037037037037,1.3025803558736926,7
137,exp1,137,当时,动词。时间词；指过去发生某件事情的时候，泛指从前。,当时他还是个娃娃，如今都长成大小伙子了。,54,3.074074074074074,1.0613599651115448,3
138,exp1,138,当时,动词。指处于合适的时期。,白露早，寒露迟，秋分种麦正当时。,58,4.775862068965517,1.6653654932942776,5
139,exp1,139,当时,副词。马上；立刻。,他一听到这个消息，当时就跑来了。,55,3.127272727272727,1.2026905863374198,3
140,exp1,140,得手,动词。做事顺利；达到目的。,屡屡得手。,57,4.859649122807017,1.1563272598315644,5
141,exp1,141,得手,形容词。指得心应手；顺手。,刀太笨，用起来不得手。,57,5.0701754385964914,1.347744797838319,5
142,exp1,142,德行,名词。道德和品行。,先生的文章、德行都为世人所推重。,57,4.56140350877193,1.2250006393533188,5
143,exp1,143,德行,名词。〈口语〉讥讽人的话，表示看不起他的仪容、举止、行为、作风等。,看他那德行，不会有什么出息。,57,4.754385964912281,1.479390581025872,5
144,exp1,144,想法,动词。设法；想办法。,想法消灭虫害。,57,4.421052631578948,1.657745547649542,4
145,exp1,145,想法,名词。思索所得的结果；意见。,这个想法不错。,55,3.4545454545454546,0.9966273091110804,4
146,exp1,146,战机,名词。适于战斗的时机。,抓住战机。,56,5.321428571428571,1.1458564539186455,5
147,exp1,147,战机,名词。战事的机密。,泄露战机。,55,5.545454545454546,1.2883837393931437,6
148,exp1,148,战机,名词。作战用的飞机。,出动战机拦截。,55,4.636363636363637,1.1605177063713192,5
149,exp1,149,抄袭,动词。把别人的作品或语句抄来当作自己的。,自来所谓大家的文章，除掉卫道的门面话，抄袭摹拟而来的虚浮话，还剩些什么东西？,56,4.428571428571429,1.1258474441648243,4
150,exp1,150,抄袭,动词。指不顾客观情况，沿用别人的经验方法等。,建筑最忌抄袭；拿别人的图案来造房屋，断难满意。,55,4.618181818181818,1.2246074063402117,4
151,exp1,151,抄袭,动词。（军队）绕道到敌人侧面或后面袭击。,我军抄袭了敌军的指挥部。,56,5.910714285714286,1.3521267519159417,7
152,exp1,152,抽风,动词。手脚痉挛、口眼㖞斜的症状；惊厥。,晓晨在六岁前身体很不好，气管和扁桃体经常发炎，动不动就烧到四十度，还伴随着抽风。,57,5.350877192982456,1.2885654824285282,5
153,exp1,153,抽风,动词。比喻做违背常情的事。,你抽什么风，半夜三更了还唱歌？,55,4.490909090909091,1.4255957464594349,5
154,exp1,154,抽风,动词。利用一定装置把空气吸进来。,抽风灶。,58,5.017241379310345,1.162142294490515,5
155,exp1,155,摆设,动词。把物品（多指艺术品）按照审美观点安放。,屋子里摆设得很讲究。,57,4.824561403508772,1.2553145169003872,5
156,exp1,156,摆设,名词。摆设的东西（多指供欣赏的艺术品）。也作“摆设儿”。,会客室里的摆设十分雅致。,57,4.631578947368421,1.1121340320587074,5
157,exp1,157,摆设,名词。比喻中看不中用的东西。亦作摆设儿。,我们成两口子，是为过日子，又不是娶你当摆设，脚大有力气，咱们好一块儿干活。,59,4.915254237288136,1.2496638940299432,5
158,exp1,158,故事,名词。旧日的行事制度；例行的事。,奉行故事。,57,5.894736842105263,1.6763503142063856,7
159,exp1,159,故事,名词。真实的或虚构的用作讲述对象的事情，有连贯性，富吸引力，能感染人。,神话故事。,55,2.636363636363636,0.9692233691951196,2
160,exp1,160,故事,名词。文艺作品中用来体现主题的情节。,故事性。,56,3.267857142857143,1.3550051516651005,3
161,exp1,161,效力,动词。效劳。,为教育事业效力。,56,5.142857142857143,1.0167429536349064,5
162,exp1,162,效力,名词。事物所产生的有利的作用。,这种药的效力很大。,58,5.5,1.1735386582708474,6
163,exp1,163,教授,动词。讲授。,教授数学。,55,5.181818181818182,1.3345953623270168,5
164,exp1,164,教授,名词。高等学校教师的最高专业职称，其下依次为副教授、讲师、助教。,我是哈佛的博士，我是大学的教授。,57,5.2105263157894735,1.3593176085456462,5
165,exp1,165,敷衍,动词。〈书面语〉叙述并发挥。,敷衍经文要旨。,56,5.803571428571429,1.3540463649526773,6
166,exp1,166,敷衍,动词。做事不负责或待人不恳切，只做表面上的应付。,敷衍了事。,58,4.810344827586207,1.206079578296268,5
167,exp1,167,敷衍,动词。勉强维持。,手里的钱还够敷衍几天。,57,5.2631578947368425,1.3299612748050982,5
168,exp1,168,斯文,名词。〈书面语〉指文化或文人。,斯文扫地。,55,5.472727272727273,1.1031024507429108,6
169,exp1,169,斯文,形容词。文雅。,他说话挺斯文的。,56,4.696428571428571,1.0773645092141682,5
170,exp1,170,方丈,量词。平方丈。,窗外是不满方丈的小院子。,56,6.089285714285714,1.1485450988776384,7
171,exp1,171,方丈,名词。佛寺或道观中住持住的房间。,两位男性住北间，两位堂客住南间，他自己告退回方丈。,56,5.767857142857143,1.2932140570696709,6
172,exp1,172,方丈,名词。寺院的住持。,第二天早晨一早，就辞别了方丈，走下山来。,58,4.948275862068965,1.2899396666579661,5
173,exp1,173,本色,名词。本来面貌；原有的性质或品质。,英雄本色。,56,5.017857142857143,1.1519323122250076,5
174,exp1,174,本色,名词。物品原来的颜色（多指没有染过色的织物）。亦作“本色儿”。,本色布。,57,5.43859649122807,1.3889557210319805,6
175,exp1,175,枪手,名词。旧时指持枪（旧式兵器）的兵。,古时以长枪为武器的士兵称为枪手。,58,5.5,1.4539721757032693,6
176,exp1,176,枪手,名词。射击手。,他弹无虚发，真是一个好枪手。,58,4.379310344827586,1.2541522083246093,4
177,exp1,177,枪手,名词。枪替的人。,这家伙是个一窍不通的纨袴子弟，只得请了枪手，代为枪替。,57,5.964912280701754,1.2951132366474165,7
178,exp1,178,正义,名词。公正的、有利于人民的道理。,伸张正义。,57,3.8421052631578942,1.0821518523658995,4
179,exp1,179,正义,形容词；属性词。公正的、有利于人民的。,正义感。,57,4.017543859649122,1.0772191060811471,4
180,exp1,180,正义,名词。（语言文字上）正当的或正确的意义，也用于书名，如《史记正义》。,唐代孔颖达所著的《五经正义》，为后世提供了经史文字义理的正确解释，对学术研究影响深远。,56,5.5,1.6292775867068985,6
181,exp1,181,正方,形容词；属性词。呈正方形或立方体的。,正方盒子。,56,3.821428571428571,1.453611713280756,4
182,exp1,182,正方,名词。指辩论中对某一论断持赞成意见的一方（跟“反方”相对）。,这场辩论赛正方的辩手很厉害。,56,5.142857142857143,1.2124891216542395,5
183,exp1,183,正统,名词。旧时指封建王朝先后相承的系统。,封建社会中，正统必须遵循一定的礼法和制度，以确保皇位的合法性和稳定性。,55,5.963636363636364,1.1379584768125306,6
184,exp1,184,正统,名词。指党派、学派等从创建以来一脉相传的嫡派。,以前，曾经有过所谓文艺理论上的“普列哈诺夫正统”的呼声，这当然是错误的。,55,5.927272727272728,1.136181803634036,6
185,exp1,185,正统,形容词。符合正统的。,他的思想很正统。,57,5.5964912280701755,1.1780681693046555,6
186,exp1,186,正统,名词。明英宗（朱祁镇）年号（公元）。,正统十四年（1449年），瓦剌首领也先以明朝削减马价为借口南侵，英宗在王振怂恿下率军亲征。,57,6.473684210526316,0.7816023641463078,7
187,exp1,187,水印,动词。我国传统的用木刻印刷绘画作品的方法。调和颜料用水，不用油质，跟一般彩印法不同，所以称为水印。,（李信）看见在汤夫人的镜奁下边压着一张水印梅花诗笺。,58,6.017241379310345,1.1315472920064755,6
188,exp1,188,水印,名词。在造纸生产过程中用改变纸浆纤维密度的方法制成的有明暗纹理的图形或文字。亦作“水印儿”。,人民币上有水印图案，能防止造假。,57,5.473684210526316,1.364148912560171,6
189,exp1,189,水印,名词。水渗在某些物体上，干后留下的痕迹。亦作“水印儿”。,这批货浸过水，纸箱上有水印。,57,4.842105263157895,1.3600088456147537,5
190,exp1,190,温和,形容词。（气候）不冷不热。,昆明气候温和，四季如春。,57,4.175438596491228,1.0542906724690009,4
191,exp1,191,温和,形容词。（性情、态度、言语等）不严厉，不粗暴，使人感到亲切。,温和的目光。,58,3.8793103448275863,1.0934828664361198,4
192,exp1,192,温和,形容词。（物体）不冷不热。亦作“温和儿”。,粥还温和呢，快喝吧！,56,4.482142857142857,1.5373066344459998,4
193,exp1,193,满月,动词。（婴儿）出生后满一个月。,结婚后三年多，马威才降生了。马则仁在事前就给哥哥写信要钱，以备大办满月。,56,4.107142857142857,1.448241208294598,4
194,exp1,194,满月,名词。望月。,八月十五中秋节，满月的银光之下，说着蟾蜍玉兔的故事，何其清切！,57,4.824561403508772,1.5712007125755751,5
195,exp1,195,澄清,形容词。（水、天空）清亮。,湖水碧绿澄清。,57,5.245614035087719,1.379449964846055,5
196,exp1,196,澄清,动词。使混浊变为清明，比喻肃清混乱局面。,澄清天下。,56,5.714285714285714,1.2316180888908363,6
197,exp1,197,澄清,动词。弄清楚（认识、问题等）。,澄清事实。,56,5.071428571428571,1.109580475300837,5
198,exp1,198,澄清,动词。使杂质沉淀，液体变清。,这水太浑，澄清之后才能用。,57,5.824561403508772,1.1514402009400455,6
199,exp1,199,火星,名词。太阳系八大行星之一，按离太阳由近而远的次序计为第四颗，比地球小，绕太阳公转周期约天，自转周期约小时分。,科学家们一直致力于探索火星的奥秘。,56,4.642857142857143,1.2124891216542402,5
200,exp1,200,火星,名词。极小的火。亦作“火星儿”。,铁锤打在石头上，迸出不少火星。,55,4.509090909090909,1.345399944292035,4
201,exp1,201,烟花,名词。〈书面语〉指春天艳丽的景物。,烟花三月下扬州。,58,4.896551724137931,1.7838422474939717,5
202,exp1,202,烟花,名词。旧时指妓女。,沦为烟花。,58,6.793103448275862,0.6144065940360001,7
203,exp1,203,烟花,名词。烟火。,烟花爆竹。,57,3,0.8660254037844386,3
204,exp1,204,照应,动词。配合；呼应。,互相照应。,56,4.964285714285714,1.249935063248352,5
205,exp1,205,照应,动词。照料。,一路上乘务员对旅客照应得很好。,57,4.842105263157895,1.114666408845049,5
206,exp1,206,燃点,动词。加热使燃烧；点着。,燃点灯火。,57,5.508771929824562,1.659634286495757,6
207,exp1,207,燃点,名词。某种物质着火燃烧所需要的最低温度叫作这种物质的燃点。也叫着火点。,汽油比煤炭的燃点低。,57,6.052631578947368,1.076055173697941,6
208,exp1,208,琢磨,动词。雕刻和打磨（玉石）。,这位雕刻大师正在用心琢磨这块玉石，力求将其雕刻成一件精美的艺术品。,56,5.464285714285714,1.2353032121604903,5.5
209,exp1,209,琢磨,动词。加工使精美（指文章等）。,相互琢磨，德业日进。,57,5.298245614035087,1.349138776626219,5
210,exp1,210,琢磨,动词。思索；考虑。,队长的话我琢磨了很久。,57,4.508771929824562,1.1970619839773164,4
211,exp1,211,生意,名词。富有生命力的气象；生机。,生意盎然。,58,4.982758620689655,1.4078897897250695,5
212,exp1,212,生意,名词。指商业经营。,做生意。,57,3.929824561403509,1.099669578990614,4
213,exp1,213,男人,名词。男性的成年人。,她同那个男人走进前面一家新开的漂亮的咖啡店去了。,58,2.396551724137931,0.972240226837578,2
214,exp1,214,男人,名词。〈口语〉丈夫。,俺老家是山东的，年景不好跟男人逃荒到这里。,56,3.8392857142857144,1.9796857943006627,3
215,exp1,215,登场,动词。（谷物）收割后运到场上。,大豆登场之后，要马上晒。,56,6.214285714285714,1.1235380110782467,7
216,exp1,216,登场,动词。（剧中人）出现在舞台上。,粉墨登场。,56,4.446428571428571,1.24928551008738,4
217,exp1,217,白话,名词。指不能实现或没有根据的话。,空口说白话。,56,5.357142857142857,1.4197127933439269,6
218,exp1,218,白话,名词。汉语书面语的一种。它是唐宋以来在口语的基础上形成的，起初主要用于通俗文学作品，到五四运动以后才在社会上普遍应用，成为现代汉语（普通话）的书面形式。,白话文。,57,5.7368421052631575,1.2178188316686998,6
219,exp1,219,直播,动词。不经过育苗，直接把种子播种到田地里。,在这个村庄，农民们遵循着古老的传统，采用直播的方式播种。,54,6.462962962962963,0.9459539053543816,7
220,exp1,220,直播,动词。广播电台不经过录音或电视台不经过录像而直接播送。,电视台将直播大会实况。,58,4.413793103448276,1.4989409449484097,4
221,exp1,221,相机,名词。照相机。,相机制成了，装进胶卷去，居然拍出了人像。,56,3.4107142857142856,1.0917339954783478,3.5
222,exp1,222,相机,动词。察看机会。,相机行事。,55,6.163636363636364,1.3846197012796404,7
223,exp1,223,眉目,名词。眉毛和眼睛，借指容貌。,眉目清秀。,57,4.56140350877193,1.2538162296942128,4
224,exp1,224,眉目,名词。指文章、文字的纲要；条理。,在重要的字句下面画上红道，以清眉目。,55,5.890909090909091,1.3287801043274858,6
225,exp1,225,眉目,名词。事情的头绪。,把事情弄出点儿眉目再走。,58,5.327586206896552,1.2050759753945306,5
226,exp1,226,票房,名词。戏院、火车站、轮船码头等处的售票处。,周末的车站票房显得格外拥挤，人们都在排队购票。,55,5.836363636363636,1.258506409931386,6
227,exp1,227,票房,名词。指票房价值。,这部影片全市票房已经突破一千万元。,56,5.607142857142857,1.1066504979781668,6
228,exp1,228,票房,名词。票友聚会练习的处所。亦作“票房儿”。,我呀，在票房的时候，也有清排，也有彩排呀。,54,6.481481481481482,0.8409505121001698,7
229,exp1,229,积分,动词。参加若干场比赛或其他有记分的活动累积分数。,积分卡。,55,4.254545454545455,1.2204762552226442,4
230,exp1,230,积分,名词。所积累的分数。,在足球联赛中，北京队积分暂居第二。,55,4.509090909090909,1.1526575938324135,5
231,exp1,231,积分,名词。积分描述物体运动的整体性质，例如由运动物体在各点的瞬间运动速度求物体运动的全部路程就是积分学的问题。,积分是高等数学中非常重要的一个分支。,56,6.803571428571429,0.6444065023412933,7
232,exp1,232,空心,动词。树干髓部变空或蔬菜中心没长实。,老槐树空心了。,58,4.4655172413793105,1.37923850387622,4.5
233,exp1,233,空心,形容词；属性词。东西的内部是空的。,空心坝。,55,4.127272727272727,1.187193164328202,4
234,exp1,234,空心,动词。没吃东西，空着肚子。亦作“空心儿”。,先吃点儿菜垫一垫，免得待会儿喝空心酒。,57,5.7368421052631575,1.564406731337037,7
235,exp1,235,突出,动词。冲出。,突出重围。,57,4.754385964912281,1.2432776634247582,5
236,exp1,236,突出,动词。鼓出来。,悬崖突出。,57,4.421052631578948,1.2669898018116552,4
237,exp1,237,突出,形容词。超过一般地显露出来。,成绩突出。,56,3.946428571428571,1.051745611433122,4
238,exp1,238,突出,动词。使超过一般。,突出重点。,56,4.089285714285714,0.9395702250455836,4
239,exp1,239,端详,名词。详情。,细听端详。,57,5.333333333333333,1.13913082989578,5
240,exp1,240,端详,形容词。端庄安详。,容止端详。,58,5.241379310344827,1.2039459221344115,5
241,exp1,241,端详,动词。仔细地看。,端详了半天，也没认出是谁。,54,4.907407407407407,1.0143967166804215,5
242,exp1,242,粉丝,名词。用绿豆等的淀粉制成的线状食品。,这道酸辣粉里的粉丝滑嫩爽口，吸饱了汤汁，真是美味极了。,56,3.5714285714285716,1.1418827014611015,3
243,exp1,243,粉丝,名词。指迷恋、崇拜某个名人的人。,这位歌星拥有大批粉丝。,57,4.473684210526316,1.1511680893443894,4
244,exp1,244,粒子,名词。构成物体的比原子核更简单的物质，包括电子、质子、中子、光子、介子、超子和各种反粒子等。也叫基本粒子。,中子粒子在原子核中扮演着重要的角色，它们与质子共同决定了原子核的稳定性和性质。,56,6.517857142857143,0.9143516615826546,7
245,exp1,245,粒子,名词。粒。,豆粒子。,57,4.2105263157894735,1.7600410111421425,4
246,exp1,246,精神,名词。指人的意识、思维活动和一般心理状态。,精神面貌。,58,4.120689655172414,1.2436164891845916,4
247,exp1,247,精神,名词。宗旨；主要的意义。,领会文件的精神。,57,4.964912280701754,1.349138776626219,5
248,exp1,248,精神,名词。表现出来的活力。,振作精神。,58,3.844827586206896,1.0563379997671043,4
249,exp1,249,精神,形容词。活跃；有生气。,越干越精神。,57,3.8421052631578942,1.221671479165949,4
250,exp1,250,精神,形容词。英俊；相貌、身材好。,瞧这小伙儿长得多精神！,56,3.928571428571429,1.3053337136135357,4
251,exp1,251,约数,名词。大约的数目。亦作“约数儿”。,我说的只是个约数。,55,5.527272727272727,1.3313115985337811,6
252,exp1,252,约数,名词。一个数能够整除另一数，这个数就是另一数的约数。,2、3、4、6都能整除12，因此2、3、4、6都是12的约数。,57,5.228070175438597,0.9261584224952536,5
253,exp1,253,结果,动词。长出果实。,开花结果。,58,3.689655172413793,1.1877576773317424,4
254,exp1,254,结果,名词。在一定阶段，事物发展所达到的最后状态。,优良的成绩，是长期刻苦学习的结果。,58,3.310344827586207,1.2024375324143626,3
255,exp1,255,结果,连词。用在下半句，表示在某种条件或情况下产生某种结局。,经过一番争论，结果他还是让步了。,57,3.298245614035088,1.2095588375327733,3
256,exp1,256,结果,动词。将人杀死（多见于早期白话）。,听说今天结果的一个犯人，便是夏家的孩子。,56,5.339285714285714,1.7814885064746555,6
257,exp1,257,编辑,动词。对资料或现成的作品进行整理、加工。,编辑部。,55,4.909090909090909,1.1749346281693214,5
258,exp1,258,编辑,名词。做编辑工作的人。,你以为报馆编辑能够让我们说出我们要说的话么？,58,5.0344827586206895,1.0916833491380362,5
259,exp1,259,编辑,名词。新闻出版机构中编辑人员的中级专业职称。,作为编辑，他的工作对象就是稿件。,57,5.175438596491228,1.1514402009400455,5
260,exp1,260,老公,名词。〈口语〉丈夫。,你在京中娶了一个小老婆，我在家中也嫁了个小老公。,55,2.7454545454545456,1.022310053319366,3
261,exp1,261,老公,名词。〈口语〉太监。,他就立刻进京，又走了老公的门路。,57,6.298245614035087,1.5114434004891495,7
262,exp1,262,自负,动词。自己负责。,自负盈亏。,57,5.508771929824562,1.226534127088309,6
263,exp1,263,自负,形容词。自以为了不起。,这个人很自负。,56,4.821428571428571,1.322630201284792,5
264,exp1,264,花红,名词。落叶小乔木，叶子卵形或椭圆形，花粉红色。果实球形，像苹果而小，黄绿色带微红，是常见的水果。,这种花红果实虽小，但口感独特，营养丰富。,59,6.779661016949152,0.6712776446543867,7
265,exp1,265,花红,名词。这种植物的果实。也叫林檎或沙果。,今天市场上的花红特别新鲜，颜色鲜红，看着就很有食欲。,57,6.859649122807017,0.580596875490709,7
266,exp1,266,花红,名词。指有关结婚等喜庆事的礼物。,花红彩礼。,59,6.711864406779661,0.696068948666356,7
267,exp1,267,花红,名词。红利。,师爷分到花红，就寄给家里的老婆。,58,6.655172413793103,0.7145535752182819,7
268,exp1,268,花费,动词。因使用而消耗掉。,花费金钱。,57,3.736842105263158,1.2610414600280886,4
269,exp1,269,花费,名词。消耗的钱。,这次搬家要不少花费。,56,3.928571428571429,1.4629626585322473,4
270,exp1,270,蘑菇,名词。某些可以食用的真菌，特指口蘑。,树林子里边有蘑菇，咱们采蘑菇好吧？,56,2.982142857142857,0.904354544886652,3
271,exp1,271,蘑菇,动词。故意纠缠。,你别跟我蘑菇，我还有要紧事儿。,57,6.4035087719298245,1.4375034052482285,7
272,exp1,272,蘑菇,动词。行动迟缓，拖延时间。,你再这么蘑菇下去，非误了火车不可！,57,6.2631578947368425,1.6204751925358372,7
273,exp1,273,虎口,名词。比喻危险的境地。,虎口脱险。,58,5.327586206896552,1.2195473856194867,5
274,exp1,274,虎口,名词。大拇指和食指相连的部分。,刨上一宿，虎口震出血来，手掌磨起了血泡。,57,4.824561403508772,1.3643785479313055,5
275,exp1,275,裁缝,动词。剪裁缝制（衣服）。,虽是布衫布裤，但裁缝得体。,58,4.637931034482759,1.320529875866143,5
276,exp1,276,裁缝,名词。以做衣服为职业的人。,我明天就叫裁缝来给你做两身好衣服。,59,3.983050847457627,1.2246255645020756,4
277,exp1,277,试探,动词。试着探索（某种问题）。,试探找出解决问题的更为妥善的办法。,57,5.087719298245614,1.169259560490954,5
278,exp1,278,试探,动词。用含义不很明显的言语或举动引起对方的反应，借以了解对方的意思。,先试探一下他的口气。,57,4.912280701754386,1.056961645377683,5
279,exp1,279,调剂,动词。把多和少、忙和闲等加以适当的调整。,调剂物资。,57,5.964912280701754,1.194704271248474,6
280,exp1,280,调剂,动词。根据医生的处方配制药物。,按处方调剂。,57,6,1.14953406710222,6
281,exp1,281,转动,动词。转身活动；身体或物体的某部分自由活动。,伤好后，腰部转动自如。,56,3.5535714285714284,1.1268563328149666,3
282,exp1,282,转动,动词。物体以一点为中心或以一直线为轴做圆周运动。,水流可以使磨转动。,56,3.875,1.2942179105544784,4
283,exp1,283,转动,动词。使转动。,转动舵轮。,56,3.482142857142857,1.1440132139823531,3.5
284,exp1,284,转机,名词。好转的可能（多指病症脱离危险或事情能挽回）。,事情还有转机。,56,4.946428571428571,1.085769820862647,5
285,exp1,285,转机,动词。中途换乘飞机。,与台湾通航以后，就不用再从香港转机了。,57,5.280701754385965,1.3726198355817902,5
286,exp1,286,过去,名词；时间词。现在以前的时期（区别于“现在、将来”）。,过去的工作只不过像万里长征走完了第一步。,56,3.125,1.0628007595713576,3
287,exp1,287,过去,动词。离开或经过说话人（或叙述的对象）所在地向另一个地点去。,你在这里等着，我过去看看。,58,2.9827586206896552,1.1001017386817895,3
288,exp1,288,过去,动词。婉辞，死亡（后面多加“了”）。,他祖父昨天夜里过去了。,57,5.526315789473684,1.6047392217817853,6
289,exp1,289,过去,动词；趋向动词。用在动词后，表示离开或经过自己所在的地方。,我对准了球门一脚把球踢过去。,58,2.913793103448276,1.2465317887252134,3
290,exp1,290,过去,动词；趋向动词。用在动词后，表示反面对着说话人。,我把信封翻过去，细看邮戳上的日子。,56,3.2857142857142856,1.2316180888908366,3
291,exp1,291,过去,动词；趋向动词。用在动词后，表示失去原来的、正常的状态。,病人晕过去了。,57,3.263157894736842,1.3299612748050982,3
292,exp1,292,过去,动词；趋向动词。用在动词后，表示通过。,蒙混不过去了。,57,3.3508771929824563,1.4077746886255758,3
293,exp1,293,过去,动词；趋向动词。用在形容词后，表示超过（多跟“得”或“不”连用）。,鸡蛋还能硬得过石头去？,57,4.824561403508772,1.909775669488284,5
294,exp1,294,运动,动词。物体的位置不断变化的现象。通常指一个物体和其他物体之间相对位置的变化，说某物体运动常是对另一物体而言。,那机器能够发生十万匹马力，来运动轮船，这便是机械本体的力量。,57,4.982456140350878,1.7676783408731302,5
295,exp1,295,运动,动词。指宇宙间所发生的一切变化和过程，从简单的位置变动到复杂的人类思维，都是物质运动的表现。,好像一切的运动已经停止，这个世界已陷入静止的状态，它的末日就快来了。,56,4.946428571428571,1.8132807319847124,5
296,exp1,296,运动,名词。体育活动。,运动健将。,58,2.896551724137931,1.0206577716117002,3
297,exp1,297,运动,动词。从事体育活动。,咱们出去运动运动。,56,2.9285714285714284,1.0064725594803932,3
298,exp1,298,运动,名词。政治、文化、生产等方面有组织、有目的而声势较大的群众性活动。,五四运动。,55,5.454545454545454,1.4378247693443271,6
299,exp1,299,运动,动词。为求达到某种目的而奔走钻营。,运动官府。,57,5.649122807017544,1.8755116261034273,7
300,exp1,300,运气,动词。把力气贯注到身体某一部位。,他一运气，把大石块搬了起来。,58,5.155172413793103,1.4485531091757888,5
301,exp1,301,运气,名词。命运。,运气不佳。,57,3.631578947368421,1.1746059969710272,4
302,exp1,302,运气,形容词。幸运。,你真运气，中了头等奖。,57,3.789473684210526,1.5438454089113138,4
303,exp1,303,运程,名词。运输的路程。,物流信息显示，这批货物的运程已经过半。,56,5.607142857142857,1.288813004682588,6
304,exp1,304,运程,名词。指命运的发展变化。,她总是乐观地面对生活中的挑战，相信自己的运程会越来越好。,57,6.298245614035087,0.999373237168136,7
305,exp1,305,造化,名词。〈书面语〉自然界的创造者，也指自然。,他死了！造化是没有眼睛的，否则，见到妇人如此悲伤的情形，会不动他底心么？,56,5.767857142857143,1.1907380664349074,6
306,exp1,306,造化,动词。〈书面语〉创造，化育。,我俯仰在天地之间呼吸乾元，造化的精神在我胸中濆涌！,59,5.8474576271186445,1.2430990101498964,6
307,exp1,307,造化,名词。福气；运气。,他如今不来寻你，就是你的造化了。,56,5.321428571428571,1.2520113687712533,5
308,exp1,308,配合,动词。各方面分工合作来完成共同的任务。,他们两人的双打配合得很好。,56,3.982142857142857,1.0529796929505495,4
309,exp1,309,配合,动词。机械或仪器上关系密切的零件（如轴与轴瓦）结合在一起。,这些零件经过精确的加工和配合，使得整个机械系统能够发挥出最佳性能。,58,4.948275862068965,1.456051061774572,5
310,exp1,310,配合,形容词。合在一起显得合适；相称。,绿油油的枝叶衬托着红艳艳的花朵，那么配合，那么美丽。,56,4.607142857142857,1.4976171549689,5
311,exp1,311,配方,动词。数学术语，把不完全平方式变为完全平方式。,配方法的重要性不仅体现在解方程上，更在于它与二次函数学习的紧密联系。,57,6.140350877192983,1.1868114017223403,7
312,exp1,312,配方,动词。根据处方配制药品。,缺两味药，不能配方。,55,4.945454545454545,1.2826214738253232,5
313,exp1,313,配方,名词。指药品、化学制品、冶金产品等的配制方法。,在制药工业中，每种新药都需要精确的配方来确保其疗效与安全。,56,5.089285714285714,1.2398942141721865,5
314,exp1,314,重播,动词。已播过种子的地方重新播上种子。,改用新品种重播。,57,5.824561403508772,1.2972884773571796,6
315,exp1,315,重播,动词。（广播电台、电视台）重新播放已播放过的节目。,新年这几天，地方电视台经常重播往年的新年晚会。,55,4.036363636363636,1.154117208946532,4
316,exp1,316,颜色,名词。由物体发射、反射或透过的光波通过视觉所产生的印象。,颜色鲜艳。,55,2.636363636363636,1.1444493478369018,2
317,exp1,317,颜色,名词。〈书面语〉指面貌；容貌。,颜色憔悴。,56,5.089285714285714,1.697878737658319,5
318,exp1,318,颜色,名词。指脸上的表情。,现出羞愧的颜色。,55,5.090909090909091,1.613286584179514,6
319,exp1,319,颜色,名词。指显示给人看的厉害的脸色或行动。,给他点儿颜色看看。,56,4.071428571428571,1.277172201063283,4
320,exp1,320,颜色,名词。〈口语〉颜料或染料。,彩印厂的仓库里，各种颜色都有的。,57,2.754385964912281,1.090227724481482,3
321,exp1,321,风光,名词。风景；景象。,北国风光。,58,4.448275862068965,1.172378206641158,4
322,exp1,322,风光,形容词。〈口语〉光彩；体面。,儿子有出息，当妈的也觉得风光。,57,4.807017543859649,1.2738944295128458,5
323,exp1,323,风化,名词。风俗；社会公认的道德规范。,有伤风化。,57,5.614035087719298,1.2064467598950035,6
324,exp1,324,风化,动词。由于长期的风吹日晒、雨水冲刷和生物的影响等，地表岩石受到破坏或发生分解。,千丈岩，高千丈，久远的年代和风化的力量，把它劈成了广阔的纵断面。,58,6.137931034482759,1.016500288866451,6
325,exp1,325,风化,动词。含结晶水的化合物在空气中失去结晶水。,在干燥的环境中，一些含有结晶水的矿物，如石膏，会逐渐经历风化过程，失去其结晶水，转变为无水石膏。,55,6.4363636363636365,0.9576908254607626,7
326,exp1,326,风骚,名词。〈书面语〉风指《诗经》中的《国风》，骚指屈原的《离骚》，后用来泛指文学。,今天到某秀才家里写几张字画，明天到某一教书馆里谈论点风骚，倒也十分有趣。,55,6.4363636363636365,0.9768360938298472,7
327,exp1,327,风骚,名词。〈书面语〉在文坛居于领袖地位或在某方面领先叫领风骚。,作为政坛的风骚人物，他凭借出色的领导能力和远见卓识，赢得了广泛的赞誉。,57,6.315789473684211,0.9094326083734476,7
328,exp1,328,风骚,形容词。指妇女举止轻佻。,卖弄风骚。,56,5.660714285714286,1.0317995879095847,6
329,exp1,329,香烟,名词。燃着的香所生的烟。,香烟缭绕。,56,4.285714285714286,1.5807280913241522,4
330,exp1,330,香烟,名词。旧时指子孙祭祀祖先的事情。也说香火。,我要把喜儿收房，将来她生下儿子，接续我的香烟，这也是对得起祖宗的事情。,56,6.125,1.3626511592547017,7
331,exp1,331,香烟,名词。纸里包烟丝和配料卷成的条状物，供吸用。也叫纸烟、卷烟、烟卷儿。,在天气干燥时把点燃的香烟扔进树林可能会引起火灾。,57,3.263157894736842,1.009354740654247,3
332,exp1,332,鲍鱼,名词。〈书面语〉咸鱼。,如入鲍鱼之肆，久而不闻其臭。,58,6.068965517241379,1.3093733463735957,7
333,exp1,333,鲍鱼,名词。鲍的俗称。,你到渔业生产队去，人家留你吃饭，除了鲐鱼子、燕儿鱼丸子而外，如果端出雪白鲜嫩的新干贝或者是刚出海的鲍鱼，你一点不用大惊小怪，以为是大摆筵席，其实平常。,57,4.964912280701754,1.2387336892497134,5
334,exp2,1,一晃,动词。很快地一闪。,窗外有个人影儿，一晃就不见了。,50,3.78,1.1830434635864795,4
335,exp2,2,一晃,动词。表示时间很快过去（有不知不觉的意思）。,一晃就是五年，孩子都长这么大了。,49,4.224489795918367,1.1229667945975548,4
336,exp2,3,一线,名词。战争的最前线。,一线作战部队。,50,4.88,1.2879345908096735,5
337,exp2,4,一线,名词。第一线。,深入车间慰问一线工人。,49,4.959183673469388,1.3063815112979913,5
338,exp2,5,一线,数量词。形容极其细微。,一线生机。,49,5.142857142857143,1.274754878398196,5
339,exp2,6,丈人,名词。古时对老年男子的尊称。,在古代社会，丈人常常扮演着调解纷争、维护和谐的重要角色。,49,5.673469387755102,1.463269101219948,6
340,exp2,7,丈人,名词。岳父。,你丈人这样困难，做女婿的替丈人还点债，不是应当的吗？,49,4.836734693877551,1.404560114643107,5
341,exp2,8,上去,动词。由低处到高处去。,蹬着梯子上去。,50,2.5,1.2163847404233143,2
342,exp2,9,上去,动词；趋向动词。用在动词后，表示由低处向高处，或由近处向远处，或由主体向对象。,顺着山坡爬上去。,49,2.7551020408163267,1.0710316725183315,3
343,exp2,10,上头,动词。旧时女子未出嫁时梳辫子，临出嫁才把头发拢上去结成发髻，叫作上头。,在古老的江南水乡，当李家的小女儿即将出嫁时，家中长辈按照传统习俗为她上头。,49,6.714285714285714,0.7359800721939871,7
344,exp2,11,上头,动词。指喝酒后引起头晕、头疼。,绍兴酒喝了不上头。,49,5.510204081632653,1.226826002665548,5
345,exp2,12,上头,名词；方位词。上面。,当心上头东西砸下来。,49,3.2448979591836733,1.5616579363625325,3
346,exp2,13,上来,动词。开始；起头。,一上来就很卖力气。,49,3.2653061224489797,1.287366663064594,3
347,exp2,14,上来,名词。〈书面语〉方位词。上面；以上（用于总括前面的叙述）。,上来所言，尚祈先生三思。,49,5.408163265306122,1.881027726037671,6
348,exp2,15,上来,动词。由低处到高处来。,他在楼下看书，半天没上来。,49,2.510204081632653,0.8689660757568887,2
349,exp2,16,上来,动词；趋向动词。用在动词后，表示由低处到高处或由远处到近处来。,部队从两路增援上来。,50,2.9,1.2817398889233116,3
350,exp2,17,上来,动词；趋向动词。用在动词后，表示成功地完成某事。,这个问题你一定答得上来。,49,3.142857142857143,1.0992421631894105,3
351,exp2,18,上线,动词。把问题上升到政治路线的高度。,上纲上线。,50,6.12,0.9822921964383476,6
352,exp2,19,上线,动词。达到录取分数线。,他差3分没上线。,50,5.94,1.1141025490482992,6
353,exp2,20,上线,动词。网站等开始运营，接入互联网。有时也指上网。,购物网今日正式上线。,50,4.98,1.3323295541330331,5
354,exp2,21,上线,名词。上一级联络人（跟“下线”相对）。,与上线取得联系。,49,5.612244897959184,1.304101327393253,6
355,exp2,22,上色,形容词；属性词。上等的；高级的。,上色绿茶。,50,6.46,0.9940640146922746,7
356,exp2,23,上色,动词。（在图画、工艺美术品等上面）加颜色。,地图的轮廓已经画好，还没上色。,49,3.510204081632653,1.2603314540824806,4
357,exp2,24,上装,动词。（演员）化装。,叫天又抽了一口烟，立起来道：“是时候了，咱们去罢。”就同瑶卿走到后台去上装。,49,6.408163265306122,0.9335944726998878,7
358,exp2,25,上装,名词。上衣。,那个发育未全的小兵，照例尾随着他，穿着一件普通兵士的上装，一直盖过膝头。,50,4.62,1.5371587890836595,4
359,exp2,26,上调,动词。调到上面工作。,他已经从车间上调到厂部了。,49,5.8979591836734695,1.2457410438366874,6
360,exp2,27,上调,动词。上级调用（财物等）。,这是上调的木材。,50,6.42,1.070761697225343,7
361,exp2,28,上调,动词。（价格、利率等）向上调整。,某些商品的价格有上调和下降的现象也是合理的。,49,4.877551020408164,1.166059122665322,5
362,exp2,29,上身,动词。新衣初次穿在身上。,这件新褂子刚上身就撕了个口子。,50,4.24,1.3334013588089175,4
363,exp2,30,上身,名词。身体的上半部。,他上身只穿一件衬衫。,49,3.2857142857142856,1.2247448713915892,3
364,exp2,31,上身,名词。上衣。,她穿着白上身，花裙子。,50,4.34,1.7333464154399043,4
365,exp2,32,上门,动词。到别人家里去；登门。,送货上门。,50,3.68,1.1682884743006212,4
366,exp2,33,上门,动词。上门闩。,“老李！上门哪！该玩玩去了！”马威笑着说。“好，关门！”李子荣笑着回答。,50,5.68,1.7313437037192136,7
367,exp2,34,上门,动词。指商店停止营业。,夜已经深了，店家大家上门的上门，开赌的开赌。,49,6.142857142857143,1.4288690166235205,7
368,exp2,35,下去,动词。由高处到低处去。,从斜井下去一百米，就到工作面。,50,2.62,1.1761229978715868,2
369,exp2,36,下去,动词；趋向动词。用在动词后，表示由高处向低处或由近处向远处去。,石头从山上滚下去。,49,2.4081632653061225,1.1532267655535553,2
370,exp2,37,下去,动词；趋向动词。用在动词后，表示从现在继续到将来。,坚持下去。,49,3.0816326530612246,1.272083833287557,3
371,exp2,38,下去,动词；趋向动词。用在形容词后，表示某种状态已经存在并将继续发展。,天气可能再冷下去，务必做好防冻保暖工作。,49,3.4285714285714284,1.4288690166235205,3
372,exp2,39,下子,动词。播下种子。,农民们在春天辛勤劳作，及时下子，期待着秋天的丰收。,49,6.122448979591836,1.2850527398584417,7
373,exp2,40,下子,动词。产卵。,为了让母鸡多下子，奶奶精心给它们准备了营养饲料。,49,5.224489795918367,1.4181165050053914,5
374,exp2,41,下子,量词。下。,快拿大杯来，我要灌他几下子。,49,3.938775510204082,1.772570676368389,4
375,exp2,42,下手,动词。动手；着手。,先下手为强。,49,4.122448979591836,1.0334540197243192,4
376,exp2,43,下手,名词。下家。,你这张王牌打出去，下手就只能认输。,49,6.285714285714286,1.1547005383792512,7
377,exp2,44,下手,名词。助手。,打下手。,50,4.46,1.128661840863067,5
378,exp2,45,下来,动词。由高处到低处来。,他从山坡上下来了。,49,2.4489795918367347,1.1191742582851714,2
379,exp2,46,下来,动词。指谷物、水果、蔬菜等成熟或收获。,再有半个月桃就下来了。,50,4.5,1.7172593257387585,5
380,exp2,47,下来,动词。用在时间词语后，表示一段时间终结。,几年下来，兄弟俩创下百万资产。,50,3.42,1.2468736413731023,3
381,exp2,48,下来,动词；趋向动词。用在动词后，表示由高处向低处或由远处向近处来。,把树上的苹果摘下来。,50,2.22,0.8154127538760191,2
382,exp2,49,下来,动词；趋向动词。用在动词后，表示从过去继续到现在或从开始继续到最后。,古代流传下来的神话。,50,3.12,1.2061069096688817,3
383,exp2,50,下来,动词；趋向动词。用在动词后，表示动作的完成或结果。,把情况记录下来。,50,3.12,1.0621503025966343,3
384,exp2,51,下来,动词；趋向动词。用在形容词后，表示某种状态开始出现并继续发展。,天色渐渐黑下来。,49,2.938775510204082,1.028918592206281,3
385,exp2,52,下水,动词。进入水中。,新船下水典礼。,50,4.24,1.5193983771780948,4
386,exp2,53,下水,动词。把某些纺织品、纤维等浸在水中使收缩。,这件料子等下水后再拿去做衣服。,50,5.54,1.5806224555341408,6
387,exp2,54,下水,动词。指做坏事。,拖人下水。,50,5.44,1.3425531570823692,6
388,exp2,55,下水,动词。向下游航行。,下水船。,50,5.84,1.670390397970682,7
389,exp2,56,下水,名词。用作食品的牲畜的内脏，有些地区专指肚子和肠子。,猪下水。,50,5.74,1.3822489807910725,6
390,exp2,57,下界,动词。下凡。,这故事说的是仙女下界与凡人结成夫妻。,49,5.040816326530612,1.4994329994127418,5
391,exp2,58,下界,名词。迷信的人称天上神仙居住的地方为上界，相对地把人间叫作下界。,后来，财神爷就用脚踢开了祥云，他们一起向下界看去。,50,5.9,1.4033487645991785,6.5
392,exp2,59,下线,动词。指汽车、电器等在生产线上组装完毕，可以出厂。,环保公交车本周内下线。,50,6,1.2936264483053452,7
393,exp2,60,下线,动词。网站等断开互联网，停止运营。有时也指下网。,我刚才在打游戏，现在准备下线了，我们明天再继续吧。,49,4.795918367346939,1.3225542181188437,5
394,exp2,61,下线,名词。下一级联络人（跟“上线”相对）。,非法传销组织鼓动成员想方设法发展下线。,49,5.857142857142857,1.1726039399558574,6
395,exp2,62,下网,动词。设置罗网，多指在水中安设渔网。,下网捕鱼。,49,4.938775510204081,1.5194319561559029,5
396,exp2,63,下网,动词。在互联网上结束信息的检索、查询等，操作计算机等退出互联网（跟“上网”相对）。,因为要赶时间，他还没有来得及回复就匆匆下网了。,50,5.86,1.511992873323016,7
397,exp2,64,下脚,动词。走动时把脚踩下去。,院子里到处是水，实在没处下脚。,49,4.204081632653061,1.5135442928869347,4
398,exp2,65,下脚,名词。下脚料。,西宁市一些集体所有制企业，利用大毛纺织厂的下脚料生产中低档毛纺织品，丰富了市场供应。,50,6.5,1.035098339013531,7
399,exp2,66,下装,动词。卸装。,这时从后台走出一位扮演祝英台的小姑娘…她说她就去找拉胡琴的人，说罢也没下装就跳下台去走了。,50,6.46,0.9733174912511904,7
400,exp2,67,下装,名词。下身穿的衣服。,她挑选了一件白色的上衣搭配蓝色的下装，显得十分清新。,50,4.24,1.2866663141940229,4
401,exp2,68,不复,动词。不能恢复。,万劫不复。,49,5.591836734693878,0.9982978711065058,6
402,exp2,69,不复,副词。不再。,不复存在。,50,4.84,1.2674898864467905,5
403,exp2,70,不得,动词；助动词。用在别的动词前，表示不许可。,不得大声喧哗。,49,3.4693877551020407,1.0820898148245082,3
404,exp2,71,不得,助词。用在动词、形容词后面，表示不可以或不能够。,老虎屁股摸不得。,49,3.36734693877551,1.333758435634373,3
405,exp2,72,不爽,形容词。（身体、心情）不爽快。,最近身子不爽，不想出去玩。,49,4.346938775510204,1.4223076965528485,4
406,exp2,73,不爽,形容词。没有差错。,屡试不爽。,50,5.18,1.4940699106665598,5
407,exp2,74,世故,名词。处世经验。,人情世故。,50,5.5,1.2330483215451478,6
408,exp2,75,世故,形容词。（处事待人）圆滑，不得罪人。,这人有些世故，不大愿意给人提意见。,50,5.76,0.9806287029560292,6
409,exp2,76,东西,名词。方位词；东边和西边。,文殊院前边的文殊台比较宽阔些，可是靠南突出的东西两块大石，顶部凿平，留着边缘作自然的栏杆，那地位更窄了。,49,3.9183673469387754,1.2883570722351128,4
410,exp2,77,东西,名词。指从东到西的距离。,这座城东西三里。,50,4.74,1.6389394280996454,5
411,exp2,78,东西,名词。泛指各种具体的或抽象的事物。,他买东西去了。,50,2.44,1.052887187010759,2
412,exp2,79,东西,名词。特指人或动物（多含厌恶或喜爱的感情）。,这小东西真可爱。,49,2.653061224489796,0.9693429993248706,3
413,exp2,80,丧气,动词。因事情不顺利而情绪低落。,垂头丧气。,49,4.122448979591836,1.1111677990074318,4
414,exp2,81,丧气,形容词。〈口语〉倒霉；不吉利。,丧气话。,50,4.34,1.2055991820481229,4
415,exp2,82,中堂,名词。正房居中的一间；堂屋。,今夜没有电光，中堂燃着两支蜡烛。,49,6.1020408163265305,1.2457410438366874,7
416,exp2,83,中堂,名词。悬挂在客厅正中的尺寸较大的字画。,易良发忍不住要笑，就假装着咳嗽，转过面去看挂在上面的中堂——三星图。,50,6.32,1.2027180102770971,7
417,exp2,84,中堂,名词。明清两代内阁大学士的别称。,宋代，李纲任中堂，于政事堂内决策国事，尽显宰相风范。,49,6.63265306122449,0.8825596663262212,7
418,exp2,85,中学,名词。对青少年实施中等教育的学校。,在中学教育方面，要逐步改变普通高中过多，职业中学太少的状况。,50,3.64,1.273914103406168,4
419,exp2,86,中学,名词。清末称我国传统的学术（对“西学”而言）。,在“五四”以前，学校与科举之争、新学与旧学之争、西学与中学之争，都带着这种性质。,50,6.38,1.2759950099064346,7
420,exp2,87,主拍,动词。主持拍卖。,操槌主拍。,49,6.653061224489796,1.0318070800009735,7
421,exp2,88,主拍,名词。主持拍卖的人。,主拍一锤定音。,50,6.66,0.7453255691854621,7
422,exp2,89,主拍,动词。主持拍摄。,这部影片由名导演主拍。,49,6.040816326530612,1.1172731625381014,6
423,exp2,90,乌拉,名词。西藏民主改革前，农奴为官府或农奴主所服的劳役，主要是耕种和运输，还有种种杂役、杂差。,元朝时期，中央政府在西藏地区推行了乌拉制度，以确保驿站系统的有效运作。,50,7,0,7
424,exp2,91,乌拉,名词。服这些劳役的人。也作乌喇。,这些乌拉很可怜。,50,6.96,0.2828427124746189,7
425,exp2,92,乌拉,名词。东北地区冬天穿的一种鞋，用皮革制成，里面垫乌拉草。也作靰鞡。,他脱掉了乌拉，换上了一双更加轻便的鞋子。,50,6.68,0.9570362413968124,7
426,exp2,93,乖乖,形容词。（乖乖儿的）顺从；听话。,孩子们都乖乖儿地坐着听阿姨讲故事。,50,2.58,1.2303973142933982,2
427,exp2,94,乖乖,名词。对小孩儿的爱称。,我的小乖乖，今天在幼儿园玩得开心吗？,50,2.56,1.3117988895141708,2
428,exp2,95,乖乖,叹词。表示惊讶或赞叹。,乖乖，外边真冷！,49,3.5918367346938775,1.6062166643355176,3
429,exp2,96,人家,名词。住户。,这个村子有百十户人家。,50,3.74,1.103056976714055,4
430,exp2,97,人家,名词。家庭。,勤俭人家。,50,4.12,1.1717769516805645,4
431,exp2,98,人家,名词。指女子未来的丈夫家。,她已经有了人家儿了。,49,5.816326530612245,1.6542051135887377,6
432,exp2,99,人家,代词；人称代词。指自己或某人以外的人；别人。,人家都不怕，就你怕。,49,2.8979591836734695,1.1409955075719271,3
433,exp2,100,人家,代词；人称代词。指某个人或某些人，意思跟“他”或“他们”相近。,你把东西快给人家送回去吧。,50,2.88,1.0028530728448135,3
434,exp2,101,人家,代词；人称代词。指“我”（有亲热或俏皮的意味）。,原来是你呀，差点儿没把人家吓死！,50,3.76,1.286666314194023,4
435,exp2,102,人性,名词。在一定的社会制度和一定的历史条件下形成的人的本性。,历史条件塑造了人性，使其在不同的历史时期呈现出不同的特点，反映了时代的烙印。,49,5.244897959183674,1.1819935886194202,5
436,exp2,103,人性,名词。人所具有的正常的感情和理性。,他对待家人冷漠无情，简直不通人性。,49,5.020408163265306,1.1454583492785642,5
437,exp2,104,人流,名词。像河流似的连续不断的人群。,不尽的人流涌向广场。,49,4.26530612244898,1.1138430134015298,4
438,exp2,105,人流,名词。人工流产的简称。,在经过深思熟虑后，她决定接受人流手术，希望未来能做好更充分的准备。,49,6.1020408163265305,1.04572339314275,6
439,exp2,106,人道,名词。指爱护人的生命、关怀人的幸福、尊重人的人格和权利的道德。,这个制度虽是惨酷不人道，然而其中涵义正是惧怕女后权大。,50,5.76,1.204752493846172,6
440,exp2,107,人道,形容词。合乎人道的（多用于否定式）。,这样做很不人道。,49,5.387755102040816,1.3199799008983093,6
441,exp2,108,人道,名词。古代指封建礼教所规定的人伦。,孝顺作为人道的基本要求之一，历来被看作是衡量一个人品德的重要标准。,50,5.9,1.2975644374703537,6
442,exp2,109,人道,名词。〈书面语〉泛指人事或为人之道。,她教导孩子们，人道不仅体现在言语上，更体现在行动中。,50,6.02,1.15157390078952,6
443,exp2,110,人道,动词。指人性交（就能力而言，多用于否定式）。,古人男子三十而取，女子二十而嫁，使其气血充足，然后行其人道。,49,6.755102040816326,0.560156683619933,7
444,exp2,111,作为,名词。所作所为；行为。,评论一个人，不但要根据他的谈吐，而且更需要根据他的作为。,49,4.775510204081633,1.177308125245344,5
445,exp2,112,作为,动词。做出成绩。,有所作为。,49,4.489795918367347,1.24369156444956,5
446,exp2,113,作为,名词。可以做的事。,大有作为。,49,4.673469387755102,1.3131983079178742,5
447,exp2,114,作为,动词。当作。,我把游泳作为锻炼身体的方法。,49,3.5714285714285716,1.136515141415488,3
448,exp2,115,作为,介词。就人的某种身份或事物的某种性质来说。,作为一个共产党员，要全心全意为人民服务。,50,3.56,1.264265536562148,3
449,exp2,116,作法,动词。旧时指道士施行法术。,看见一群人在烧香拜龙，作法求雨。,50,5.12,1.3192453006417366,5
450,exp2,117,作法,名词。作文的方法。,文章作法。,49,6.285714285714286,1.0206207261596574,7
451,exp2,118,作法,名词。做法。,他到如今还未曾学会豆腐的作法。,49,4.244897959183674,1.3467648310689144,4
452,exp2,119,作难,动词。为难。,从中作难。,50,6.02,1.1864885595912067,6
453,exp2,120,作难,动词。〈书面语〉发动叛乱；起事。,历史上，许多英雄人物都是通过作难来推动社会进步和变革的。,49,6.510204081632653,0.9600878644598076,7
454,exp2,121,使得,动词。可以使用。,这支笔使得使不得？,49,4.653061224489796,1.3315251344505177,5
455,exp2,122,使得,动词。能行；可以。,这个主意倒使得。,49,4.918367346938775,1.483755576988642,5
456,exp2,123,使得,动词。（意图、计划、事物）引起一定的结果。,科学种田使得粮食产量有了大幅度提高。,49,4.122448979591836,1.2850527398584417,4
457,exp2,124,供养,动词。供给生活所需；赡养或抚养。,父母把你供养这么大不容易。,49,4.816326530612245,1.166788137505318,5
458,exp2,125,供养,动词。用供品祭祀（神佛和祖先）。,寺庙里的和尚们每天都会精心准备供品，供养神佛，以表达虔诚的信仰和感激之情。,50,5.34,1.255355872789441,5.5
459,exp2,126,倒仓,动词。把仓里的粮食全取出来，晾晒之后，再装进去。,今年秋天，我们要对粮仓进行倒仓，确保粮食干燥不霉变。,50,6.46,1.128661840863068,7
460,exp2,127,倒仓,动词。把一个仓里的粮食转到另一个仓里去。,为了便于管理，他们把旧仓库的粮食全部倒仓到新仓库。,50,6.56,1.1633870326572766,7
461,exp2,128,倒仓,动词。指戏曲演员在青春期发育时嗓音变低或变哑。,演员的倒仓变嗓时期是一个关口，倒不过来，往往一蹶不振。,50,6.86,0.4522054797526977,7
462,exp2,129,倒数,动词。逆着次序数；从后向前数。,倒数第一名。,50,3.32,1.1328130058056578,3
463,exp2,130,倒数,名词。如果两个数的积是，其中一个数就叫作另一个数的倒数。如2的倒数是1/2，1/5的倒数是5。,他始终学不会倒数相关的题目。,49,5.183673469387755,1.252887820659321,5
464,exp2,131,倒车,动词。中途换乘别的车。,这趟车可以直达北京，不用倒车。,49,4.6938775510204085,1.7935542184985314,5
465,exp2,132,倒车,动词。使车向后退。,倒车时一定要注意车后有没有行人。,50,3.24,1.098421873528062,3
466,exp2,133,倒转,动词。倒过来；反过来。,倒转来说，道理也是一样。,50,4.74,1.367404811446613,5
467,exp2,134,倒转,动词。倒着转动。,历史的车轮不会倒转。,50,4.42,1.4858516420022616,4
468,exp2,135,倾倒,动词。由歪斜而倒下。,大厦倾倒，底下的人无处可逃。,49,4.653061224489796,1.3624582624824886,5
469,exp2,136,倾倒,动词。形容十分佩服或爱慕。,他的演技，令全场观众为之倾倒。,49,5.204081632653061,1.1361409800419195,5
470,exp2,137,倾倒,动词。倒转或倾斜容器使里面的东西全部出来。,他猛一使劲儿就把一车土都倾倒到沟里了。,49,4.26530612244898,1.3960585918351471,4
471,exp2,138,做功,名词。戏曲中演员的动作和表情。,她做功大方稳重，眼神尤佳。,49,6.816326530612245,0.5273151092940498,7
472,exp2,139,做功,动词。物理学上指用力使物体朝着与作用力相同的方向运动。,当弹簧被压缩或拉伸后释放，它会恢复原状并对与之相连的物体做功，这个过程中，弹簧的弹力对物体做了功。,49,6.530612244897959,0.7665409539050115,7
473,exp2,140,做工,动词。从事体力劳动（多指工业或手工业劳动）。,她在纺纱厂做工。,50,4.98,1.4355543620952196,5
474,exp2,141,做工,名词。指制作的技术或质量。,这件衣服做工很细。,49,4.714285714285714,1.224744871391589,5
475,exp2,142,公差,名词。等差级数中任意一项与它的前一项的差永远相等，这一相等的差叫作公差。,通过计算公差，我们可以轻松地找出等差数列中任意一项的数值。,50,6.5,0.8144110179279557,7
476,exp2,143,公差,名词。机器制造业中，对加工的机械或零件的尺寸许可的误差。,在机器制造业中，公差是确保零件互换性和装配精度的关键参数。,49,6.63265306122449,0.7824607964359518,7
477,exp2,144,公差,名词。临时派遣去做的公务。,出公差。,50,5.6,1.3552618543578774,6
478,exp2,145,公差,名词。旧时在衙门里当差的人。,公差们奉命前往抓捕逃犯，他们手持令牌，威风凛凛地穿梭在街巷之间。,49,5.918367346938775,1.272083833287557,6
479,exp2,146,公道,名词。公正的道理。,公道自在人心。,50,4.58,1.1967643452071854,5
480,exp2,147,公道,形容词。公平；合理。,说句公道话。,50,4.5,1.1823532398033465,5
481,exp2,148,农家,名词。从事农业生产的人家。,农家生活。,50,4.32,1.3005493344846912,4
482,exp2,149,农家,名词。先秦时期反映农业生产和农民思想的学术派别。著作目录见于《汉书艺文志》，多已失传。,农家在先秦时期对于农业生产的研究有着独特的见解。,50,6.14,1.245563555756418,7
483,exp2,150,冲顶,动词。足球比赛中运动员向前跃起用头顶球。,下半时，9号孙贤禄一个头球冲顶，一个门前单骑入关，又为辽军拿下两球。,49,6.510204081632653,0.981547438563038,7
484,exp2,151,冲顶,动词。登山中临近顶峰时奋力攀登。,最终他虽没能冲顶成功，但距山头只有咫尺之遥。,49,5.959183673469388,1.1172731625381018,6
485,exp2,152,冷面,形容词。形容不讲私情或神情冷傲。,冷面包公。,49,5.6938775510204085,1.140250002423684,6
486,exp2,153,冷面,名词。朝鲜族的一种传统食品，用荞麦面或小麦面等加入淀粉、水拌匀，压成圆面条儿，煮熟后浸在冷水中，捞出后拌牛肉片、辣椒、泡菜等作料，加入牛肉汤做成。,冷面以其独特的制作工艺和风味，吸引了众多食客前来品尝。,50,5.28,1.4291427429028345,6
487,exp2,154,几何,代词。〈书面语〉疑问代词。多少。,价值几何？,49,5.755102040816326,1.233737753145868,6
488,exp2,155,几何,名词。几何学。,你怎么把几何课本的包书纸去掉了呢？,49,5.244897959183674,1.2337377531458682,5
489,exp2,156,出典,名词。典故的来源；出处。,“守株待兔”这个成语的出典见《韩非子五蠹》。,50,6.04,1.2447440520452553,7
490,exp2,157,出典,动词。指一方把土地、房屋等押给另一方使用，换取一笔钱，不付利息，议定年限，到期还款，收回原物。,我已经将你出典了。,50,6.68,0.8437041748704798,7
491,exp2,158,出师,动词。（徒弟）期满学成。,学徒三年出师。,50,5.22,1.233710183279092,5
492,exp2,159,出师,动词。〈书面语〉出兵打仗。,出师讨伐。,50,5.72,1.0309496315810698,6
493,exp2,160,出来,动词。从里面到外面来。,你出来，我跟你说句话。,50,2.38,1.027976018143201,2
494,exp2,161,出来,动词。出现。,经过讨论，出来两种相反的意见。,50,3.34,1.2874591334905208,3
495,exp2,162,出来,动词；趋向动词。用在动词后，表示动作由里向外朝着说话的人。,拿出来。,49,2.5510204081632653,1.1736911946539272,2
496,exp2,163,出来,动词；趋向动词。用在动词后，表示动作完成或实现。,写出来。,50,2.8,1.2453996981544782,3
497,exp2,164,出来,动词；趋向动词。用在动词后，表示由隐蔽到显露。,看出来。,50,3.14,1.1953993440841155,3
498,exp2,165,出槽,动词。出栏。,农民们根据传统经验，判断这批猪已经长得足够大，该出槽了。,49,6.224489795918367,1.2626906806902627,7
499,exp2,166,出槽,动词。（河、湖等）水漫到岸上。,雨季来临，河堤出槽淹没了附近的村庄。,50,6.64,0.7761758689832071,7
500,exp2,167,分别,动词。离别。,暂时分别，不久就能见面。,50,3.92,1.1577599765345603,4
501,exp2,168,分别,动词。辨别。,分别轻重缓急。,49,4.918367346938775,1.4696475582867583,5
502,exp2,169,分别,副词。按不同方式；有区别地。,分别对待。,49,4.020408163265306,1.3305668578712255,4
503,exp2,170,分别,副词。分头；各自。,几个人分别去做动员工作。,49,3.5306122448979593,1.2599940611025142,3
504,exp2,171,分别,名词。不同；差别。,看不出有什么分别。,49,3.8979591836734695,1.3267268300719075,4
505,exp2,172,分号,名词。标点符号（；），表示一句话中间并列分句之间的停顿。,分号用在语气似完而未完的地方。,49,4.204081632653061,0.8892785427134814,4
506,exp2,173,分号,名词。分店。,本店只此一家，别无分号。,49,5.979591836734694,1.2498299204019614,7
507,exp2,174,分头,副词。若干人分几个方面（进行工作）。,大家分头去准备。,49,3.816326530612245,1.2019683403303365,4
508,exp2,175,分头,名词。短头发向两边分开梳的式样。,他留着短分头，穿着黄色卡叽布学生制服。,50,5.3,1.5286381827880495,6
509,exp2,176,分数,名词。评定成绩或胜负时所记的分儿的数字。,三门功课的平均分数是87分。,50,3.28,0.6712765785411845,3
510,exp2,177,分数,名词。把一个单位分成若干等份，表示其中的一份或几份的数，是除法的一种书写形式，如2/5（读作五分之二），23/7（读作二又七分之三）。,分子比分母小的分数是做真分数。,49,5.020408163265306,1.0895296370140524,5
511,exp2,178,切口,名词。书页裁切后各边留下的空白处。,他喜欢在书本的切口处做笔记。,49,5.918367346938775,1.2219645162244133,6
512,exp2,179,切口,名词。书刊装订时上边、下边和侧面裁切处叫切口，上边的叫上切口，下边的叫下切口，侧面的叫外切口。,在修复一本珍贵的古籍时，修复师会小心翼翼地处理每一个切口。,50,5.94,1.3910794516548386,7
513,exp2,180,切口,名词。做手术时在皮肤上拉的口子。,术后切口愈合良好。,50,4.9,1.359021256460032,5
514,exp2,181,切口,名词。帮会或某些行业中的暗语。,江湖上的老手们常用切口交流。,50,6.78,0.7365113574085852,7
515,exp2,182,切面,名词。切成的面条儿。,妈妈的手艺真好，切面又细又均匀。,50,5,1.6288220358559111,5
516,exp2,183,切面,名词。剖面。,从社会学的切面来看，这个问题涉及到了多个社会阶层的利益。,50,6.02,1.1337134216586566,6
517,exp2,184,切面,名词。和球面只有一个交点的平面叫作球的切面；只包含圆柱、圆锥的一条母线的平面叫作圆柱或圆锥的切面。,圆柱体的水平切面是一个矩形。,50,6.04,0.92493794607078,6
518,exp2,185,别子,名词。古代指天子、诸侯的嫡长子以外的儿子。,别子虽然不是嫡长子，也要为家族的传承和延续做出贡献。,50,6.84,0.509501557146486,7
519,exp2,186,别子,名词。线装书的套子上或字画手卷上用来别住开口的东西，多用骨头制成。,传统的字画手卷通常配有一个精致的骨别子，用于固定手卷的开口，以防止画卷散开。,49,6.530612244897959,1.002123595511189,7
520,exp2,187,别子,名词。烟袋荷包的坠饰。,那位老人手中的烟袋上挂着一个玉制的别子，它随着老人的步伐轻轻摇晃，散发出一种古朴而典雅的气息。,49,6.510204081632653,1.043281061914603,7
521,exp2,188,劈刀,名词。刀背较厚的刀，用来劈竹子、木头等。,看着前面一人多高的荆棘，爷爷举起劈刀向荆棘野草砍去。,50,5.5,1.5419309389230644,6
522,exp2,189,劈刀,名词。用军刀劈杀的技术。,为了掌握劈刀，士兵们日复一日地进行训练。,49,5.612244897959184,1.3966675596249962,6
523,exp2,190,加封,动词。贴上封条。,今年春节放假七天，各办公室都已加封。,50,6.18,1.155112857813346,7
524,exp2,191,加封,动词。封建时代指在原有的基础上再封给（名位、土地等）。,这是她要受单于加封，晋单于祖庙的前一天的傍晚。,49,6.163265306122449,1.2804123485475,7
525,exp2,192,包金,动词。把极薄的金箔包在金属首饰外面。,包金项链。,50,6.32,1.096190062471479,7
526,exp2,193,包金,名词。包银。,这次演出的包金数额经过协商最终确定了下来。,50,6.88,0.4351870346207949,7
527,exp2,194,千斤,数量词。多形容责任重。,千斤重担。,49,4.653061224489796,1.4075839289388048,5
528,exp2,195,千斤,名词。千斤顶的简称。,工程师们利用千斤顶的原理，设计出了能够承载重物的大型起重设备，为建筑工地的施工提供了便利。,50,5.7,1.4463183379511846,6
529,exp2,196,千斤,名词。机器中防止齿轮倒转的装置，由安置在轴上的有齿零件和弹簧等组成。,这台机器的千斤装置非常有效，能够确保齿轮在运转过程中不会倒转。,49,6.285714285714286,1.0606601717798212,7
530,exp2,197,华胄,名词。〈书面语〉贵族的后裔。,衣冠华胄。,50,6.78,0.5454823740581934,7
531,exp2,198,华胄,名词。〈书面语〉华夏的后裔。,啊！四千年华胄的名花呀！你有高超的历史，你有逸雅的风俗！,49,6.775510204081633,0.6851187890446743,7
532,exp2,199,单方,形容词；属性词。单方面的。,他们竟然单方撕毁了合约。,49,5.285714285714286,1.338531533684084,6
533,exp2,200,单方,名词。民间流传的药方。也作丹方。,你试试这个单方，也许管用。,50,6.3,1.1994896874104763,7
534,exp2,201,印花,动词。将有色花纹或图案印到纺织品等上面。,这件衬衫的布是通过印花制成的，图案栩栩如生。,49,4.979591836734694,1.3148161455498788,5
535,exp2,202,印花,名词。由政府有关部门发售，规定贴在契约、凭证等上面，作为税款的一种特制印刷品。全称印花税票。,这种印花比普通的邮票稍微大一点，当中一颗红心，两边各四个字：“万众一心”和“勿忘国耻”。,49,5.959183673469388,1.3063815112979915,6
536,exp2,203,卷子,名词。一种面食，和面制成薄片，一面涂上油盐等，再卷起蒸熟。,只一会工夫，许多卷子、烙饼、煮鸡蛋、咸鸭蛋，塞满了队员们的手里。,50,5.84,1.5696093365508998,7
537,exp2,204,卷子,名词。考试写答案的薄本子或单页纸；试卷。,改卷子。,50,3.38,0.8053393251117373,3
538,exp2,205,卷子,名词。指可以卷起来的古抄本。,敦煌卷子。,49,5.8979591836734695,1.38811769972842,7
539,exp2,206,压制,动词。竭力限制或制止；抑制。,压制不住自己的愤怒。,49,4.775510204081633,1.1042589166957355,5
540,exp2,207,压制,动词。用压的方法制造。,压制砖坯。,50,5.58,1.3261883388885911,6
541,exp2,208,去势,动词。阉割（多指对男人或雄性动物）。,现在你已经是变成了中性——半去势的文人了。,49,6.673469387755102,0.8263311256703942,7
542,exp2,209,去势,名词。动作或事情在终了时的气势。,来头大，去势小。,50,6.18,1.155112857813346,7
543,exp2,210,参拍,动词。（物品）参加拍卖。,一批在海外收藏多年的瓷器近日回国参拍。,50,6.26,1.0460811222298751,7
544,exp2,211,参拍,动词。参加拍摄（影视片等）。,这部影片有多名影星参拍。,49,5.857142857142857,1.3693063937629153,6
545,exp2,212,反正,动词。指重新归于正道。,拨乱反正。,50,5.74,1.225744255377865,6
546,exp2,213,反正,动词。敌方的军队或人员投到己方。,敌方将领看到大势已去，决定率领手下反正，向我们投降。,50,6.16,1.461897006338975,7
547,exp2,214,反正,副词。表示情况虽然不同而结果并无区别。,反正去不去都是一样。,50,3.18,0.9623525596056742,3
548,exp2,215,反正,副词。表示坚决肯定的语气。,你别着急，反正不是什么要紧的大事。,50,2.94,1.1501552690211625,3
549,exp2,216,发蒙,动词。〈口语〉犯糊涂；弄不清楚。,一人一个说法，听得我直发蒙。,50,4.36,1.1738650619528077,4
550,exp2,217,发蒙,动词。旧时指教少年、儿童开始识字读书。,发蒙读物。,49,6.163265306122449,1.3439205515876271,7
551,exp2,218,发送,动词。发出；送出。,发送文件。,50,3.58,1.031938931906183,3.5
552,exp2,219,发送,动词。办丧事，特指殡葬。,我已经发送了一个姑爷，还得再给亲家母打幡儿吗？,49,6.489795918367347,1.3089825721336632,7
553,exp2,220,受用,动词。享用；得益。,学会这种本领，一辈子受用不尽。,50,5.42,1.0707616972253435,6
554,exp2,221,受用,形容词。身心舒服（多用于否定式）。,听了这番话，他心里很不受用。,49,5.714285714285714,1.0992421631894098,6
555,exp2,222,受累,动词。受到拖累或连累。,一人出事，全家受累。,49,4.755102040816326,1.216734226062022,5
556,exp2,223,受累,动词。受到劳累；消耗精神气力（也常用作客气话）。,这么远来看我，让您受累了。,49,4.938775510204081,1.1620413658964222,5
557,exp2,224,口子,名词。（山谷、水道等）大的豁口。,山谷的口子上有一座选矿厂。,50,4.74,1.8273433375995296,5
558,exp2,225,口子,名词。（人体、物体的表层）破裂的地方。,不小心手上拉了一个口子。,49,3.2244897959183674,1.2460822960123357,3
559,exp2,226,口子,量词。〈口语〉用于人。,你们家有几口子？,50,4.18,1.4803474495633009,4
560,exp2,227,口子,量词。〈口语〉跟“那、这”连用，称说自己或别人的配偶。,我们家那口子整天都很忙。,50,4.78,1.568698927943349,5
561,exp2,228,口服,动词。口头上表示信服。,口服心不服。,49,4.63265306122449,1.2860449310291806,5
562,exp2,229,口服,动词。内服。,口服药。,49,3.653061224489796,1.1465713455080482,4
563,exp2,230,口轻,形容词。菜或汤的味儿不咸。,我喜欢吃口轻的，请你少放点儿盐。,49,5.857142857142857,1.5811388300841898,7
564,exp2,231,口轻,形容词。指人爱吃味道淡一些的饮食。,他口轻，不喜欢吃太咸的东西。,50,5.82,1.2566557497856712,6
565,exp2,232,口轻,形容词。（驴、马等）年龄小。,口轻的骡子。,49,6.591836734693878,1.0785477764672495,7
566,exp2,233,合体,形容词。合身。,雪白的工作服很合体。,50,4.94,1.3614218257965098,5
567,exp2,234,合体,名词。汉字按结构可分独体、合体。合体是由两个或更多的独体合成的，如“解”由“角、刀、牛”合成，“横”由“木”和“黄”合成。,合体字在汉字结构上更常指上下、左右等结构的字。,50,5.1,1.6690459207925603,5
568,exp2,235,合口,动词。疮口或伤口长好。,啊呀，这儿还没有合口，不能动。,50,5.66,1.506584188941111,6
569,exp2,236,合口,形容词。适合口味。,味道合口。,49,4.36734693877551,1.5902551885234806,4
570,exp2,237,合子,名词。生物体进行有性繁殖时，雌性和雄性生殖细胞互相融合形成的一个新细胞。合子逐渐发育，成为新的生物体。,在生命诞生的奇妙过程中，雌性和雄性生殖细胞相互融合，形成了一个全新的合子，开启了新生命的旅程。,50,6.82,0.6605501726683933,7
571,exp2,238,合子,名词。类似馅儿饼的一种食品。,奶奶的手艺真是好，她做的家常合子，皮薄馅足，总是让人回味无穷。,49,5.73469387755102,1.7293485069538188,7
572,exp2,239,合计,动词。合在一起计算。,两处合计六十人。,49,4.3061224489795915,1.2111303541295122,4
573,exp2,240,合计,动词。盘算。,他心里老合计这件事。,49,4.836734693877551,1.3125506145083543,5
574,exp2,241,合计,动词。商量。,大家合计合计这事该怎么办。,50,4.6,1.2936264483053457,4
575,exp2,242,同房,动词。在同一房间住宿。,同房的姓梁，是基督教徒。,49,5.775510204081633,1.2626906806902631,6
576,exp2,243,同房,动词。婉辞，指夫妻过性生活。,七七是一个童养媳，有十五岁了，只等稍稍有几个钱时就要开脸同得禄同房。,49,6.326530612244898,1.0285052888788186,7
577,exp2,244,同房,形容词；属性词。指家族中同一支的。,同房兄弟。,49,6.244897959183674,1.1092529814567766,7
578,exp2,245,同行,动词。行业相同。,他俩同行，都是学医的。,49,4.938775510204081,1.2146358038747342,5
579,exp2,246,同行,名词。同行业的人。,路上碰到一个同行，聊了几句。,49,5.040816326530612,1.1895234282663614,5
580,exp2,247,同行,动词。一起行路。,跟他同行的还有两个同学。,50,4.14,1.1067510827569464,4
581,exp2,248,名优,名词。名伶。,一代名优。,49,6.775510204081633,0.7709654694615322,7
582,exp2,249,名优,形容词；属性词。有名的，高质量的（商品）。,名优产品。,49,6.653061224489796,0.8049591192560457,7
583,exp2,250,名家,名词。先秦时期以辩论“名”（概念）“实”（事实）关系问题为中心的一个思想派别，以惠施、公孙龙为代表，名家的特点是用比较严格的推理形式来辩论问题，但有时流于诡辩。它对我国古代逻辑学的发展有一定贡献。,在先秦时期，名家以其独特的思想视角和深邃的哲学思考独树一帜，尤以惠施与公孙龙为代表。,50,6.5,0.8630747123996123,7
584,exp2,251,名家,名词。在某种学术或技能方面有特殊贡献的著名人物。,请名家写一篇书评比登天还难。,49,5.326530612244898,1.2142857142857149,5
585,exp2,252,后天,名词；时间词。明天的明天。,明天拟往东城探听船期，晚则幼渔邀我夜饭；后天往北大讲演。,49,2.5306122448979593,1.1565401134476947,2
586,exp2,253,后天,名词。人或动物离开母体后单独生活和成长的时期（跟“先天”相对）。,先天不足，后天失调。,49,5.163265306122449,1.1962953017460165,5
587,exp2,254,吐气,动词。发泄出积在胸中的委屈或怨恨而感到痛快。,扬眉吐气。,50,4.66,1.2715088257175218,5
588,exp2,255,吐气,动词。语音学上指送气。,吐气音在多种语言中都有出现，不仅限于普通话。,50,4.6,1.8070158058105028,4
589,exp2,256,吧唧,拟声词。形容脚掌拍打泥泞地面等的声音。,他光着脚在雨地里吧唧吧唧地走。,49,3.4693877551020407,1.4591955662899587,3
590,exp2,257,吧唧,动词。嘴唇开合作声。,祥子本不吸烟，这次好似不能拒绝，拿了支烟放在唇间吧唧着。,50,3.46,1.5676578135575905,3
591,exp2,258,吧嗒,拟声词。形容物体轻微撞击或液体滴落等声音。,吧嗒一声，闸门关上了。,50,3.6,1.52529689314733,3
592,exp2,259,吧嗒,动词。嘴唇开合作声。,他吧嗒了两下嘴，一声也不言语。,49,3.836734693877551,1.748176892931488,4
593,exp2,260,呱呱,拟声词。〈书面语〉形容小儿哭声。,呱呱而泣。,49,4.081632653061225,1.823877904971958,4
594,exp2,261,呱呱,拟声词。形容鸭子、青蛙等的响亮的叫声。,夜晚的池塘边，青蛙们呱呱地叫着，像是在举行一场盛大的音乐会。,49,2.3877551020408165,1.2216165268919337,2
595,exp2,262,呼号,动词。因极端悲伤而哭叫；因处于困境需要援助而叫喊。,在灾难现场，失去亲人的孤儿呼号着寻找母亲，那悲切的声音让在场的人无不动容。,50,5.48,1.313042890637264,6
596,exp2,263,呼号,名词。无线电通信中使用的各种代号，有时专指广播电台的名称的字母代号。,无线电爱好者必须熟记自己的呼号，以确保在通讯时能够正确识别自己和其他通讯者的身份。,50,6.38,1.0669429914193052,7
597,exp2,264,呼号,名词。某些组织专用的口号，如中国少年先锋队的呼号是：“准备着，为共产主义事业而奋斗！”,他们给自己班级想了条呼号。,49,5.673469387755102,1.2313230537048494,6
598,exp2,265,呼噜,拟声词。形容打鼾或吸食流质食物等发出的声音。,他气管炎犯了，嗓子里呼噜呼噜老响。,50,3.08,1.2910998317365718,3
599,exp2,266,呼噜,名词。〈口语〉睡着时由于呼吸受阻而发出的粗重的呼吸声；鼾声。,打呼噜。,50,2.76,1.2047524938461718,2.5
600,exp2,267,命题,动词。出题目。,统一命题。,50,4.74,0.985817799947778,5
601,exp2,268,命题,名词。逻辑学指表达判断的语言形式，由系词把主词和宾词联系而成。,哲学是人类永恒的命题。,49,5.918367346938775,1.272083833287557,6
602,exp2,269,咕叽,拟声词。形容水受压力而向外排出的声音。,他在雨地里走着，脚底下咕叽咕叽地直响。,49,4.1020408163265305,1.9604941762132289,4
603,exp2,270,咕叽,动词。小声交谈或自言自语。,他们俩交头接耳地咕叽了半天。,49,4.510204081632653,1.6598500055174643,4
604,exp2,271,咕噜,拟声词。形容水流动或东西滚动的声音。,他端起一杯水咕噜一口就喝完了。,49,2.836734693877551,1.3593340706560173,3
605,exp2,272,咕噜,动词。咕哝。,他在睡梦中咕噜着一些听不清的话，似乎在做着一个美好的梦。,50,4.02,1.6224194580807962,4
606,exp2,273,哈喇,形容词。〈口语〉食油或含油食物日久味道变坏。,点心哈喇了，不能吃了。,49,5.387755102040816,1.8463514306442792,6
607,exp2,274,哈喇,动词。杀死（多见于早期白话）。,不如只一刀哈喇了他。,50,6.66,0.8715456595811228,7
608,exp2,275,哑然,形容词。〈书面语〉形容寂静。,全场哑然。,49,5.387755102040816,1.2880270204627606,6
609,exp2,276,哑然,形容词。〈书面语〉形容惊异得说不出话来。,哑然失惊。,49,5.979591836734694,1.0702374331265498,6
610,exp2,277,哑然,形容词。〈书面语〉形容笑声。,哑然失笑。,50,5.88,1.0999072317097232,6
611,exp2,278,唱名,动词。高声点名。,投完票，过一会就唱名计票。,50,5.88,1.3648652471424214,6
612,exp2,279,唱名,名词。指唱歌时所用的do、re、mi、fa、sol、la、si（或ti）七个固定音节。,在音乐课上，老师教导我们如何使用唱名来准确地唱出旋律。,50,5.74,1.626439707597235,7
613,exp2,280,喁喁,形容词。〈书面语〉形容众人景仰归向的样子。,大家喁喁地盼望着开仓。,50,6.76,0.5910903104450632,7
614,exp2,281,喁喁,动词。〈书面语〉随声附和。,在会议上，一些人喁喁着领导的观点，缺乏独立的思考和见解。,49,6.836734693877551,0.6240639248610078,7
615,exp2,282,喁喁,拟声词。〈书面语〉形容说话的声音（多用于小声说话）。,喁喁私语。,49,6.6938775510204085,0.7959292690688945,7
616,exp2,283,喳喳,拟声词。形容小声说话的声音。,嘁嘁喳喳。,50,3.42,1.5919440047582434,3
617,exp2,284,喳喳,动词。小声说话。,他在老伴儿的耳边喳喳了两句。,49,3.979591836734694,1.713789610755058,4
618,exp2,285,四体,名词。〈书面语〉指人的四肢。,四体不勤，五谷不分。,50,5.82,1.6123249786363458,7
619,exp2,286,四体,名词。汉字的四种主要字体，即楷、草、隶、篆。,学习书法，需从四体入手，掌握其各自的特点与精髓，方能融会贯通，自成一家。,50,6.52,0.8861749953869046,7
620,exp2,287,四方,名词。东、南、西、北，泛指各处。,奔走四方。,49,4.204081632653061,1.172241297627731,4
621,exp2,288,四方,形容词；属性词。正方形或立方体的。,四方的木头匣子。,50,4.28,1.6786778081792435,4
622,exp2,289,回去,动词。从别处到原来的地方去。,离开家乡十年，一次也没回去过。,50,2.34,1.0421719862765415,2
623,exp2,290,回去,动词；趋向动词。用在动词后，表示到原来的地方去。,跑回去。,49,2.346938775510204,1.1998440941806297,2
624,exp2,291,回来,动词。从别处到原来的地方来。,他刚从外地回来。,50,2.58,0.9055385138137416,2.5
625,exp2,292,回来,动词；趋向动词。用在动词后，表示到原来的地方来。,跑回来。,49,2.346938775510204,1.1096362093077183,2
626,exp2,293,回生,动词。死后再活过来。,起死回生。,49,4.673469387755102,1.3289681947228966,5
627,exp2,294,回生,动词。对前一阶段已经学会的东西又感到生疏。,几天不练琴，手指就回生。,50,6.02,1.1155670288774076,6
628,exp2,295,国故,名词。我国固有的文化（多指语言文字、文学、历史等）。,什么保存国故，什么振兴道德，什么维持公理，什么整顿学风…心里可真是这样想？,49,6.8979591836734695,0.30583887092059847,7
629,exp2,296,国故,名词。〈书面语〉国家遭受的灾荒、瘟疫、战争等重大变故。,那段动荡的岁月被视为国家发展历程中的一段惨痛国故。,50,6.86,0.4045657788144653,7
630,exp2,297,土方,名词。土方工程的工作量通常都用立方米计算，一立方米称为一个土方。,要从上滩中间斜着往村边开，最深处只是一丈，并且距离也短，能省好多土方。,50,6.22,1.2981934071812955,7
631,exp2,298,土方,名词。土方工程的简称。,借口说自己包的土方完工了，来和嫂子拉拉家常。,50,6.74,0.6642473107178672,7
632,exp2,299,土方,名词。民间流传的、不见于医药专门著作的药方。,石得富怕土方子越弄越坏，叫她们问队伍上的同志。,49,4.714285714285714,1.322875655532295,5
633,exp2,300,地下,名词。地面之下；地层内部。,地下商场。,49,3.0816326530612246,1.23889626102359,3
634,exp2,301,地下,形容词；属性词。秘密活动的；不公开的。,地下工作。,49,4.795918367346939,1.207262603246402,5
635,exp2,302,地下,名词。地面上。,钢笔掉在地下。,49,2.6122448979591835,1.1693361102674926,3
636,exp2,303,地头,名词。田地的两端。,请大家在地头休息一会儿。,49,5.326530612244898,1.700340102034012,5
637,exp2,304,地头,名词。书页下端的空白处。,这书地头太窄了。,50,6.32,1.3915195042155344,7
638,exp2,305,地道,名词。在地面下掘成的交通坑道（多用于军事）。,地道战。,50,4.62,1.210329690284293,4
639,exp2,306,地道,形容词。真正是有名产地出产的。,地道药材。,50,4.9,1.3739560044050962,5
640,exp2,307,地道,形容词。真正的；纯粹。,她的普通话说得真地道。,50,4.5,1.2817398889233114,4
641,exp2,308,地道,形容词。（工作或材料的质量）实在；够标准。,他干的活儿真地道。,49,4.979591836734694,1.2988744473319864,5
642,exp2,309,坠子,名词。〈口语〉坠，特指耳坠子。,她烫了发，抹了胭脂口红，耳朵下垂着水钻坠子。,50,5.38,1.4412296337304673,6
643,exp2,310,坠子,名词。坠琴。,只要咱喉咙不坏，带一个坠子，哪儿的饭不好吃啊？,49,6.428571428571429,1.040832999733066,7
644,exp2,311,坠子,名词。流行于河南的一种曲艺，因主要伴奏乐器是坠琴而得名。通称河南坠子。,"吴有又告诉他…赵瞎子串乡说坠子了，”金蛤蟆""主演《铡美案》的戏报也贴到县城十字街了。",49,6.510204081632653,1.082482659206601,7
645,exp2,312,垛口,名词。城墙上呈凹凸形的短墙。,看飞奔的列车，已驶过古长城的垛口。,49,6.469387755102041,1.1565401134476945,7
646,exp2,313,垛口,动词。指曲艺演员将好几句押韵的唱词一句紧接一句地唱出来。,他在表演中垛口唱出了整段戏曲，赢得了观众的阵阵掌声。,50,6.74,0.7230886134196434,7
647,exp2,314,垛子,名词。墙上向外或向上突出的部分。,门垛子。,50,5.88,1.4234192808092745,6
648,exp2,315,垛子,名词。整齐地堆成的堆。,麦秸垛子。,50,5.22,1.446882644776383,5
649,exp2,316,垫圈,动词。给牲畜的圈铺垫干土、碎草等。,除了放猪，还得喂鸡、喂狗、扫院子、垫圈。,49,6.244897959183674,1.199489687410476,7
650,exp2,317,垫圈,名词。垫在被连接件与螺母之间的零件，一般为扁平形的金属环。,为了防止水管漏水，工人们在接口处安装了新的垫圈。,49,6.3061224489795915,1.1583767671590612,7
651,exp2,318,填房,动词。指女子嫁给死了妻子的人。,没有”父母之命媒妁之言”，便毫无办法。而且过了二十，嫁出去也只能给人家”填房”。,49,6.714285714285714,0.7905694150420947,7
652,exp2,319,填房,名词。指前妻死后续娶的妻子。,做填房如果遇见前妻的子女好倒也罢了。,50,6.62,0.8302937763840226,7
653,exp2,320,外带,名词。外胎的通称。,这辆摩托车的外带磨损严重，需要及时更换。,49,6.183673469387755,1.285714285714285,7
654,exp2,321,外带,动词。又加上；外加。,她要洗衣、做饭，外带照顾老人，没有时间干别的事了。,49,4.877551020408164,1.129761277535076,5
655,exp2,322,外心,名词。由于爱上了别人而产生的对自己的配偶不忠诚的念头，旧时也指臣子勾结外国的念头。,“他从今年开春起，就跟我要打离婚。”…”他是不是有外心啦？”金丝瞅着她问。,49,6.244897959183674,1.0313949341566893,7
656,exp2,323,外心,名词。三角形三条边的垂直平分线相交于一点，这个点叫作三角形的外心。外心也是三角形外接圆的圆心。,在几何学中，三角形的外心是一个重要的概念，它是三角形三边的垂直平分线的交点，也是三角形外接圆的圆心。,50,6.36,0.7216760537322909,6.5
657,exp2,324,外道,名词。佛教称其他宗教和学说为外道。,在佛教盛行的时期，许多外道也逐渐融入了佛教的文化和哲学体系中。,49,6.6938775510204085,0.6520506636966263,7
658,exp2,325,外道,形容词。指礼节过于客套周到反而显得疏远；见外。,你再谦让，就显得外道了。,49,6.326530612244898,1.106566670344977,7
659,exp2,326,多少,名词。指数量的大小。,多少不等，长短不齐。,49,2.8979591836734695,1.5444105936028325,3
660,exp2,327,多少,副词。或多或少。,这句话多少有点儿道理。,49,3.63265306122449,1.2195265056402766,4
661,exp2,328,多少,副词。稍微。,一立秋，天气多少有点儿凉意了。,50,3.3,1.3887301496588271,3
662,exp2,329,多少,代词；疑问代词。问数量。,这个村子有多少人家？,50,2.36,0.8514093957572194,2
663,exp2,330,多少,代词；疑问代词。表示不定的数量。,我知道多少说多少。,50,2.7,1.0350983390135315,3
664,exp2,331,大举,名词。〈书面语〉重大的举动。,共商大举。,50,6.24,0.9595917499283808,7
665,exp2,332,大举,副词。大规模地进行（多用于军事行动）。,大举进攻。,50,5.42,1.031938931906183,5
666,exp2,333,大事,名词。重大的或重要的事情。,国家大事。,50,3.18,1.100834562817628,3
667,exp2,334,大事,副词。大力从事。,大事渲染。,50,5.96,1.3844618788097962,7
668,exp2,335,大作,名词。敬辞，称对方的著作。,拜读大作。,49,5.387755102040816,1.2552610374375694,6
669,exp2,336,大作,动词。猛烈发作或发生。,狂风大作。,50,4.68,1.1506874608915587,5
670,exp2,337,大号,名词。尊称他人的名字。,从上小学那天起他就只准别人(包括他的妈妈在内)叫他的大号：朱汉明。,50,5.92,1.6015298808276015,7
671,exp2,338,大号,形容词；属性词。型号较大的。,大号皮鞋。,50,3.68,1.3915195042155344,3
672,exp2,339,大号,名词。管乐器，装有四个或五个活塞。吹奏时声音低沉雄浑。,他今天要去参加大号演奏比赛。,50,4.86,1.2455635557564178,5
673,exp2,340,大大,副词。强调数量很大或程度很深。,费用大大超过了预算。,49,3.795918367346939,1.2579678029255277,4
674,exp2,341,大大,名词。〈口语〉伯父。,她听到大大去世的消息，不禁潸然泪下。,50,4.42,2.195449840010015,4
675,exp2,342,大大,名词。〈口语〉尊称年长的男子（一般指年纪大于父亲的）。,小时候，我常常去大大家里玩，他总会给我讲很多有趣的故事。,49,4.73469387755102,2.1386864173685525,4
676,exp2,343,大方,名词。〈书面语〉指专家学者；内行人。,大方之家。,50,6.22,1.4609194756336552,7
677,exp2,344,大方,名词。绿茶的一种，产于安徽歙县、浙江淳安等地。,这款大方绿茶真是让人惊艳，它的口感醇厚而细腻，香气清新持久，每一口都让人仿佛置身于茶园的清新之中。,49,6.775510204081633,0.7709654694615323,7
678,exp2,345,大方,形容词。对于财物不计较；不吝啬。,他很大方，不会计较这几个钱。,50,3.3,1.0738068841694937,3
679,exp2,346,大方,形容词。（言谈、举止）自然；不拘束。,举止大方。,50,3.52,1.2815806566860457,3
680,exp2,347,大方,形容词。（样式、颜色等）不俗气。,这种布的颜色和花样看着很大方。,50,4.14,1.399854219815297,4
681,exp2,348,大气,名词。包围地球的气体，是干燥空气、水汽、微尘等的混合物。,不到十分钟，那声音就变得非常宏大，仿佛包笼着宇宙，吞吐着大气。,49,5.285714285714286,1.4288690166235205,6
682,exp2,349,大气,名词。大的气度；大的气势。,大气磅礴。,50,4.52,1.2655562623057204,4.5
683,exp2,350,大气,形容词。气度大；气势大。,开阔大气。,49,4.36734693877551,1.2195265056402764,4
684,exp2,351,大气,形容词。（样式、颜色等）大方，不俗气。,大气得体。,50,4.3,1.2163847404233146,4
685,exp2,352,大爷,名词。指不好劳动、傲慢任性的男子。,你别在我面前充大爷。,49,4.653061224489796,1.652662251340788,5
686,exp2,353,大爷,名词。〈口语〉伯父。,我每年春节都会去拜访大爷，和他一起聊聊家常，感受亲情的温暖。,50,3.2,1.8844151368961313,2.5
687,exp2,354,大爷,名词。〈口语〉尊称年长的男子（一般指年纪大于父亲的）。,在公交车上，我给那位白发苍苍的大爷让了座，他微笑着表示感谢。,50,3.44,1.5140161485133448,3
688,exp2,355,大王,名词。古代对国君、诸侯王的尊称。,大王今天巡视了城池，百姓们纷纷前来观看。,49,3.8979591836734695,1.3267268300719075,4
689,exp2,356,大王,名词。指垄断某种经济事业的财阀。,石油大王。,50,4.88,1.4796579858541772,5
690,exp2,357,大王,名词。指长于某种事情的人。,王师傅被称为爆破大王。,50,4.08,1.4961174241812625,4
691,exp2,358,大王,名词。戏曲、旧小说中对国王或强盗首领的称呼。,近来山上有两个大王，扎了寨栅，聚集着五七百人，打家劫舍。,49,3.938775510204082,1.5056582622630827,4
692,exp2,359,大略,名词。大致的情况或内容。,这个厂的问题我只知道个大略。,49,5.551020408163265,1.3394841122890666,6
693,exp2,360,大略,副词。大概；大致。,时间不多了，你大略说说吧。,50,5.24,1.4365491531401753,5
694,exp2,361,大略,名词。宏大的谋略。,雄才大略。,49,5.591836734693878,1.0785477764672495,6
695,exp2,362,大车,名词。牲口拉的两轮或四轮载重车。,老爷一辆太平车，太太一辆河南棚车，其余家人都是半装半坐的大车。,50,5.02,1.812541343652326,5
696,exp2,363,大车,名词。对火车司机或轮船上负责管理机器的人的尊称。也作大伡。,公司船多，必须有总船主，总大车，分别治理。,49,6.448979591836735,1.2593190039626567,7
697,exp2,364,天体,名词。太阳、地球、月球和其他恒星、行星、卫星以及彗星、流星、宇宙尘、星云、星团等的统称。,天文学家们通过观测和研究各种天体，试图解开宇宙起源和演化的奥秘。,49,5.122448979591836,1.3011637909519131,5
698,exp2,365,天体,名词。裸体。,这个小岛上有个天体海滩，人们可以无拘无束地享受日光浴。,50,6.76,0.7969328960560775,7
699,exp2,366,奔命,动词。奉命奔走。,疲于奔命。,49,5.714285714285714,1.224744871391589,6
700,exp2,367,奔命,动词。〈口语〉拼命赶路或做事。,一路奔命，连续行军一百二十多里。,49,5.877551020408164,1.2012606756588489,6
701,exp2,368,套播,动词。套作。,他计划套播玉米一百亩。,49,6.795918367346939,0.7632057345154574,7
702,exp2,369,套播,动词。电台、电视台在固定时间和固定栏目中重复地播放（广告等）。,在2024年的广告市场中，许多品牌开始采用套播策略，将多个相关产品的广告在同一时间段内连续播放，以形成品牌联动效应，增强消费者的记忆点。,49,6.73469387755102,0.7576144084141583,7
703,exp2,370,女人,名词。女性的成年人。,女人的名字不应该是弱者。,49,2.7551020408163267,1.2505101000008283,2
704,exp2,371,女人,名词。〈口语〉妻子。,这钻不出来的原因，我想是一定为了我的女人和两个孩子的吵闹。,49,3.877551020408163,1.691062943107388,4
705,exp2,372,好事,名词。好事情；有益的事情。,好人好事。,49,2.836734693877551,0.9431096343018268,3
706,exp2,373,好事,名词。指僧道拜忏、打醮等事。,天师在东京禁院做了七昼夜好事，普施符箓，禳救灾病。,49,5.775510204081633,1.9177385349508345,7
707,exp2,374,好事,名词。指慈善的事情。,老太太信教，常到济贫院为穷人做好事。,49,3.2244897959183674,1.1773081252453448,3
708,exp2,375,好事,名词。喜庆事。,少爷考上大学，这是大好事，太太为何落泪？,49,2.7142857142857144,1.1726039399558572,3
709,exp2,376,好事,形容词。好管闲事；喜欢多事。,好事之徒。,50,4.86,1.4429278624818809,5
710,exp2,377,妇道,名词。旧时指妇女应该遵守的行为准则。,谨守妇道。,50,5.56,1.1979574453278077,6
711,exp2,378,妇道,名词。指妇女。,妇道人家。,49,5.510204081632653,1.120313367239866,6
712,exp2,379,婉辞,名词。婉言。也作婉词。,婉辞告退。,50,5.88,1.1890658312391318,6
713,exp2,380,婉辞,动词。婉言拒绝。,他婉辞了对方的邀请。,50,5.58,1.1444631572782702,6
714,exp2,381,婵媛,形容词。〈书面语〉婵娟。,她在月光下翩翩起舞，身姿婵媛，仿佛仙子下凡。,49,6.653061224489796,0.9025662581440408,7
715,exp2,382,婵媛,动词。〈书面语〉牵连；相连。,这些柳枝婵媛交错，构成了一幅美丽的画卷。,49,6.877551020408164,0.43934862112490314,7
716,exp2,383,字号,名词。表示事物次序的文字和数码。,给展品编上字号。,50,5.46,1.3733617327490937,6
717,exp2,384,字号,名词。排版印刷上用来标示汉字大小的编号。从初号到八号，初号字最大，八号字最小，最常用的是五号字。,在编辑文档时，请确保所有段落都使用统一的字号，以保持格式的一致性。,50,5.54,1.198808932708986,6
718,exp2,385,字号,名词。商店的名称。,这家商店是什么字号？,50,5.7,1.3286482312670196,6
719,exp2,386,字号,名词。指商店。,这是一家老字号。,49,5.26530612244898,1.2710807442894414,5
720,exp2,387,孩儿,名词。父母称呼儿女或儿女对父母的自称（多见于早期白话）。,瑞虹见父亲立意要去，便道：“爹爹既然要去，把酒来戒了，孩儿方才放心。”,49,3.2448979591836733,0.9901728015203952,3
721,exp2,388,孩儿,名词。孩子。,这对夫妻只有一个孩儿。,49,3.2244897959183674,1.3270472567955922,3
722,exp2,389,完了,连词。〈口语〉用在句中，表示两件事相承接，依次发生。,下了班先接孩子，完了还得买菜。,49,3.4285714285714284,1.20761472884912,3
723,exp2,390,完了,动词。（事情）完结；结束。,等此事完了，我再找你细说。,50,3.5,1.129384878631564,3
724,exp2,391,宗法,名词。旧时以家族为中心，按血统远近区别亲疏的法则。,宗法制度。,49,6.244897959183674,0.9249011714073824,7
725,exp2,392,宗法,动词。师法；效法。,他的字宗法柳体。,50,6.56,0.8369039151929606,7
726,exp2,393,家居,动词。没有就业，在家里闲住。,他常常失业家居。,50,6.16,1.3303367687797507,7
727,exp2,394,家居,名词。指家庭居室。,家居陈设。,49,4.3061224489795915,1.0646611673957795,4
728,exp2,395,对号,动词。查对相合的号数。,对号入座。,49,4.571428571428571,1.2076147288491197,4
729,exp2,396,对号,动词。与有关事物、情况对照，相互符合。,理论要与现实对号。,50,5.92,1.1577599765345608,6
730,exp2,397,对号,名词。表示正确的符号，用于批改学生作业或试卷。如“○”、“√”等。,在考试中，学生完成答题卡或试卷后，老师会使用对号来标记正确的答案。,49,3.510204081632653,1.101560426917044,3
731,exp2,398,对头,形容词。正确；合适。,方法对头，效率就高。,49,4.571428571428571,1.4719601443879744,5
732,exp2,399,对头,形容词。正常（多用于否定式）。,他的脸色不对头，恐怕是病了。,49,4.36734693877551,1.5638344641593356,4
733,exp2,400,对头,形容词。合得来（多用于否定式）。,两个人脾气不对头，处不好。,50,5.02,1.3013336957733408,5
734,exp2,401,对头,名词。仇敌；敌对的方面。,冤家对头。,49,4.836734693877551,1.2804123485475003,5
735,exp2,402,对头,名词。对手。,这两家公司一直是商业上的对头，竞争非常激烈。,49,4.591836734693878,1.45657084944598,5
736,exp2,403,对开,动词。（车船等）由两个地点相向开行。,广州和九龙对开的火车必须停在桥的两端，等两方面的旅客互相换完车后，火车便各自驶回原站。,49,6.163265306122449,1.0477543202708628,7
737,exp2,404,对开,形容词；属性词。印刷上指相当于整张纸的二分之一的（纸）。,这种纸是对开大小，正好符合我的绘画需求。,49,5.8979591836734695,1.2787509849977257,6
738,exp2,405,对开,动词。对半分配，即双方各占一半。,在分配这个月的预算时，我们决定对开，一半用于日常开销，一半用于储蓄和投资。,50,5.58,1.4858516420022616,6
739,exp2,406,对眼,形容词。〈口语〉合乎自己的眼光；满意。,几块花布看着都不对眼。,49,5.244897959183674,1.2337377531458682,5
740,exp2,407,对眼,名词。〈口语〉患内斜视的眼睛。,小明因为患有对眼，看东西时两眼瞳孔总是向中间偏斜，这给他的日常生活带来了一些不便。,49,5.040816326530612,1.4994329994127418,5
741,exp2,408,对眼,名词。〈口语〉指患内斜视的人。,小时候，邻居家的小明因为患有轻微的内斜视，常常被人误解为是对眼，但实际上他是个非常聪明可爱的孩子，只是需要一点时间和专业的治疗来恢复正常的视力。,50,5.46,1.6062378404209017,6
742,exp2,409,小儿,名词。儿童。,管家走到门口，只见一个小儿开门出来，手里拿了一个筲箕出去买米。,49,3.8979591836734695,1.3423377921742796,4
743,exp2,410,小儿,名词。谦称自己的儿子。,这是我的小儿，他尚年幼，若有不当之处，还请各位多多包涵。,50,4.26,1.588350447117116,4
744,exp2,411,小儿,名词。〈口语〉指幼年。,我从小儿就喜欢在院子里追逐蝴蝶，享受大自然的乐趣。,50,4.04,1.6030583016120614,4
745,exp2,412,小儿,名词。〈口语〉男孩子。,胖小儿。,50,3.56,1.3425531570823692,3
746,exp2,413,小号,形容词。属性词。型号较小的。,小号中山装。,50,3.6,1.1428571428571428,3.5
747,exp2,414,小号,名词。商人谦称自己的铺子。,郭掌柜道：他可是小号的老主顾。,50,6.54,1.01438631291867,7
748,exp2,415,小号,名词。管乐器，号嘴呈碗形，一般有活塞，吹奏时声音响亮。,多壮美的轰鸣声，隆隆地带着一种清脆的呼哨，是黑管？是小号？是铜笛？,50,4.22,1.3893178475901955,4
749,exp2,416,小子,名词。〈书面语〉年幼的人。,后生小子。,49,4.285714285714286,1.513825177048746,4
750,exp2,417,小子,名词。旧时长辈称晚辈；晚辈对尊长的自称。,小子不敏。,49,4.775510204081633,1.8401234800329864,5
751,exp2,418,小子,名词。〈口语〉男孩子。,胖小子。,50,3.04,1.068281091190853,3
752,exp2,419,小子,名词。〈口语〉人（用于男性，含轻蔑意）。,这小子真坏！,50,3.4,1.2121830534626523,3
753,exp2,420,小曲,名词。酿造白酒、黄酒或江米酒用的一种曲，块儿比大曲小。也叫酒药。,酿造黄酒时，需要加入一种特殊的小曲，它的块儿比大曲小，但却能够引导糖化和发酵过程，使黄酒具有独特的风味。,50,6.52,0.8388524717658968,7
754,exp2,421,小曲,名词。小调。,他们一路上唱着淫荡的小曲。,49,4.63265306122449,1.2195265056402764,5
755,exp2,422,小月,名词。阳历只有天或农历只有天的月份。,每个月的日历上，小月和大月的天数都有所不同，这让我们在安排时间时要多加留意。,49,5.469387755102041,1.430356028178628,6
756,exp2,423,小月,动词。〈口语〉流产。,她因过年时太操劳，一不注意，便小月了。,49,6.857142857142857,0.5400617248673222,7
757,exp2,424,小节,名词。指与原则无关的琐碎的事情。,不拘小节。,50,5.14,1.1430357003370009,5
758,exp2,425,小节,名词。音乐节拍的段落，乐谱中用一竖线隔开。,演奏这首曲子时，要注意每个小节之间的转换，确保节奏的准确。,49,4.469387755102041,1.308657722253457,4
759,exp2,426,尽量,副词。表示力求在一定范围内达到最大限度。,把你知道的尽量告诉给大家。,49,3.3877551020408165,1.1870187890013268,3
760,exp2,427,尽量,动词。达到最大限度。,喝了半斤白酒，还没尽量。,50,5.38,1.6274432182326446,6
761,exp2,428,局子,名词。〈口语〉旧时指警察局。现在也指公安局或派出所。,莫征当过小偷，进过局子。,49,4.714285714285714,1.20761472884912,5
762,exp2,429,局子,名词。〈口语〉指镖局等。,古代的局子超级多，有镖局，拳局等。,50,5.68,1.448996838069254,6
763,exp2,430,局子,名词。圈套（多见于早期白话）。,岂不知，从一开头这件事就是徐焕章和刑部主事等几个人做好了的局子。,50,6.16,0.976457570893432,6.5
764,exp2,431,居处,动词。居住（在某个地方）。,居处陋巷。,50,4.54,1.5545850552084797,4
765,exp2,432,居处,名词。住所；住处。,居处狭小。,49,4.448979591836735,1.339484112289067,5
766,exp2,433,展期,动词。把预定的日期往后推迟或延长。,报名工作展期至五月底结束。,50,6.22,1.18304346358648,7
767,exp2,434,展期,名词。展览的时期；展览的期限。,展期为十五天。,49,5.591836734693878,1.368063828721373,6
768,exp2,435,差使,动词。差遣；派遣。,差使人去送信。,49,5.285714285714286,1.224744871391589,6
769,exp2,436,差使,名词。旧时指官场中临时委任的职务，后来也泛指职务或官职。也作差事。,"帮着提提药葫芦,都感到是很美的差使。",49,5.571428571428571,1.0408329997330663,6
770,exp2,437,师弟,名词。称同从一个师傅或老师学习而从师的时间在自己之后的男子。,我有一个师弟，现在东京大相国寺住持。,50,4.38,1.3536044096999622,4
771,exp2,438,师弟,名词。称师傅或老师的儿子或父亲的男弟子中年龄比自己小的人。,师弟初来乍到，对很多事情还不太熟悉。,50,4.54,1.4315682851691154,5
772,exp2,439,师弟,名词。〈书面语〉老师和学生。,师弟之谊。,49,5.204081632653061,1.5939938288872422,5
773,exp2,440,师爷,名词。称师傅的父亲或师傅。,师爷在学堂里威望极高，学生们都愿意听从他的教诲。,50,5.24,1.5193983771780948,5.5
774,exp2,441,师爷,名词。幕友的俗称。,包揽词讼的师爷。,49,5.775510204081633,1.47571036739442,7
775,exp2,442,干将,名词。古代宝剑名，常跟“镆铘”并说，泛指宝剑。,这把剑虽没有干将莫邪那一双古剑有名，却也是难得的武器。,49,6.244897959183674,1.0313949341566893,7
776,exp2,443,干将,名词。能干的或敢干的人。,得力干将。,49,5.244897959183674,1.2995289570471606,5
777,exp2,444,库藏,动词。在库房里储藏。,清点库藏物资。,50,5.74,1.0263865683820603,6
778,exp2,445,库藏,名词。库房里储藏的东西。,清理库藏。,49,5.551020408163265,1.3238394994893312,6
779,exp2,446,库藏,名词。〈书面语〉仓库。,打开库藏。,49,5.8979591836734695,1.294940441989252,6
780,exp2,447,应变,动词。应付突然发生的情况。,他的应变能力很强。,50,4.86,1.2779128391599308,5
781,exp2,448,应变,名词。物体由于外因（受力、温度变化等）或内在缺陷，它的形状尺寸所发生的相对改变。,他曾经运用了从单一区域的扭动形式来查明应变形迹的方法，阐明了英格兰的隐伏煤田。,50,6.28,1.2295677023628582,7
782,exp2,449,应声,动词。〈口语〉出声回答。,敲了一阵门，里边没有人应声儿。,49,4.346938775510204,1.3157858932998188,4
783,exp2,450,应声,副词。随着声音。,一枪打去，匪首应声倒下。,49,5.1020408163265305,1.1591106137750558,5
784,exp2,451,座机,名词。指专供某人乘坐的飞机。,这位总统乘坐座机访问其他国家。,49,6.204081632653061,1.2243976722715322,7
785,exp2,452,座机,名词。固定电话（对“手机”而言）。,他给我们留的联系方式是一个座机号码。,50,3.36,0.8750510189207743,3
786,exp2,453,开化,动词。由原始的状态进入文明的状态。,我国是四千年来的古国，开化最早，一切礼教文物，都超越乎泰西诸邦。,50,6.4,0.9897433186107872,7
787,exp2,454,开化,形容词。思想开通，不封建不守旧。,脑筋不开化。,50,6.16,1.1313708498984758,7
788,exp2,455,开化,动词。冰、雪开始融化。,立春以后，河里的冰冻慢慢地开化了。,50,5.34,1.4792441533790568,5.5
789,exp2,456,开口,动词。张开嘴说话。,没等我开口，他就抢先替我说了。,50,2.84,1.0372648491812195,3
790,exp2,457,开口,动词。挖开缺口；裂开口子。,开口放水。,49,4.183673469387755,1.5366829724517446,4
791,exp2,458,开口,名词。挖开或裂开的口子。,衣领的开口太大。,49,3.9183673469387754,1.3668201340745478,4
792,exp2,459,开口,动词。开刃儿。,这把刀还没有开口。,50,5.28,1.4574229422693543,5
793,exp2,460,开展,动词。使从小向大发展；使展开。,开展批评与自我批评。,50,4.64,1.3364589215458853,5
794,exp2,461,开展,动词。从小向大发展。,植树造林活动已在全国开展起来。,49,4.204081632653061,1.1898808034969777,4
795,exp2,462,开展,形容词。开朗；开豁。,思想开展。,49,5.571428571428571,1.5679073101855647,6
796,exp2,463,开展,动词。展览会开始展出。,一年一度的春节花展明天开展。,49,4.571428571428571,1.338531533684084,4
797,exp2,464,开拍,动词。开始拍摄（影视片等）。,这部影片由去年初开拍，直至今年底才停机。,49,4.816326530612245,1.3945350089389874,5
798,exp2,465,开拍,动词。（物品）开始拍卖。,那件珍贵的古董花瓶在拍卖行准时开拍，吸引了众多收藏家的目光。,50,5.8,1.1780301787479028,6
799,exp2,466,开拍,动词。（网球、羽毛球、乒乓球等）开始比赛。,随着裁判的哨声响起，这场精彩的乒乓球比赛正式开拍。,50,6.06,1.202208851426814,7
800,exp2,467,开播,动词。开始播种。,农民们已经准备好了种子和农具，准备在今天开播。,50,5.6,1.3997084244475306,6
801,exp2,468,开播,动词。广播电台、电视台正式播放节目。,庆祝电视台开播二十周年。,50,4.18,1.172647449498922,4
802,exp2,469,开播,动词。某一节目开始播放。,春节联欢晚会今晚八点开播。,49,3.938775510204082,1.1069508282007934,4
803,exp2,470,开方,动词。开药方。也说开方子。,因为开方的医生是最有名的，以此所用的药引也奇特。,49,5.346938775510204,1.2837286254008162,5
804,exp2,471,开方,动词。求一个数的方根的运算，如81开4次方得±3。,数学老师在黑板上为我们演示了如何进行开方运算。,49,5.918367346938775,1.0574484757715452,6
805,exp2,472,开河,动词。河流解冻。,即将开河时，禁止冰上通行。,49,6.142857142857143,1.2416387021459452,7
806,exp2,473,开河,动词。开辟河道。,什么时候动工开河。,50,6.02,1.3169228201704597,7
807,exp2,474,开通,动词。使原来闭塞的（如思想、风气等）不闭塞。,开通风气。,50,5.62,1.3075916481713037,6
808,exp2,475,开通,动词。交通、通信等线路开始使用。,国内卫星通信网昨天开通。,49,4.653061224489796,1.182353239803346,5
809,exp2,476,开通,形容词。（思想）不守旧；不拘谨固执。,老人经常参加社区活动，脑筋更开通了。,50,6.14,1.3554124306434765,7
810,exp2,477,开通,动词。使开通。,让他多到外面去看看，开通开通他的思想。,49,5.204081632653061,1.4285714285714284,5
811,exp2,478,引水,动词。把水从一处调到另一处。,引水上山。,50,5.54,1.402766945020026,6
812,exp2,479,引水,动词。引航的旧称。,经验丰富的引航员小心翼翼地引水着巨型油轮，避开暗礁与浅滩，安全地将其带入了繁忙的港口。,50,6.72,0.7295511619887828,7
813,exp2,480,引种,动词。把别的地区的动植物优良品种引入本地区，选择适于本地区条件的加以繁殖推广。,考虑到当地的气候和土壤条件，专家们精心挑选了一批适合引种的作物。,50,6.48,0.8628382211738003,7
814,exp2,481,引种,动词。把外地的优良品种引入本地种植。,农民们通过引种，成功改良了本地的种植结构，使得本地农业取得了显著的发展。,50,6.36,1.025391911138649,7
815,exp2,482,引领,动词。引导；带领。,由当地人引领，穿过密林。,50,4.54,1.2488361929151053,4
816,exp2,483,引领,动词。〈书面语〉伸直脖子（远望），形容盼望殷切。,引领东向，遥望亲人。,49,5.979591836734694,1.4647211896007055,7
817,exp2,484,强项,名词。实力强的项目（多指体育比赛项目）。,但中国没有参加拳击、跆拳道、保龄球、曲棍球和马术5项比赛，这5项就有40块金牌，其中有4项是南朝鲜的强项。,50,4.2,0.9689042833036096,4
818,exp2,485,强项,形容词。〈书面语〉不肯低头，形容刚强正直不屈服（项：脖颈儿）。,将来回国，有什么交涉，就可以据理力争，虽然不中用，也落一个强项之名。,49,6.040816326530612,1.4282737785153643,7
819,exp2,486,当头,副词。正对着头；迎头。,当头一棒。,49,4.653061224489796,1.1998440941806297,5
820,exp2,487,当头,动词。（事情）到了眼前；临头。,那时国难当头，全国人民同仇敌忾，奋起抗战。,50,5.16,1.33033676877975,5
821,exp2,488,当头,动词。放在首位。,敢字当头。,49,5.142857142857143,1.399404635312222,5
822,exp2,489,当头,名词。〈口语〉向当铺借钱时所用的抵押品。,第一次从常州出门求学，亏得你当了当头借给我川资。,49,6.612244897959184,0.931314629314664,7
823,exp2,490,当年,名词。时间词；指过去某一时间。,当年我离开家的时候，这里还没通火车。,49,3.5306122448979593,1.2926400764895616,4
824,exp2,491,当年,动词。指处于身强力壮的时期。,他正当年，干活儿一点儿也不觉得累。,50,5.2,1.3093073414159544,5
825,exp2,492,当年,名词；时间词。本年；同一年。,这个工厂当年兴建，当年投产。,50,4.44,1.5274361605284184,4
826,exp2,493,当日,名词；时间词。当时。,这位老艺术家年过古稀，仍不减当日风采。,49,5.061224489795919,1.265045507503355,5
827,exp2,494,当日,名词；时间词。当天。,当日的事，当日做完。,50,3.94,1.2356936414460522,4
828,exp2,495,得了,动词。表示制止或同意。,得了，别再说了。,49,3.673469387755102,1.2142857142857142,4
829,exp2,496,得了,助词。用于陈述句，表示肯定，有加强语气的作用。,你要喜欢，就给你得了。,49,3.673469387755102,1.3131983079178735,4
830,exp2,497,得了,形容词。表示情况很严重（用于反问或否定式）。,不得了啦，出了事故啦！,49,3.4081632653061225,1.1532267655535553,3
831,exp2,498,忽闪,动词。形容闪光。,闪光弹忽闪一亮，又忽闪一亮。,49,4.1020408163265305,1.3423377921742798,4
832,exp2,499,忽闪,动词。闪耀；闪动。,小姑娘忽闪着大眼睛看着妈妈。,50,4.18,1.452513655139719,4
833,exp2,500,急难,动词。〈书面语〉热心地帮助别人摆脱患难。,扶危急难。,49,6.163265306122449,1.2804123485475003,7
834,exp2,501,急难,名词。危急的事；危难。,急难之中见人心。,50,5.62,1.455320989910291,6
835,exp2,502,息影,动词。〈书面语〉指退隐闲居。,息影家园。,50,6.62,0.9452350965527582,7
836,exp2,503,息影,动词。指影视演员结束演艺生涯，不再拍戏。,自从她结婚后，就宣布息影，专心于家庭生活。,49,6.326530612244898,1.0285052888788186,7
837,exp2,504,恰恰,副词。刚好；正。,恰恰相反。,50,4.18,1.0631105688650893,4
838,exp2,505,恰恰,名词。拉丁舞的一种，源于墨西哥。4/4拍，舞曲节奏轻快，胯部摆动明显，舞姿诙谐风趣。［英cha-cha］,周末晚上，我和朋友们一起去学习恰恰舞，感觉既有趣又能锻炼身体。,49,5.346938775510204,1.3315251344505177,6
839,exp2,506,悉数,动词。〈书面语〉全部数出；完全列举。,不可悉数。,50,6.06,1.1851117229689223,6.5
840,exp2,507,悉数,副词。〈书面语〉全数；全部。,悉数奉还。,49,5.326530612244898,1.2647093721161269,6
841,exp2,508,惊醒,动词。受惊动而醒来。,突然从梦中惊醒。,50,3.68,1.1146519544646378,4
842,exp2,509,惊醒,动词。使惊醒。,别惊醒了孩子。,49,3.693877551020408,1.1218303799418807,4
843,exp2,510,惊醒,形容词。睡眠时容易醒来。,他睡觉很惊醒，有点儿响动都知道。,49,4.061224489795919,1.265045507503355,4
844,exp2,511,成家,动词。结婚（旧时多指男子）。,成家立业。,50,4.96,1.1598733217248254,5
845,exp2,512,成家,动词。成为专家。,成名成家。,50,6.4,1.142857142857143,7
846,exp2,513,成年,动词。指人发育到已经成熟的年龄，也指高等动物或树木发育到已经长成的时期。,孩子已经成年。,49,3.816326530612245,1.2857142857142858,4
847,exp2,514,成年,副词。〈口语〉整年。,成年在外奔忙。,50,4.58,1.6173800936536031,4
848,exp2,515,成数,名词。不带零头的整数，如五十、二百、三千等。,我们已写了知单去知会各同窗的朋友，多少大家集个成数出来。,50,6.64,0.8750510189207752,7
849,exp2,516,成数,名词。一数为另一数的几成，泛指比率。,应在生产组内找标准劳动力，互相比较，评成数。,49,6.530612244897959,0.9811141799065012,7
850,exp2,517,成服,动词。旧俗丧礼中死者的亲属穿上丧服叫作成服。,遵礼成服。,50,6.8,0.5714285714285714,7
851,exp2,518,成服,名词。制成后出售的服装。,该厂年生产成服万件。,50,6.3,1.164964745021435,7
852,exp2,519,扑打,动词。用扁平的东西猛然朝下打。,扑打蝗虫。,49,4.612244897959184,1.5654648741216917,4
853,exp2,520,扑打,动词。轻轻地拍。,扑打身上的雪花。,49,4.163265306122449,1.5457864607742315,4
854,exp2,521,扑棱,拟声词。形容翅膀抖动的声音。,扑棱一声，飞起一只小鸟。,50,3.58,1.2136973364433965,3
855,exp2,522,扑棱,动词。抖动或张开。,鸽子翅膀一扑棱，飞走了。,49,3.877551020408163,1.5361295119718974,3
856,exp2,523,扑腾,拟声词。形容重物落地的声音。,小王扑腾一声，从墙上跳下来。,50,3.5,1.417816660091372,3
857,exp2,524,扑腾,动词。游泳时用脚打水。也说打扑腾。,他在游泳池里欢快地扑腾着，享受游泳的乐趣，溅起一片片水花。,49,3.7142857142857144,1.369306393762915,4
858,exp2,525,扑腾,动词。跳动。,他吓得心里直扑腾。,50,3.7,1.1649647450214355,4
859,exp2,526,扑腾,动词。挥霍；浪费。,钱全扑腾完了。,50,5.56,1.6801360489130464,6
860,exp2,527,打头,动词。抽头。,他利用自己在职务上的便利，私下里打头获利，严重损害了公司的利益和声誉。,49,6.551020408163265,1.061862053379893,7
861,exp2,528,打头,动词。带头；领先。,打头儿的都是小伙子。,50,4.88,1.189065831239132,5
862,exp2,529,打尖,动词。旅途中休息下来吃点儿东西。,累了，来歇脚；饿了，来打尖。,49,6.387755102040816,1.1331432413610278,7
863,exp2,530,打尖,动词。掐去棉花、番茄等植株的顶尖儿。,我自从放假后就一直在家给棉花打尖。,50,6.36,0.9847821679779476,7
864,exp2,531,打枪,动词。发射枪弹。,军训期间，我们学习了如何正确地打枪，感受到了射击的乐趣。,50,4.16,1.3303367687797498,4
865,exp2,532,打枪,动词。枪替。,他因为打枪被学校发现了，结果受到了严重的纪律处分。,50,5.8,1.52529689314733,7
866,exp2,533,打眼,动词。钻孔。,工人拿来一个电钻准备给墙打眼。,50,4.86,1.5119928733230164,5
867,exp2,534,打眼,动词。买东西没看出毛病，上了当。,他没有经验，这件古董买打眼了。,49,6.387755102040816,0.8854454277041457,7
868,exp2,535,打食,动词。（鸟兽）到窝外寻找食物。,那儿的孔雀多得出奇，有的干脆养在人家里，跟鸡一样。天天黄昏，孔雀出来打食。,50,6.44,1.0133798771981832,7
869,exp2,536,打食,动词。用药物帮助消化或使肠胃里停滞的东西排出体外。,小明最近感觉胃部不适，医生建议他服用一些消食片来打食。,50,6.3,1.313198307917874,7
870,exp2,537,托福,动词。客套话，意思是依赖别人的福气，使自己幸运（多用于回答别人的问候）。,我们托福，一切如常。,49,5.326530612244898,1.264709372116127,5
871,exp2,538,托福,名词。美国“对非英语国家留学生的英语考试”（Test of English as a Foreign Language）英文缩写（TOEFL）的音译。,自费报考“托福”者，蜂拥而来。,49,6.489795918367347,1.043281061914603,7
872,exp2,539,扶桑,名词。神话中海外的大树，据说太阳从这里出来。,这棵神话中的扶桑树，不仅是日出的象征，也寄托了古人对自然力量的敬畏与向往。,49,6.244897959183674,1.1092529814567766,7
873,exp2,540,扶桑,名词。传说中东方海中的古国名，旧时指日本。也作榑桑。,扶桑常被用来形容日本国土的美丽与神秘，如同神话中那棵照耀四方的神树一般，充满了无尽的想象与向往。,50,6.38,0.9874725519305974,7
874,exp2,541,扶桑,名词。朱槿。,园丁培育了一片扶桑作为花园的观赏花木。,49,6.285714285714286,1.1547005383792512,7
875,exp2,542,批号,名词。成批生产的产品的编号。,这些药品没有批号、生产日期和产地。,49,5.73469387755102,1.3505478857992166,6
876,exp2,543,批号,名词。主管部门的批准文号。,禁止使用过期批号进行生产。,49,6.122448979591836,1.2522089326004482,7
877,exp2,544,把子,名词。把东西扎在一起的捆子。,秫秸把子。,50,5.7,1.5551100755055172,6
878,exp2,545,把子,量词。人一群、一帮叫一把子（多含贬义）。,一把子土匪。,50,6.26,1.1747340124470735,7
879,exp2,546,把子,量词。一手抓起的数量，多用于长条形东西。,一把子韭菜。,50,4.66,1.7333464154399043,4.5
880,exp2,547,把子,量词。用于某些抽象的事物。,加把子劲儿。,50,5.16,1.5565529682144268,5
881,exp2,548,把子,名词。戏曲中所使用的武器的总称，也指开打的动作。,练把子。,49,6.571428571428571,0.8897565210026095,7
882,exp2,549,把子,名词。朋友结为兄弟姐妹。,他们几个在江湖上拜了把子，从此相互照应。,50,4.88,1.2394863979133637,5
883,exp2,550,把子,名词。把，器具上便于用手拿的部分。,他刚才一不小心，把茶壶打碎，就剩一个把子了。,49,4.857142857142857,1.7911821050170569,5
884,exp2,551,投注,动词。（精神、力量等）集中；倾注。,把全副精力投注到扶贫工程中。,50,6.14,0.9691148917798076,6
885,exp2,552,投注,动词。投放注入（资金等）。,第一次见面，林珊便痴情投注真爱。,49,5.959183673469388,1.0598581601930948,6
886,exp2,553,投注,动词。（在博彩活动中）投进去财物。,彩票投注站。,49,5.857142857142857,1.1726039399558574,6
887,exp2,554,抢拍,动词。拍摄变动状态的人或景物时，抓住时机及时拍摄。,在战地采访时，他抢拍了不少惊险的镜头。,49,5.877551020408164,1.1837907518720052,6
888,exp2,555,抢拍,动词。抢着买下拍品。,那套位置优越、装修精美的二手房刚上架就被多位买家盯上，买家们进入了紧张的抢拍环节。,49,6,1.241638702145945,6
889,exp2,556,抢点,动词。晚点的车、船、飞机，为赶正点而加快行驶速度。,列车正抢点运行。,49,6.122448979591836,1.252208932600448,7
890,exp2,557,抢点,动词。足球等比赛时球员抢占有利于射门的位置。,6号队员抢点射门。,49,6.408163265306122,1.2402682395846674,7
891,exp2,558,抢点,动词。泛指抢先占据有利的位置。,保险公司抢点寿险市场。,49,6.612244897959184,0.8854454277041455,7
892,exp2,559,抬杠,动词。〈口语〉争辩（多指无谓的）。,抬杠拌嘴。,50,4.54,1.3280336853362404,5
893,exp2,560,抬杠,动词。指用杠子抬运灵柩。,那四个长工里头，有一个原是抬杠的团头出身，只因有一膀好力气，认识邓九公，便投在他庄上。,50,6.12,1.22291054623044,7
894,exp2,561,抽打,动词。（用条状物）打。,赶车人挥着鞭子，不时地抽打着牲口。,49,3.7142857142857144,1.118033988749895,4
895,exp2,562,抽打,动词。用掸子、毛巾等在衣物上打，以除掉灰尘。,大衣上满是土，得抽打抽打。,50,4.06,1.4902403586437367,4
896,exp2,563,抽水,动词。用水泵吸水。,农民们用抽水机从河里抽水灌溉农田。,49,4.081632653061225,1.2555997022319247,4
897,exp2,564,抽水,动词。缩水。,这件衣服洗了一次就抽水了，变得不合身。,50,5.7,1.515228816828316,6
898,exp2,565,拆散,动词。使成套的物件分散。,这套瓷器千万不要拆散了。,49,3.8979591836734695,1.1769469323774342,4
899,exp2,566,拆散,动词。使家庭、集体等分散。,拆散婚姻。,50,4.64,1.273914103406169,5
900,exp2,567,拉皮,名词。粉皮。,东北拉皮。,49,5.428571428571429,1.7320508075688767,6
901,exp2,568,拉皮,动词。通过手术等方法使松弛的皮肤变紧。,拉皮是近年来热门的美容手术。,50,6.48,1.1109841197270622,7
902,exp2,569,拐子,名词。桄子。,旧纺车上的拐子已经磨损得很厉害了。,49,6.571428571428571,1.0206207261596576,7
903,exp2,570,拐子,名词。下肢患病或有残疾的人走路拄的棍子，上端有短横木便于放在腋下拄着走。,他受伤的腿还没好，出门总是离不开那根拐子。,49,5.530612244897959,1.3401187885209804,6
904,exp2,571,拐子,名词。〈口语〉腿脚瘸的人。,不要歧视拐子，他们也有自己的尊严和价值。,50,5.28,1.6418009026924163,5
905,exp2,572,拐子,名词。拐骗人口、财物的人。,警方正在全力追捕那个可恶的拐子。,49,5.489795918367347,1.7093181995997682,6
906,exp2,573,招子,名词。招贴。,他到处贴招子，想找个熟练工。,50,6.7,0.7889543583705186,7
907,exp2,574,招子,名词。挂在商店门口写明商店名称的旗子或其他招揽顾客的标志。,他为新开业的店铺精心制作了一个漂亮的招子。,49,6.591836734693878,0.8396022705954974,7
908,exp2,575,招子,名词。办法、计策或手段。,你为什么非得想那些笨到家了的招子。,49,6.061224489795919,1.1798333792197475,7
909,exp2,576,挂单,动词。（游方和尚）到庙里投宿。,禅林里来了一个挂单的和尚。,50,6.74,0.7507819053411946,7
910,exp2,577,挂单,动词。指金融市场交易中，投资者决定买卖时，通过电话、计算机等向交易系统发出买卖指令。,如果您已办理了一笔获利挂单、止损挂单或双向挂单，可以在其成交前，以一个更好的价格委托卖出上述挂单将要买入的币种，当原挂单成交后，追加委托挂单自动生效。,50,6.9,0.46291004988627565,7
911,exp2,578,指画,动词。挥动手指；指点。,孩子们指画着，“看，飞机！三架！又三架！”,49,4.73469387755102,1.8117154647377904,4
912,exp2,579,指画,名词。国画中用指头、指甲和手掌蘸水墨或颜色画出的画。,在国学课上，老师向我们展示了指画的魅力，让我们感受到了传统文化的博大精深。,49,6.673469387755102,0.8007224628952493,7
913,exp2,580,授命,动词。〈书面语〉献出生命。,临危授命。,49,5.959183673469388,1.07933590063268,6
914,exp2,581,授命,动词。下命令（多指某些国家的元首下命令）。,总统授命总理组阁。,50,5.84,1.1131862707873228,6
915,exp2,582,推展,动词。推进；发展。,沉积的泥沙填满了海湾，促使海岸向前推展。,49,5.73469387755102,1.4109026396259243,6
916,exp2,583,推展,动词。推介展销。,商场举办羊绒精品推展活动。,50,5.76,1.378552923635979,6
917,exp2,584,插口,动词。插嘴。,你不要插口，让她慢慢说完,49,5.183673469387755,1.666751698511148,5
918,exp2,585,插口,名词。可以插入东西的孔。,扩音器上有两个插口，一个插麦克风，一个插电唱头。,50,4,1.4142135623730951,4
919,exp2,586,插播,动词。在已经播过种的地里穿插着播另一种作物的种子。,为了提高土地的利用率和农作物的多样性，农民们决定在已经播种小麦的田地里，再插播一些豌豆种子，期待来年能有一个更加丰富的收获。,50,6.06,1.4201178450669336,7
920,exp2,587,插播,动词。临时插进已经编排好的节目中间播放。,电视台准备随时插播奥运会比赛新闻。,49,4.959183673469388,1.2240503746692335,5
921,exp2,588,插花,动词。把各种供观赏的花适当地搭配着插进花瓶、花篮里。,插花艺术。,50,4.72,1.19591140208322,5
922,exp2,589,插花,副词。夹杂；交错（后面多跟“着”）。,玉米地里还插花着种豆子。,50,5.94,1.5038725521337315,7
923,exp2,590,摩挲,动词。〈口语〉用手轻轻按着并一下一下地移动。,摩挲衣裳。,50,5.56,1.3874069191061695,6
924,exp2,591,摩挲,动词。用手抚摩。,她欣赏似地摩挲着手里的茶壶。,49,5.489795918367347,1.2436915644495596,6
925,exp2,592,播种,动词。播撒种子。,早播种，早出苗。,50,3.82,1.0631105688650893,4
926,exp2,593,播种,动词。用播种的方式种植。,播种冬小麦。,49,3.8979591836734695,1.3577692789888811,4
927,exp2,594,支派,名词。分出来的派别；分支。,海外华人中有客家支派。,50,5.92,1.1577599765345608,6
928,exp2,595,支派,动词。支使；调动。,这上上下下多少听差都得我支派，我忙不开。,49,6.081632653061225,1.0961435180873431,6
929,exp2,596,改编,动词。根据原著重写（体裁往往与原著不同）。,这部电影是由同名小说改编摄制的。,50,4.7,1.2330483215451478,5
930,exp2,597,改编,动词。改变原来的编制（多指军队）。,把原来的三个师改编成两个师。,50,5.48,1.1109841197270622,5.5
931,exp2,598,教学,动词。教书。,在乡村集镇上教小学，教学以外的杂事很多：赛神唱戏写通知，写神庙对联，村里人有了红白大事写请柬、谢帖、庚贴(婚约)、灵牌。,49,3.36734693877551,0.6980292959175738,3
932,exp2,599,教学,名词。教师把知识、技能传授给学生的过程。,二十年来，我一直从事教学工作，也一直以写作为副业。,49,3.857142857142857,1.080123449734644,4
933,exp2,600,散工,名词。零工；短工。,平日他们有长工，农忙时又多请散工。,50,5.66,1.1885508239972282,6
934,exp2,601,散工,动词。收工；放工。,今天提前散工。,50,6.26,1.1572310372044938,7
935,exp2,602,整点,动词。整理和清点。,家具用品都已整点清楚。,49,5.26530612244898,1.3658866199298536,5
936,exp2,603,整点,名词。以小时为单位表示整数的钟点。,整点报时。,50,4.08,1.3528503544859103,4
937,exp2,604,整装,动词。整理衣装；整理行装。,整装待发。,50,4.88,1.2394863979133632,5
938,exp2,605,整装,形容词；属性词。整体装配好的。,整装电脑。,50,6.1,1.233048321545148,7
939,exp2,606,文体,名词。文章的体裁。,就文体讲，公文、书信、广告等都可归入应用文。,50,5.42,1.031938931906183,5.5
940,exp2,607,文体,名词。文娱和体育的合称。,文体活动。,50,4.88,1.4234192808092745,5
941,exp2,608,文气,名词。贯穿在文章里的气势；文章的连贯性。,这篇散文的文气清新自然，字里行间透露着作者的独特魅力。,50,6.3,0.9091372900969898,6.5
942,exp2,609,文气,形容词。文静；不粗野。,小玲是个非常文气的女孩，说话总是轻声细语的，很受同学们的喜欢。,50,5.12,1.2719902451172609,5
943,exp2,610,文理,名词。文章内容方面和词句方面的条理。,文理通顺。,50,6.22,1.015994536382546,6.5
944,exp2,611,文理,名词。文科和理科的合称。,文理分科。,50,6.14,1.069235851495099,6.5
945,exp2,612,文饰,名词。文辞方面的修饰。,这段描写，文饰较少。,50,6.24,1.1349728037737827,7
946,exp2,613,文饰,动词。掩饰（自己的过错）。,文饰这种丑恶的，正是那些山羊式的文人。,49,6.612244897959184,0.6713272466605564,7
947,exp2,614,断代,动词。没有后代；断后。,农工党提出《关于解决我国高等院校教师“断代”问题的意见》等。,49,6.346938775510204,0.8791809732207979,7
948,exp2,615,断代,动词。比喻事业中断或后继无人。,加紧培养接班人，不能让这种绝技断代。,50,5.66,1.4085743262792558,6
949,exp2,616,断代,动词。按时代分成段落。,文学史的断代研究。,49,6.26530612244898,1.1863022065098197,7
950,exp2,617,断后,动词。没有子孙延续。,然而，这许多年来，总不见表演唱新作问世，似有绝种断后的态势。,49,5.346938775510204,1.377664394427565,6
951,exp2,618,断后,动词。军队撤退时，派一部分人在后面掩护，叫断后。,这时野战军的断后部队已经在高柏山。,49,4.959183673469388,1.3533782372497438,5
952,exp2,619,断案,动词。审判诉讼案件。,秉公断案。,50,5.7,1.1293848786315643,6
953,exp2,620,断案,名词。结论。,对于这件事，他心里已经有了断案。,49,5.673469387755102,1.1794729596667468,6
954,exp2,621,新生,形容词；属性词。刚产生的；刚出现的。,新生事物。,49,4.1020408163265305,1.2118322552919552,4
955,exp2,622,新生,名词。新生命。,获得新生。,50,4.22,1.2337101832790922,4
956,exp2,623,新生,名词。新入学的学生。,新生报到处。,49,3.612244897959183,0.9961661200700964,4
957,exp2,624,方子,名词。方材。也作枋子。,唐二哥，不要难过了，还是买个方子早点给你们老五收尸罢。,49,6.571428571428571,0.9354143466934856,7
958,exp2,625,方子,名词。〈口语〉药方。,父亲先回家，就有低烧、盗汗，他自己开个方子服了几帖，也不见效。,49,4.857142857142857,1.241638702145945,5
959,exp2,626,方子,名词。〈口语〉配方。,这是他家祖传的方子，不得外传。,50,4.36,1.3055611038623842,4
960,exp2,627,方家,名词。“大方之家”的简称，本义是深明大道的人，后多指精通某种学问、艺术的人。,敝帚自珍，不值方家一笑,50,6.84,0.5095015571464867,7
961,exp2,628,方家,名词。指医生。中医以方剂治病，所以称方家。,方家医案。,50,6.84,0.7102744511232034,7
962,exp2,629,旋子,名词。圈儿。,鸟儿见了火光惊飞起来，打了几个旋子，消失在黑暗中。,50,5.94,1.544047160113013,7
963,exp2,630,旋子,名词。一种金属器具，像盘而较大，通常用来做粉皮等。,这个旋子被用来做粉皮了。,50,6.72,0.701019665507731,7
964,exp2,631,旋子,名词。温酒时盛水的金属器具。,他吩咐童子用旋子温酒，来招待刚到的客人。,50,6.62,0.9452350965527578,7
965,exp2,632,旋子,名词。武术的一种动作，甩臂，拧腰，旋腿，平身跃起，双脚落地。,例如，第五场的舞蹈设计，开始我们就不敢用“窜猫”、“旋子”这些动作。,49,6.510204081632653,1.1923794310046585,7
966,exp2,633,星星,名词。细小的点儿。,星星之火，可以燎原。,50,4.18,1.5076674780898454,4
967,exp2,634,星星,名词。〈口语〉星。,今儿天上缀满星星。,50,2.14,1.1430357003370009,2
968,exp2,635,星火,名词。微小的火。,星火燎原。,49,4.857142857142857,1.3693063937629155,5
969,exp2,636,星火,名词。流星的光，多用于比喻。,急如星火。,50,5.7,1.313198307917874,6
970,exp2,637,晚霜,名词。早春霜期结束阶段出现的霜。对农作物有害。,这场突如其来的晚霜让刚长出的幼苗遭受了严重损害。,50,5.98,1.1691615694634356,6
971,exp2,638,晚霜,名词。适合晚上使用的护肤品，主要作用是滋养、保护睡眠状态下的肌肤。,她每天晚上睡前都会仔细地涂抹晚霜来呵护肌肤。,50,6.2,1.2121830534626532,7
972,exp2,639,暖房,动词。旧俗在亲友结婚的前一天前往新房贺喜。,按照旧俗，我们邀请了亲朋好友来暖房，共同庆祝这个喜庆的时刻。,49,6.224489795918367,1.085228588102697,7
973,exp2,640,暖房,动词。温居，指亲友迁入新居后前去祝贺。,今天去大伯家暖房。,49,6.244897959183674,1.2505101000008283,7
974,exp2,641,暖房,名词。温室。,他从小像暖房里的花，荏弱多病。,49,5.040816326530612,1.442786419766011,5
975,exp2,642,替手,动词。替换着做事儿。,孩子大了，能给大人替替手了。,50,5.96,1.211509431263668,6
976,exp2,643,替手,名词。替换的人。,他上了年纪，快干不动了，赶紧找个替手吧。,49,6.1020408163265305,1.084836738085192,7
977,exp2,644,朝阳,动词。向着太阳，一般指朝南。,两间屋子都朝阳。,50,4.62,1.5503784923004302,4.5
978,exp2,645,朝阳,名词。早晨的太阳。,迎着朝阳。,50,3.44,1.3576690709161967,3
979,exp2,646,朝阳,形容词；属性词。新兴的、富有竞争力而有发展前途的。,朝阳产业。,50,5.6,1.4142135623730951,6
980,exp2,647,本事,名词。文学作品主题所根据的故事情节。,这些诗词的本事年久失考。,49,6.040816326530612,1.632472353944947,7
981,exp2,648,本事,名词。本领。,本事大。,49,3.4489795918367347,1.1004019055515564,3
982,exp2,649,朱墨,名词。红黑两色。,朱墨加批。,50,5.68,1.1682884743006217,6
983,exp2,650,朱墨,名词。用朱砂制成的墨。,书房里摆放着一方朱墨，散发着独特的韵味。,50,5.82,1.2727922061357853,6
984,exp2,651,朱雀,名词。鸟，外形像麻雀，雄鸟红色或暗褐色，雌鸟一般灰褐色。生活在山林中，吃植物果实、种子等。,朱雀的羽毛如火如霞，闪耀着炽热的光芒，每一片都仿佛蕴含着烈焰的力量，令人叹为观止。,50,5.36,1.410745930928972,5.5
985,exp2,652,朱雀,名词。二十八宿中南方七宿的统称。,传说中，朱雀拥有不灭的火焰，能够净化世间一切邪恶与污秽。,49,5.428571428571429,1.3540064007726598,6
986,exp2,653,朱雀,名词。道教所奉的南方的神。也叫朱鸟。,朱雀不仅是星宿的象征，还是古代神话中代表南方的神祇，与青龙、白虎、玄武共同守护四方。,49,5.061224489795919,1.3135220348568275,5
987,exp2,654,机制,形容词；属性词。用机器制造的。,机制煤球。,49,5.918367346938775,1.3203019650487402,7
988,exp2,655,机制,名词。机器的构造和工作原理，如计算机的机制。,这台机器的运作机制相当复杂。,50,5.8,1.1428571428571426,6
989,exp2,656,机制,名词。机体的构造、功能和相互关系，如动脉硬化的机制。,人体内的免疫机制是一种精妙的设计，它能够识别和抵御外来病原体，保护我们的健康。,49,5.551020408163265,1.155804634763807,6
990,exp2,657,机制,名词。指某些自然现象的物理、化学规律，如优选法中优化对象的机制。也叫机理。,理解天体运动的物理机制是探索宇宙奥秘的关键一步。,50,5.66,1.3792929274058634,6
991,exp2,658,机制,名词。泛指一个工作系统的组织或部分之间相互作用的过程和方式。,市场机制。,49,5.755102040816326,1.2670604472047686,6
992,exp2,659,机动,形容词；属性词。利用机器开动的。,机动车。,49,5.081632653061225,1.3969719439719963,5
993,exp2,660,机动,形容词。权宜（处置）；灵活（运用）。,这笔经费你们可以机动使用。,50,6.22,1.1119022127022888,7
994,exp2,661,机动,属性词。准备灵活运用的。,机动经费。,50,6.16,1.075895450500727,6
995,exp2,662,杆子,名词。有一定用途的细长的木头或类似的东西（多直立在地上，上端较细）。,电线杆子。,50,3.16,1.166890163237836,3
996,exp2,663,杆子,名词。杆（gǎn）。,枪杆子。,49,4.571428571428571,1.274754878398196,4
997,exp2,664,来得,动词。〈口语〉胜任。,他说话有点儿口吃，笔底下倒来得。,49,6.142857142857143,1.4860462083439174,7
998,exp2,665,来得,动词。〈口语〉（相比之下）显得。,下棋太沉闷，还是打球来得痛快。,50,4.36,1.4950257659372714,4
999,exp2,666,来路,名词。向这里来的道路。,洪水挡住了运输队的来路。,49,4.857142857142857,1.224744871391589,5
1000,exp2,667,来路,名词。来源。,断了生活来路。,50,4.94,1.4485742462638138,5
1001,exp2,668,来路,名词。来历。,来路不明的人。,50,4.56,1.1807987611298183,5
1002,exp2,669,松散,形容词。（事物结构）不紧密；（精神）不集中。,注意力松散。,50,4.38,1.104536101718726,4
1003,exp2,670,松散,形容词。关系不密切。,松散的联盟。,49,4.877551020408164,1.3788983081495485,5
1004,exp2,671,松散,形容词。（制度、纪律等）执行不严格。,纪律松散。,50,4.4,1.1780301787479033,4
1005,exp2,672,松散,动词。使轻松舒畅。,房里太热，出来松散松散。,49,5.285714285714286,1.4719601443879742,5
1006,exp2,673,标金,名词。投标时的押金。,在这次建筑工程的投标中，每个竞标者都需要缴纳一定金额的标金。,50,6.82,0.43752550946038726,7
1007,exp2,674,标金,名词。用硬印标明重量和成色的金条，成色为0.978上下。,你看我们这里的聪明人罢，却吃得笑迷迷，白胖胖，今天买标金，明天讲孔子。,49,6.816326530612245,0.7266782124777069,7
1008,exp2,675,款款,形容词。〈书面语〉诚恳；忠诚。,款款深情。,49,6.040816326530612,1.1539638872431075,6
1009,exp2,676,款款,副词。〈书面语〉慢慢地。,款款而行。,50,6.12,1.2061069096688817,7
1010,exp2,677,正当,动词。正处在（某个时期或阶段）。,正当春耕之时。,50,4.48,1.182180620890126,4
1011,exp2,678,正当,形容词。合理合法的。,正当行为。,49,4.326530612244898,1.3289681947228964,4
1012,exp2,679,正当,形容词。（人品）端正。,你那个东家不是个正当的商人。,49,4.755102040816326,1.2167342260620222,5
1013,exp2,680,正旦,名词。〈书面语〉农历正月初一日。,正旦这天，人们纷纷前往寺庙祈福，希望新的一年平安吉祥。,49,6.244897959183674,1.2337377531458682,7
1014,exp2,681,正旦,名词。戏曲角色行当，青衣的旧称，有些地方剧种里还用这个名称。,他公公在临春班做正旦，小时也是极有名头的。,49,6.224489795918367,1.1042589166957355,7
1015,exp2,682,正经,名词。旧时指十三经。,正经正史。,49,6.673469387755102,0.7742672638813856,7
1016,exp2,683,正经,形容词。端庄正派。,正经人。,50,4.18,1.2403093754941852,4
1017,exp2,684,正经,形容词。正当的。,我们的钱必须用在正经地方。,50,4.38,1.2270755012281378,4
1018,exp2,685,正经,形容词。正式的；合乎一定标准的。,正经货。,50,4.54,1.4027669450200262,4
1019,exp2,686,正经,形容词。严肃而认真。,他很正经地和我谈这件事。,49,3.979591836734694,1.145458349278564,4
1020,exp2,687,正色,名词。〈书面语〉纯正的颜色，指青、黄、赤、白、黑等色。,反正像作画一样，花无正色鸟无名，只要取个意思就成。,49,6.530612244897959,0.9596449173246,7
1021,exp2,688,正色,副词。态度严肃；神色严厉。,正色拒绝。,49,5.673469387755102,1.1436009484307463,6
1022,exp2,689,死信,名词。人死了的消息。,死信传来，全家悲恸欲绝。,50,5.96,1.3395095051121186,6.5
1023,exp2,690,死信,名词。无法投递的信件。,老丁真不愧是个模范邮递员，这些年来有多少封死信都被他送到收信人手里。,50,6.64,0.8514093957572194,7
1024,exp2,691,死期,名词。死亡的日期。,阎王爷说，你死期未到，回去吧！这不，我一张眼又活过来了！,49,4.224489795918367,1.2121830534626523,4
1025,exp2,692,死期,形容词。〈口语〉属性词。定期。,这笔钱存的是死期。,50,5.82,1.4803474495633009,7
1026,exp2,693,残毒,形容词。凶残狠毒。,生性残毒。,50,5.62,1.3384425917567668,6
1027,exp2,694,残毒,名词。作物、牧草等上面残存的农药或其他污染物质；动物吃了含毒植物后残存在肉、乳、蛋、毛里面的农药或其他污染物质。,从目前看，农药残毒是农药污染的主要因素。,50,5.88,1.2558434843334805,6
1028,exp2,695,民调,动词。民意调查。,民调显示，公众对房价暴涨极为不满。,49,6.326530612244898,0.826331125670394,7
1029,exp2,696,民调,动词。民事调解。,社区民调治安委员会。,49,6.3061224489795915,1.06466116739578,7
1030,exp2,697,民运,名词。有关人民生活物资的运输工作。,为了确保春节期间市场供应充足，政府加大了对民运车辆的调度力度，以保障人民生活物资能够及时送达。,50,6.48,0.9527618286018898,7
1031,exp2,698,民运,名词。民营的运输业。,近年来，随着电商的蓬勃发展，民运公司如雨后春笋般涌现。,50,6.5,1.1111677990074318,7
1032,exp2,699,民运,名词。指民众运动。,历史上那场轰轰烈烈的民运，推动了社会进步和变革的浪潮。,49,6.673469387755102,0.5548181046538591,7
1033,exp2,700,水族,名词。我国少数民族之一，分布在贵州。,这位学者对水族的历史和习俗进行了深入的研究。,50,6.54,0.8621283582636922,7
1034,exp2,701,水族,名词。生活在水中的动物的总称。,水族馆。,49,4.653061224489796,1.535021992352814,5
1035,exp2,702,水火,名词。水和火两相矛盾，比喻不能相容的对立物。,势如水火。,50,4.4,1.3248026422136725,4
1036,exp2,703,水火,名词。水深火热的略语，比喻苦难的处境。,共产党拯救人民于水火之中。,49,5.081632653061225,1.2219645162244133,5
1037,exp2,704,水火,动词。指排泄大小便（多见于早期白话）。,石秀说道：“我教他去宝藏顶上躲着，每日饭食，我自对付来与他吃。如要水火，直待夜间爬下来净手。”,50,6.48,1.1993195349608772,7
1038,exp2,705,水磨,动词。加水细磨。,花和尚鲁智深，使的就是这一件玩意儿，叫做水磨禅杖。,50,6.16,1.0946996606096004,7
1039,exp2,706,水磨,名词。用水力带动的磨，多用来磨面。,这道泉水……除了供应居民食用，可以灌溉三万亩农田，开动一百盘水磨。,49,5.877551020408164,1.2012606756588486,6
1040,exp2,707,水龙,名词。多年生草本植物，叶子长椭圆形，花黄色，蒴果圆柱形。生在沼泽等浅水中，全草入药。,水龙在这片沼泽地里生长得十分茂盛。,49,6.857142857142857,0.5000000000000002,7
1041,exp2,708,水龙,名词。消防用的引水工具，多用数条长的帆布输水管接成，一端有金属制的喷嘴，另一端和水源连接。,消防员迅速拿起水龙，对准火源喷水灭火。,49,5.530612244897959,1.4303560281786278,6
1042,exp2,709,沉着,形容词。镇静；不慌不忙。,沉着应战。,50,4.28,1.2128563015309215,4
1043,exp2,710,沉着,动词。非细胞性的物质（色素、钙质等）沉积在机体的组织中。,工业废水中的污染物在水体底部沉着，对生态系统造成了严重影响。,49,6.163265306122449,1.105797954260297,7
1044,exp2,711,油嘴,形容词。说话油滑，善于狡辩。,油嘴滑舌。,49,4.714285714285714,1.224744871391589,5
1045,exp2,712,油嘴,名词。油嘴的人。,他是个不折不扣的油嘴，说话总是半真半假，让人难以捉摸他的真实意图。,50,5.5,1.3439205515876271,5.5
1046,exp2,713,油嘴,名词。喷油的喷嘴。,在进行发动机维护时，清洗油嘴是必不可少的一步，它直接关系到发动机的性能和寿命。,49,6.183673469387755,1.184508853698357,7
1047,exp2,714,油茶,名词。常绿灌木或小乔木，叶子椭圆形，花白色，果实内有黑褐色的种子。种子榨的油叫茶油。油茶是我国的特产，湖南、江西、福建等地种植最多。,油茶的经济价值很高。,50,6.2,1.142857142857143,7
1048,exp2,715,油茶,名词。用油茶面儿冲成的糊状食品。,油茶的味道有些苦涩，但正是这独特的风味，让人回味无穷，它不仅滋养身体，也滋养着我们对家乡的记忆。,49,5.142857142857143,1.7440374613713627,5
1049,exp2,716,油饼,名词。油料作物的种子榨油后剩下的压成饼状的渣滓，如豆饼、花生饼等，多用作饲料或肥料。,农民们将大豆榨油后剩余的油饼收集起来，这些富含营养的豆饼不仅成为了家畜们喜爱的饲料，还被用作田地里的优质有机肥料，促进了农作物的茁壮成长，实现了资源的循环利用。,49,4.857142857142857,1.957890020745122,5
1050,exp2,717,油饼,名词。一种油炸的面食，扁而圆，多用作早点。,他在途中遇见了几个双颊给风吹红肿了的童子紧张着支气管发出一种凄音在叫卖他们的油饼和油条。,50,4.1,1.681228899419974,4
1051,exp2,718,法场,名词。僧道做法事的场所；道场。,在古刹的深处，法场静谧而庄严，是僧道们举行法事、修持禅定的场所。,50,5.96,1.244744052045255,6.5
1052,exp2,719,法场,名词。旧时执行死刑的地方；刑场。,一直到了法场上，就在三年前头杀姓赵的地方，一样的伸着脖子，吃了一刀。,49,5.63265306122449,1.2364916354855986,6
1053,exp2,720,洋装,名词。西服。,丽嘉并没有注意，转过脸去，拿眼在瞅韦护的新洋装了。,49,4.8979591836734695,1.228903609577518,5
1054,exp2,721,洋装,形容词；属性词。西式的书籍装订法，装订的线藏在书皮里面的。,洋装书。,49,6.1020408163265305,1.1945169518677077,7
1055,exp2,722,洒落,动词。分散地落下。,一串串汗珠洒落在地上。,50,4.04,1.177337015887801,4
1056,exp2,723,洒落,形容词。〈书面语〉潇洒；洒脱。,谈笑洒落。,49,6.020408163265306,1.2160351543432617,7
1057,exp2,724,活路,名词。走得通的路。,遇见白杨树向右转是一条活路。,50,5.28,1.4851647335276603,5
1058,exp2,725,活路,名词。行得通的方法。,他提出的技术革新方案，大家觉得是条活路。,50,5.26,1.3372222198670358,5
1059,exp2,726,活路,名词。能够生活下去的办法。,得找条活路，不能等着挨饿。,49,4.938775510204081,1.265045507503355,5
1060,exp2,727,活路,名词。泛指各种体力劳动。,家里活路忙，我抽不开身。,49,6.081632653061225,1.426486573921476,7
1061,exp2,728,流放,动词。把犯人放逐到边远地方。,他成了被所有的人都遗弃了的人，流放到这个偏僻的农场来劳教。,49,4.979591836734694,1.2498299204019616,5
1062,exp2,729,流放,动词。把原木放在江河中顺流运输。,流放到贮木场的木材25000多立方米。,50,6.24,1.06061206818689,7
1063,exp2,730,消耗,动词。（精神、力量、东西等）因使用或受损失而渐渐减少。,消耗精力。,49,3.7142857142857144,1.09924216318941,4
1064,exp2,731,消耗,动词。使消耗。,消耗敌人的有生力量。,50,4.26,1.208980005236325,4
1065,exp2,732,消耗,名词。音信（多见于早期白话）。,杳无消耗。,50,6.36,1.2739141034061685,7
1066,exp2,733,清亮,形容词。清脆响亮。,嗓音清亮。,50,4.18,1.155112857813346,4
1067,exp2,734,清亮,形容词。清澈。,清亮的河水。,50,4,1.0497813183356477,4
1068,exp2,735,清亮,形容词。明白。,听他一说，心里一下子清亮了。,49,5.408163265306122,1.383208337931221,6
1069,exp2,736,清口,形容词。爽口。,拌黄瓜吃着清口。,49,5.163265306122449,1.6374133409068066,5
1070,exp2,737,清口,名词。曲艺的一种，由单人表演，传承滑稽（一种曲艺）的艺术形式，语言幽默风趣。,在古镇的茶馆里，老艺人登台献艺，一场精彩的清口表演让满堂宾客捧腹不已。,50,6.7,0.6468132241526726,7
1071,exp2,738,清明,形容词。（政治）有法度，有条理。,清明之治。,50,6.2,1.195228609334394,7
1072,exp2,739,清明,形容词。（头脑）清楚；清醒。,神志清明。,49,5.448979591836735,1.4151151968684963,6
1073,exp2,740,清明,形容词。清澈而明朗。,月色清明。,49,5.448979591836735,1.0420577497151953,6
1074,exp2,741,清明,名词。二十四节气之一，在月、或日。民间习惯在这天扫墓。,清明扫墓，虽不焚化纸钱，也可训练小孩子一种恭肃静默的对先人的敬礼。,49,3.5306122448979593,1.2433496561092297,3
1075,exp2,742,清音,名词。曲艺的一种，流行于四川、重庆，用琵琶、二胡等伴奏。,在茶馆的一角，一位艺人正弹奏着琵琶，轻唱着四川清音，那悠扬的歌声和动听的旋律吸引了众多茶客的驻足聆听。,49,6.6938775510204085,0.9175166127617947,7
1076,exp2,743,清音,名词。旧时婚丧仪式中所用的吹奏乐。,在庄重的婚礼上，清音雅韵萦绕在礼堂的每个角落，为新人的幸福时刻增添了几分宁静与和谐。,50,6.8,0.7284313590846833,7
1077,exp2,744,清音,名词。发音时声带不振动的音。,当学习发音技巧时，我们了解到清音是指发音时声带不振动的音。,50,5.86,1.511992873323016,7
1078,exp2,745,游方,动词。云游四方。,游方郎中。,49,6.448979591836735,1.0813036978919608,7
1079,exp2,746,游方,动词。苗族男女青年的社交方式，多在节日或农闲时进行。通常是男女对歌，相邀谈话，互赠信物等。,两棵枫香树活像两个小伙子，撑着伞儿站在那里游方唱歌。,50,6.82,0.7743331561638656,7
1080,exp2,747,滚开,动词。走开；离开（斥责人的话）。,你给我滚开！,49,3.2653061224489797,0.9304011277419012,3
1081,exp2,748,滚开,形容词。液体温度高，达到沸点以上。,一壶滚开的水。,50,4.66,1.4929767552901598,4
1082,exp2,749,满怀,动词。心中充满。,满怀信心。,49,4.448979591836735,1.0618620533798933,4
1083,exp2,750,满怀,名词。指整个前胸部分。,没留神跟他撞个满怀。,49,5.36734693877551,1.1671524741691564,5
1084,exp2,751,满怀,动词。指所饲养的适龄的母畜全部怀孕。,今年的养殖场真是大丰收，所有的适龄母牛都满怀了，预计不久就会有大量的小牛犊降生。,50,6.66,0.7453255691854622,7
1085,exp2,752,滴答,拟声词。形容水滴落下的声音。,窗外滴滴答答，雨还没有停。,50,2.74,1.046081122229875,2.5
1086,exp2,753,滴答,动词。成滴地落下。,汗直往下滴答。,50,3.3,1.2657175104763825,3
1087,exp2,754,灌肠,动词。为了清洗肠道、治疗疾病等，把水、液体药物等从肛门灌到肠内。,医生建议使用灌肠治疗来缓解便秘问题，患者感觉效果很好。,49,6.346938775510204,0.855156428384189,7
1088,exp2,755,灌肠,名词。食品，原来是用肠衣塞肉末和淀粉，现在多用淀粉制成，吃时切成片，用油煎熟，放上蒜汁等。,江华还没有回答，夫役送来一大包吃的东西——有火烧，有熏鸡，有灌肠、熟肉等等，摆了半桌子。,50,5.34,1.4229890931358795,5.5
1089,exp2,756,火花,名词。迸发的火焰。,烟火喷出灿烂的火花。,50,3.84,1.0946996606096004,4
1090,exp2,757,火花,名词。火柴盒上的图案。,我的弟弟喜欢收集火花。,49,5.3061224489795915,1.770170444155179,5
1091,exp2,758,点子,名词。液体的小滴。,雨点子。,49,4.1020408163265305,1.6233311681947875,4
1092,exp2,759,点子,名词。小的痕迹。,衣服上有几个油点子。,50,3.74,1.5493250670099243,3
1093,exp2,760,点子,名词。指打击乐器演奏时的节拍。,鼓点子。,49,5.122448979591836,1.5225068836903013,5
1094,exp2,761,点子,名词。关键的地方。,这句话说到点子上了。,50,4.14,1.2937841980100109,4
1095,exp2,762,点子,名词。主意；办法。,出点子。,49,3.73469387755102,0.952529750280834,4
1096,exp2,763,点播,动词。播种的一种方法，每隔一定距离挖一小坑，放入种子。也叫点种。,农民们在田地里仔细地进行点播，期待秋季的丰收。,50,6.16,1.2512850537404676,7
1097,exp2,764,点播,动词。指定节目请广播电台、电视台播送。,听众点播的音乐节目。,49,4.551020408163265,1.3238394994893312,5
1098,exp2,765,点种,动词。点播种子。,使用现代化的机械点种设备，大大提高了播种的效率和准确性。,50,6.16,1.360672102833218,7
1099,exp2,766,点种,动词。点播。,农民们按照计划，在田地里精心点种着各种农作物的种子。,50,6.2,1.0101525445522108,7
1100,exp2,767,烟火,名词。烟和火。,建筑工地严禁烟火。,49,3.938775510204082,1.3602720816272091,4
1101,exp2,768,烟火,名词。烟火食。,不食人间烟火。,49,5.26530612244898,1.1863022065098197,5
1102,exp2,769,烟火,名词。〈书面语〉烽火；战火。,北边自宣帝以来，数世不见烟火之警，人民炽盛，牛羊布野。,49,5.36734693877551,1.4243986677281928,5
1103,exp2,770,烟火,名词。旧时指祭祀祖先的事，借指后嗣。,绝了烟火。,50,5.94,1.434416613264139,7
1104,exp2,771,烟火,名词。燃放时能发出各种颜色的火花，或同时变幻出各种景物而供人观赏的东西，主要是在火药中掺入锶、锂、铝、钡、镁、钠、铜等金属盐类，并用纸裹成，种类不一。也叫烟花、焰火。,烟火的确带来了很多的快乐，像彩虹一样，点缀了这年长的一代人的生活。,50,3.58,1.1795883059053152,3.5
1105,exp2,772,烧纸,动词。迷信的人烧纸钱等，认为可供死者在阴间使用。,你给鸣凤烧纸的时候，请你也给我烧一点。就当作我是个死了的人。,50,3.94,1.4201178450669338,4
1106,exp2,773,烧纸,名词。纸钱的一种，在较大的纸片上刻出或印上钱形。,老人教孙七点上香烛，焚化烧纸，他自己给小崔穿上衣裤。,50,4.48,1.6192716931776858,4
1107,exp2,774,热拍,动词。集中力量紧张地拍摄。,这部电视剧正在南方热拍。,49,6.142857142857143,1.190238071423808,7
1108,exp2,775,热拍,动词。火热地拍卖。,网上热拍奥运纪念品。,49,6.224489795918367,1.0260219726864397,7
1109,exp2,776,热炒,名词。炒出来趁热吃的菜肴（对“冷盘”而言）。,赵朴斋留着王谢两位便饭，而且到镇上的馆子里叫了一斤花雕，两碟冷荤，两道热炒。,50,5.3,1.5551100755055174,5.5
1110,exp2,777,热炒,动词。大事炒作。,赛事题材一再被媒体热炒。,50,6.08,1.0466662333722403,6
1111,exp2,778,煞气,动词。内充气体的器物因有小孔而慢慢漏气。,车带煞气了。,49,6.653061224489796,0.9693429993248704,7
1112,exp2,779,煞气,名词。凶恶的神色。,老爷一双眼睛，很有煞气，粗眉毛，大鼻子。,49,5.612244897959184,1.1146061810233738,6
1113,exp2,780,煞气,名词。迷信的人指不祥之气，不吉利的征兆。,这照壁是为四座祠堂挡住西屏山“煞气”的又一道屏障。,49,5.6938775510204085,1.2111303541295122,6
1114,exp2,781,熟地,名词。经过多年耕种的土地。,查出熟地荒地三万余亩。,49,6.673469387755102,0.6578929466499094,7
1115,exp2,782,熟地,名词。药名，经过蒸晒的地黄，黑色，有滋补作用。也叫熟地黄。,伯和道：“我一个月以来只吃些熟地、黄精之类当饭，噙些乌梅代茶。”,49,6.8979591836734695,0.3677010764638216,7
1116,exp2,783,爆炒,动词。烹调方法，用滚油快速翻炒。,爆炒腰花。,50,4.54,1.0538558938004563,4
1117,exp2,784,爆炒,动词。在一段时间内极力炒作。,爆炒内幕新闻。,49,6.408163265306122,0.933594472699888,7
1118,exp2,785,片子,名词。电影胶片，泛指影片。,这部片子获奖了。,49,4.326530612244898,1.1970059019285169,4
1119,exp2,786,片子,名词。光照相的底片。,拍片子。,50,4.4,1.3248026422136725,4
1120,exp2,787,片子,名词。唱片。,放些老片子听听。,49,4.816326530612245,1.6915657119435616,5
1121,exp2,788,片子,名词。片。,瓦片子。,49,4.448979591836735,1.826440350447147,4
1122,exp2,789,片子,名词。名片。,递给他一张片子。,49,5.510204081632653,1.5827514147257384,6
1123,exp2,790,牙子,名词。〈口语〉物体周围雕花的装饰或突出的部分。,桌椅的牙子做工精细。,49,6.591836734693878,0.9110060223670946,7
1124,exp2,791,牙子,名词。旧时为买卖双方撮合从中取得佣金的人（通常卖方为农民、渔民等小生产者，买方为收购商或消费者）。,旧时的市集上，牙子们穿梭于人群之中，为买卖双方牵线搭桥。,50,6.58,0.9495433918790784,7
1125,exp2,792,牙床,名词。牙龈的通称。,最近可能因为上火，我的牙床有些肿痛，连吃饭都变得不那么香了。,49,5.224489795918367,1.2790834303393608,5
1126,exp2,793,牙床,名词。有象牙雕刻装饰的床，也泛指装饰精美的床。,在这次文物展上，有一张精美的牙床深深地吸引了大家的目光。,50,6.26,1.2586030480866723,7
1127,exp2,794,牙石,名词。结成硬块的牙垢。,长期忽视口腔卫生，牙齿上逐渐累积了一层牙石。,49,6.26530612244898,1.016028013969136,7
1128,exp2,795,牙石,名词。缘石。,在城市的人行道上，每隔一段距离就会设置一块牙石。,50,6.4,1.2289036095775183,7
1129,exp2,796,特务,形容词；属性词。军队中指担任警卫、通信、运输等特殊任务的。,特务连不是在长官旁边保卫长官的吗？,49,4.979591836734694,1.1635039736067254,5
1130,exp2,797,特务,名词。经过特殊训练，从事刺探情报、颠覆、破坏等活动的人。,关东军通过这样一个网罗一切人口的组织“协和会”，更便于进行奴化宣传、特务监视和奴役人民。,50,5.08,1.1752550743544647,5
1131,exp2,798,犄角,名词。〈口语〉物体两个边沿相接的地方；棱角。,桌子犄角。,50,5.16,1.888309901926664,5
1132,exp2,799,犄角,名词。〈口语〉角落。,屋子犄角。,50,5.22,1.5556349186104046,5
1133,exp2,800,犄角,名词。〈口语〉角。,牛犄角。,50,4.4,1.6288220358559118,4
1134,exp2,801,狂劲,名词。张狂的劲头。,足球运动员的年身价，借着球迷的狂劲扶摇直上。,50,5.92,1.2910998317365718,6
1135,exp2,802,狂劲,形容词。狂放刚劲。,狂劲的黑人音乐。,49,6.020408163265306,1.0505910225195338,6
1136,exp2,803,现世,名词。今生；这一辈子。,现世报。,49,5.551020408163265,1.242665557209513,6
1137,exp2,804,现世,动词。出丑；丢脸。,你没本事做这工作就不要现世！,49,6.061224489795919,1.4635596341526664,7
1138,exp2,805,球台,名词。球体被两个平行平面所截而夹在两平面中间的部分。,在数学中，夹在两平行平面间的部分叫做球台，两平行平面间的距离叫做球台的高。,50,6.44,0.951046684405328,7
1139,exp2,806,球台,名词。打台球、乒乓球等用的像桌子的东西。,他特别喜欢打乒乓球，于是他爸爸就给他买了球台。,50,4.7,1.2494896917525646,5
1140,exp2,807,生人,动词。（人）出生（用于时间词后）。,他1949年生人。,50,5.22,1.3893178475901955,5
1141,exp2,808,生人,名词。不认识的人（跟“熟人”相对）。,孩子怕见生人。,50,3.66,1.2055991820481229,4
1142,exp2,809,生地,名词。陌生的地方。,乍到生地，两眼一抹黑。,49,5.979591836734694,1.3305668578712253,7
1143,exp2,810,生地,名词。生荒地。,这片生地蕴含着丰富的肥力，非常适合农作物的种植。,49,6.448979591836735,0.958758409128613,7
1144,exp2,811,生地,名词。药名，未经蒸制的地黄的根，鲜的淡黄色，干的灰褐色。也叫生地黄。,中医常使用生地来配制各种药方，以治疗多种病症。,49,6.795918367346939,0.5392738882336248,7
1145,exp2,812,生息,动词。取得利息。,钱存银行生息。,50,6.34,1.099350457575485,7
1146,exp2,813,生息,动词。生活；生存。,我们的祖先曾在这块土地上劳动生息过。,50,5.42,1.2791897946013504,5
1147,exp2,814,生息,动词。〈书面语〉繁殖（人口）。,休养生息。,50,5.76,1.1528137715332578,6
1148,exp2,815,生息,动词。〈书面语〉使生长。,生息力量。,50,5.6,1.3401187885209804,6
1149,exp2,816,生气,动词。因不合心意而不愉快。,孩子考试成绩很差，妈妈非常生气。,50,2.46,1.1816626128520122,2
1150,exp2,817,生气,名词。生命力；活力。,青年是最有生气的。,50,5.06,1.202208851426814,5
1151,exp2,818,用人,动词。选择与使用人员。,用人不当。,49,5.020408163265306,1.2663891568544954,5
1152,exp2,819,用人,动词。需要人手。,现在正是用人的时候。,49,4.755102040816326,1.4072818398852265,5
1153,exp2,820,用人,名词。仆人。,她是曾家多年的用人，大奶奶的丈夫就吃她的乳水哺养大的。,49,5.1020408163265305,1.294940441989252,5
1154,exp2,821,用心,形容词。集中注意力；多用心力。,用心听讲。,49,3.489795918367347,1.0025477748298717,3
1155,exp2,822,用心,名词。怀着的某种念头。,别有用心。,50,4.66,1.117760150972489,5
1156,exp2,823,白口,名词。线装书书口的一种格式，版口中心上下都是空白的，叫作白口（区别于“黑口”）。,版心有鱼尾…鱼尾上下到版匡为止，这空格叫作象鼻。象鼻空白叫作白口。,50,6.88,0.5938459911664722,7
1157,exp2,824,白口,名词。戏曲中的说白。,凡地方戏的胶着本土的，台上白口都和日常说话一样。,50,6.58,1.051529498261597,7
1158,exp2,825,白地,名词。没有种上庄稼的田地。,留下一块白地准备种白薯。,50,6.42,1.1967643452071852,7
1159,exp2,826,白地,名词。没有树木、房屋等的土地。,村子被烧成一片白地。,49,6.530612244897959,0.8441475191064685,7
1160,exp2,827,白地,名词。白色的衬托面。,白地儿红花儿。,49,5.73469387755102,1.680470050859799,7
1161,exp2,828,白头,名词。白发，指老年。,白头偕老。,50,4.28,1.1435712054965428,4
1162,exp2,829,白头,形容词；属性词。不署名或没有印章的。,白头材料。,49,6.795918367346939,0.6116777418411965,7
1163,exp2,830,白条,名词。财务上指不符合财会制度规定的非正式单据。,打白条。,50,6.48,0.931095470674304,7
1164,exp2,831,白条,形容词；属性词。商品上指家禽、牲畜宰杀后煺毛或去头、蹄、内脏的。,白条鸡。,50,6.76,0.7159979477795241,7
1165,exp2,832,白道,名词。指正当的或合法的途径（对“黑道”而言）。,在生意场上，他黑道白道都走过。,50,5.96,1.0490034143249043,6
1166,exp2,833,白道,名词。指合法的组织，有时特指政府机关。（对“黑道”而言）。,他跟白道黑道都有来往。,49,5.836734693877551,1.1244802276220445,6
1167,exp2,834,白道,名词。月球绕地球运行的轨道。,月球沿着白道缓缓绕行地球，为我们带来了阴晴圆缺的月相变化。,49,6.836734693877551,0.6240639248610078,7
1168,exp2,835,相应,动词。旧式公文用语，应该。,相应咨复。,50,5.84,1.28349013972664,6
1169,exp2,836,相应,动词。互相呼应或照应；相适应。,环境改变了，工作方法也要相应地改变。,49,4.326530612244898,1.1065666703449768,4
1170,exp2,837,眼线,名词。化妆时在上下眼皮边沿画的线条（多为黑色）。,描眼线。,49,5.653061224489796,1.1645997239424375,6
1171,exp2,838,眼线,名词。暗中侦察情况、必要时担任向导的人。,盛光斗等人特别小心，只拉可靠的农民加入，防备混进敌人的眼线，反倒坏事。,50,5.32,1.1506874608915587,5
1172,exp2,839,知情,动词。知道事件的情节（多用于有关犯罪事件）。,知情不报。,50,4.86,1.0303555954432548,5
1173,exp2,840,知情,动词。对别人善意行动表示的情谊心怀感激。,对于你的热情帮助，我很知情。,49,6,1.3385315336840842,7
1174,exp2,841,矫情,形容词。〈口语〉指强词夺理，无理取闹。,这个人太矫情。,50,4.6,1.2936264483053457,4
1175,exp2,842,矫情,动词。〈书面语〉故意违反常情，表示与众不同。,他很擅长矫情自饰，让别人看不透他。,50,5.02,1.3626205245326195,5
1176,exp2,843,短款,形容词；属性词。款式较短的（服装）。,短款大衣。,50,4.24,1.478554175192641,4
1177,exp2,844,短款,动词。指结账时现金的数额少于账面的数额。,经过细致的检查，我们发现昨晚的收银记录存在短款现象，需要尽快查明原因并妥善处理，以免影响店铺的正常运营。,50,6.66,0.7982122882685141,7
1178,exp2,845,神道,名词。迷信的人关于鬼神祸福的说法。,干宝尝感于其父婢死而再生，及其兄气绝复苏，自言见天神事，乃撰《搜神记》二十卷，以‘发明神道之不诬’。,49,6.469387755102041,0.892142571199771,7
1179,exp2,846,神道,名词。〈口语〉神。,正月十八日，铁溪里的“神道”出现，满城人家，家家都要关门躲避。,49,6.510204081632653,1.1203133672398662,7
1180,exp2,847,神道,名词。墓道。,神道碑。,50,6.62,0.9452350965527576,7
1181,exp2,848,私房,名词。属于私人的房屋。,祖上留下一处私房。,49,5.6938775510204085,1.3260857443470782,6
1182,exp2,849,私房,形容词；属性词。家庭成员个人积蓄的（财物）。,私房钱。,49,4.816326530612245,1.2857142857142858,5
1183,exp2,850,私房,形容词；属性词。不愿让外人知道的。,私房话。,49,5.775510204081633,1.2460822960123354,6
1184,exp2,851,科考,动词。科学考察。,深入南极腹地进行科考。,49,5.489795918367347,1.0824826592066008,5
1185,exp2,852,科考,动词。〈书面语〉科举考试。,上京科考。,49,5.530612244897959,1.1011743885568743,5
1186,exp2,853,空乏,形容词。空洞乏味。,内容空乏。,49,5.530612244897959,1.2433496561092297,6
1187,exp2,854,空乏,形容词。〈书面语〉穷困。,家计空乏。,49,6.26530612244898,1.0160280139691362,7
1188,exp2,855,空门,名词。指佛教，因佛教认为世界是一切皆空的。,遁入空门。,49,6.244897959183674,0.9901728015203952,7
1189,exp2,856,空门,名词。指某些球类比赛中因守门员离开而无人把守的球门。,面对空门却把球踢飞了。,49,5.673469387755102,1.3751932455422529,6
1190,exp2,857,立地,动词。立在地上。,顶天立地。,49,4.36734693877551,1.3180458633747092,4
1191,exp2,858,立地,名词。林业上指树木生长的地方和气候、水文等条件。,立地不同，树木的生长就有差异。,50,6.62,0.8302937763840222,7
1192,exp2,859,立地,副词。立刻。,放下屠刀，立地成佛。,50,5.16,1.3149066856004397,5
1193,exp2,860,站台,名词。车站上下乘客或装卸货物的高于路面的平台。也叫月台。,乘客们在站台上有序地等待列车进站。,50,4.06,1.2682946931101733,4
1194,exp2,861,站台,动词。台湾地区指知名人士出席政治、商业、娱乐等集会，为主办方或候选人捧场、造势。,明星大腕儿纷纷赶来为新秀站台。,49,6.204081632653061,1.257967802925528,7
1195,exp2,862,累累,形容词。〈书面语〉憔悴颓丧的样子。,累累若丧家之狗。,50,6.66,0.65807387464463,7
1196,exp2,863,累累,形容词。〈书面语〉接连成串的样子。,果实累累。,50,4.52,0.9946797248873838,4
1197,exp2,864,累累,形容词。形容累积得多。,罪行累累。,49,4.8979591836734695,1.0256075020685638,5
1198,exp2,865,累累,副词。屡屡。,累累失误。,50,5.68,1.1856282240712248,6
1199,exp2,866,结实,动词。长出果实。,我每年看见树林里底果木开花结实。,50,4.82,1.5868078597213553,4.5
1200,exp2,867,结实,形容词。坚固；牢固。,这双鞋很结实。,49,3.693877551020408,1.2780858348955066,4
1201,exp2,868,结实,形容词。健壮。,他的身体结实。,50,3.8,1.2777531299998801,4
1202,exp2,869,结集,动词。把单篇的诗文编在一起；编成集子。,结集出版。,49,6.204081632653061,1.1543322715740385,7
1203,exp2,870,结集,动词。聚集；特指军队调动到某地聚集。,结集兵力。,49,4.959183673469388,1.3063815112979915,5
1204,exp2,871,编制,动词。把细长的东西交叉组织起来，制成器物。,用柳条编制的筐子。,49,5.040816326530612,1.322232702563316,5
1205,exp2,872,编制,动词。根据资料做出（规程、方案、计划等）。,编制教学方案。,50,5.78,1.1119022127022884,6
1206,exp2,873,编制,名词。组织机构的设置及其人员数量的定额和职务的分配。,扩大编制。,49,5.877551020408164,1.3328017647863797,6
1207,exp2,874,缩编,动词。把作品、节目等压缩编辑，使篇幅减少。,把原来集的电视连续剧缩编成集。,49,6.428571428571429,0.9574271077563375,7
1208,exp2,875,缩编,动词。（部队、机关等）缩减编制。,军队缩编。,50,6.22,1.130107453803778,7
1209,exp2,876,罗锅,动词。驼背。,他有点儿罗锅儿。,49,5.3061224489795915,1.734503791105844,6
1210,exp2,877,罗锅,名词。指驼背的人。,这人是个罗锅儿。,49,5.26530612244898,1.6043626746582995,5
1211,exp2,878,罗锅,形容词。拱形。,罗锅桥。,50,6.14,1.2455635557564182,7
1212,exp2,879,罗锅,动词。〈口语〉弯（腰）。,罗锅着腰坐在炕上。,49,5.836734693877551,1.559205710924505,7
1213,exp2,880,罢了,助词。用在陈述句的末尾，表示“仅此而已”，常跟“不过、无非、只是”等词前后呼应。,别当真，我只是开个玩笑罢了。,49,4.408163265306122,1.206205609665747,4
1214,exp2,881,罢了,动词。因遇到困难而作罢。,春节本来想去旅游，可买不到票，只好罢了。,50,4.56,1.2315578321287035,5
1215,exp2,882,罢了,动词。表示容忍，有勉强放过暂不深究或无可奈何的意思；算了。,他自己不愿参加也就罢了，干吗还不让别人参加？,49,4.1020408163265305,1.1225881175358363,4
1216,exp2,883,翻腾,动词。（波浪等）上下滚动。,海水翻腾。,50,4.08,1.139996419614857,4
1217,exp2,884,翻腾,动词。在空中做翻转身体的动作。,向内翻腾两周半后稳稳落地。,50,4.76,1.2707060547392617,5
1218,exp2,885,翻腾,动词。比喻思绪起伏。,往事像过电影一样在脑子里翻腾。,50,5.24,1.1168468734681178,5
1219,exp2,886,翻腾,动词。翻动。,几个柜子都翻腾到了，也没找着那件衣服。,49,4.3061224489795915,1.4606517043294558,4
1220,exp2,887,肚子,名词。用作食品的动物的胃。,猪肚子。,49,3.142857142857143,1.607275126832159,3
1221,exp2,888,肚子,名词。腹的通称。,杨子荣躬着腰，捂着肚子，装着肚子痛的样子，走回自己的铺上。,50,2.16,1.2992933715316652,2
1222,exp2,889,肚子,名词。物体圆而凸起像肚子的部分。,腿肚子。,50,3.42,1.83046776669188,3
1223,exp2,890,背书,动词。背诵念过的书。,过去上私塾每天早晨要背书，背不出书要挨罚。,50,3.58,0.9055385138137418,4
1224,exp2,891,背书,动词。持有票据的人转让票据时，在票据背面批注并签名盖章。经过背书的票据，付款人不能付款时，背书人负付款责任。,这笔交易需要进行背书才能完成资金的转移。,49,6.795918367346939,0.5766133827767778,7
1225,exp2,892,背书,动词。比喻全力支持某人或某事，并愿意为此做担保。,他的领导对他的项目计划进行了背书，让他充满信心地去实施。,49,6.26530612244898,1.0949792654825632,7
1226,exp2,893,脉金,名词。中医指给医生的酬金。,老中医经验丰富，治好了疑难杂症，这笔丰厚的脉金实属应该。,49,6.795918367346939,0.7632057345154579,7
1227,exp2,894,脉金,名词。石英脉中含的粒状金子。也叫山金。,地质勘探队在岩缝中找到了富含脉金的石英，有望大赚一笔。,49,6.836734693877551,0.47200541908569066,7
1228,exp2,895,自制,动词。自己制造。,自制糕点。,50,4.28,1.2623269733928295,4
1229,exp2,896,自制,动词。克制自己。,难以自制。,49,5.061224489795919,1.329288081162653,5
1230,exp2,897,自在,形容词。自由；不受拘束。,逍遥自在。,49,4.122448979591836,1.166059122665322,4
1231,exp2,898,自在,形容词。安闲舒适。,他们俩的小日子过得挺自在。,49,4.26530612244898,1.0562415720389913,4
1232,exp2,899,自是,副词。自然是。,久别重逢，自是高兴。,50,5.24,1.2545427657200088,5
1233,exp2,900,自是,形容词。自以为是。,他既很自是又很顽固。,49,5.6938775510204085,1.516631157542008,6
1234,exp2,901,自然,名词。自然界。,大自然。,49,3.142857142857143,1.3070322617798436,3
1235,exp2,902,自然,形容词。自由发展；不经人力干预（区别于“人工、人造”）。,自然免疫。,49,4.285714285714286,1.457737973711325,4
1236,exp2,903,自然,副词。表示理所当然。,只要认真学习，自然会取得好成绩。,49,3.836734693877551,1.3125506145083543,4
1237,exp2,904,自然,连词。连接分句或句子，表示语义转折或追加说明。,你应该虚心学习别人的优点，自然，别人也要学习你的长处。,49,4.346938775510204,1.377664394427565,4
1238,exp2,905,自然,形容词。不勉强；不局促；不呆板。,他是初次演出，但演得挺自然。,50,3.84,1.1313708498984756,4
1239,exp2,906,自用,动词。私人使用。,自用汽车。,49,4.73469387755102,1.3034491136353328,5
1240,exp2,907,自用,动词。〈书面语〉自以为是。,刚愎自用。,49,5.918367346938775,1.1873769180753984,6
1241,exp2,908,自重,动词。注意自己的言行。,请自重些！,49,5.122448979591836,1.1297612775350758,5
1242,exp2,909,自重,动词。〈书面语〉抬高自己的身份、地位。,拥兵自重。,50,6.14,1.0692358514950988,6.5
1243,exp2,910,自重,名词。机器、运输工具或建筑物承重构件等本身的重量。,工程师在设计桥梁时，必须充分考虑到自重以及可能承受的最大负载。,49,5.938775510204081,1.1439726698604982,6
1244,exp2,911,船帮,名词。船身的侧面。,他靠在船帮上，静静地欣赏着湖光山色。,50,6.5,0.9741558354989898,7
1245,exp2,912,船帮,名词。成群结队的船。,远处江面上，一个庞大的船帮正缓缓驶来，场面十分壮观。,50,6.2,1.1605769149479943,7
1246,exp2,913,艾虎,名词。艾鼬。,在自然生态系统中，艾虎作为捕食者，对控制小型动物数量起着重要作用。,49,6.8979591836734695,0.5101020306102039,7
1247,exp2,914,艾虎,名词。用艾做成的像老虎的东西，旧俗端午节给儿童戴在头上，认为可以驱邪。,端午节那天，家家户户都会制作艾虎挂在门上，以求驱邪避害，保佑家人平安。,49,6.714285714285714,0.8897565210026089,7
1248,exp2,915,花冠,名词。花的组成部分之一，由若干花瓣组成。双子叶植物的花冠一般可分为合瓣花冠和离瓣花冠两大类。,就拿鲜花来说吧，它们各有花冠上微小的纤毛，各有花青素。,49,5.326530612244898,1.419914244799676,6
1249,exp2,916,花冠,名词。旧时妇女出嫁时戴的装饰华丽的帽子。,那位新娘头戴华丽的花冠，步入了婚姻的殿堂。,50,5.84,1.28349013972664,6
1250,exp2,917,苦头,名词。稍苦的味道。,这口井的水带点儿苦头儿。,50,5.08,1.4824139166940402,5
1251,exp2,918,苦头,名词。苦痛；磨难；不幸。,吃尽苦头。,49,4.244897959183674,1.1642345884188237,4
1252,exp2,919,草字,名词。草书汉字。,草字是汉字字体的一种。,49,5.1020408163265305,1.228903609577518,5
1253,exp2,920,草字,名词。旧时对自己表字的谦称。,“哦，久仰久仰！还没有请教台甫……’”“草字阔亭。”,49,6.448979591836735,1.1736911946539268,7
1254,exp2,921,草本,形容词；属性词。有草质茎的（植物）。,靠左边又有一大丛草本的绣球花，开得正茂盛。,50,5.36,1.4534968390830747,6
1255,exp2,922,草本,名词。文稿的底本。,他在完成最终稿件之前，反复修改了多次草本，力求每一个细节都尽善尽美。,50,6.16,1.2674898864467905,7
1256,exp2,923,草签,名词。草标儿。,在古代市集上，农民们常常在自家出售的牲畜或农产品上插上草签，作为出售的标志。,50,6.48,1.0736168130317685,7
1257,exp2,924,草签,动词。缔约双方在条约、协议等的草案上临时签署自己的姓名。草签后还有待正式签字。,双方代表经过长时间的谈判，终于草签了这份合作协议。,49,6.775510204081633,0.7434521426664759,7
1258,exp2,925,落空,动词。〈口语〉错过机会。,学校组织的每年一次的旅游活动，他从没落过空。,50,5.18,1.2237446712481177,5
1259,exp2,926,落空,动词。没有达到目的或目标；没有着落。,希望落空了。,50,4.96,1.1773370158878012,5
1260,exp2,927,蒙药,名词。〈口语〉指麻醉药。,在手术中，医生使用了蒙药来确保患者能够无痛地度过手术过程。,50,6.1,1.073806884169494,7
1261,exp2,928,蒙药,名词。蒙医所用的药物，以植物的为最多。,在内蒙古的草原上，蒙药被广泛应用于治疗各种疾病，其独特的药效深受当地人的信赖。,50,6.5,0.9741558354989898,7
1262,exp2,929,血拼,动词。指进行激烈的殴斗或竞争。,与敌人血拼到底。,50,5,1.3093073414159542,5
1263,exp2,930,血拼,动词。花很多钱买东西。［英shopping］,周末商场大促销，我忍不住去血拼了一堆衣服。,49,6.020408163265306,1.0895296370140524,6
1264,exp2,931,血晕,动词。受伤后皮肤未破，呈红紫色。,他的胳膊不小心磕了一下，今天就已经血晕了。,50,6.04,1.3241863115721677,7
1265,exp2,932,血晕,名词。中医指产后因失血过多而晕厥的病症。,她产后失血过多，突然感到一阵眩晕，医生诊断说她这是血晕病症。,49,6.36734693877551,0.9285714285714288,7
1266,exp2,933,行经,动词。来月经。,女子行经时，最好采用淋浴的方式沐浴。,50,6.66,0.626294577622371,7
1267,exp2,934,行经,动词。行程中经过。,火车从北京开出，行经天津抵达上海。,50,5.54,1.388142202913738,6
1268,exp2,935,补编,动词。在内容上对已经出版的著作进行补充编写。,词典这次修订补编了一些新词。,50,6.34,0.8478062928547312,7
1269,exp2,936,补编,名词。指补充编写的著作（多用于书名）。,本补编所用的所有词汇与章程所使用者具有相同涵义。,49,6.428571428571429,0.9354143466934852,7
1270,exp2,937,补编,动词。（部队、机关等）补充编制。,缺员很多，应及时补编。,49,6.612244897959184,0.6713272466605563,7
1271,exp2,938,袭取,动词。出其不意地夺取（多用于武装冲突）。,袭取敌人的营地。,49,6.285714285714286,1.040832999733066,7
1272,exp2,939,袭取,动词。沿袭地采取。,后人袭取这个故事，写成了戏。,50,6.6,0.8081220356417685,7
1273,exp2,940,裹脚,动词。旧时一种陋习，用长布条把女孩子的脚紧紧地缠住，为使脚纤小，而造成脚骨畸形。,他听说中国的女人是裹脚的，但不知道详细，所以要问我怎么裹法，足骨变成怎样的畸形。,50,5.5,1.2975644374703537,6
1274,exp2,941,裹脚,名词。旧时妇女裹脚用的长布条。也叫裹脚布。,我们应当禁绝一切空话。但是主要的和首先的任务，是把那些又长又臭的懒婆娘的裹脚，赶快扔到垃圾桶里去。,49,5.469387755102041,1.3086577222534572,6
1275,exp2,942,褒贬,动词。评论好坏。,不加褒贬。,50,5.04,1.3086837132112896,5
1276,exp2,943,褒贬,动词。批评缺点；指责。,有意见要当面提，别在背地里褒贬人。,50,5.18,1.172647449498922,5
1277,exp2,944,见长,动词。在某方面显示出特长。,先生工于书法，尤以草书见长。,50,5.44,1.2315578321287033,6
1278,exp2,945,见长,动词。看着比原来高或大。,一场春雨后，麦苗见长了。,49,5.122448979591836,1.480887305261394,5
1279,exp2,946,解难,动词。解决困难或疑难。,释疑解难。,49,5.3061224489795915,1.261680123761121,5
1280,exp2,947,解难,动词。解除危难。,排忧解难。,50,5.2,1.261680123761121,5
1281,exp2,948,言语,名词。说的话。,言语粗鲁。,49,4.122448979591836,1.3328017647863792,4
1282,exp2,949,言语,动词。〈口语〉说；说话。,你走的时候言语一声儿。,50,5.06,1.6587430697454535,5
1283,exp2,950,计数,动词。统计（数目）；计算。,不可计数。,49,3.673469387755102,1.1616754262350424,4
1284,exp2,951,计数,动词。数事物的个数；统计数目。,计数器。,50,3.64,1.2249114920129154,3
1285,exp2,952,试播,动词。新种子、新播种方法推广前，先在小范围内进行试验性播种，以检验其质量和效果。,今年春季，农业研究所决定对新研发的高产玉米种子进行试播。,50,6.44,1.013379877198183,7
1286,exp2,953,试播,动词。新建立的广播电台或电视台进行试验性播放，以检验设备的性能是否合乎要求。,为了确保新建立的电视台能够顺利开播，技术人员们正在进行紧张的试播工作。,50,5.82,1.1192198449029087,6
1287,exp2,954,试播,动词。节目正式播放前为听取意见先在一定范围内播放。,这部电视剧今天试播两集。,49,5.36734693877551,1.3646409410387712,6
1288,exp2,955,说法,动词。讲解佛法。,都到七宝莲台之下，各听如来说法。,49,5.714285714285714,1.513825177048745,6
1289,exp2,956,说法,名词。措辞。,改换一个说法。,49,3.979591836734694,1.0702374331265496,4
1290,exp2,957,说法,名词。意见；见解。,“后来居上”是一种鼓舞人努力向上的说法。,50,4.16,1.017399646557991,4
1291,exp2,958,说法,名词。指处理问题的理由或根据。,向上级讨个说法。,49,4.510204081632653,1.401226382191564,5
1292,exp2,959,调制,动词。使电磁波的振幅、频率或脉冲的有关参数依照所需传递的信号而变化。,研究人员通过调制实验参数，成功观察到了量子纠缠现象，为量子通信技术的发展提供了新的思路。,49,6.775510204081633,0.6851187890446743,7
1293,exp2,960,调制,动词。调配制作。,调制鸡尾酒。,49,5.408163265306122,1.2402682395846671,5
1294,exp2,961,调拨,动词。调动拨付（多指物资）。,调拨款项。,49,5.918367346938775,1.2047948423880714,6
1295,exp2,962,调拨,动词。调遣。,人员都听从他的指挥和调拨。,50,5.6,1.3093073414159548,6
1296,exp2,963,调拨,动词。挑拨。,他总是在同事之间调拨离间，制造不必要的矛盾，真是令人厌恶。,49,5.244897959183674,1.1462004668486578,5
1297,exp2,964,调配,动词。调动分配。,劳动力和工具调配得合理，工作进行就顺利。,49,5.448979591836735,1.3549481000176709,6
1298,exp2,965,调配,动词。调和，配合（颜料、药物等）。,那些红红黄黄的油彩，确是调配得很鲜明。,49,5.326530612244898,1.405165398064715,6
1299,exp2,966,谦辞,名词。表示谦虚的言辞，如“过奖、不敢当”等。也作谦词。,与人交往时，恰当使用谦辞能够给对方留下良好的印象。,50,5.76,1.134972803773783,6
1300,exp2,967,谦辞,动词。谦让推辞。,大家诚意推举你，你就别谦辞了。,49,6,1.118033988749895,6
1301,exp2,968,贫气,形容词。行动、态度不大方；小气。,这个人贫气，不上台面。,49,6.63265306122449,0.8340133280065238,7
1302,exp2,969,贫气,形容词。絮叨可厌。,一句话说了又说，真贫气。,50,6.38,1.2270755012281376,7
1303,exp2,970,贴边,动词。紧靠着边缘。,贴着边儿走。,49,4.122448979591836,1.6410445487202212,4
1304,exp2,971,贴边,形容词。挨边；沾边。,你说的话和事实不贴边儿。,50,5.38,1.5503784923004298,6
1305,exp2,972,贴边,名词。缝在衣服里子边上的窄条，一般跟面儿用同样的料子。,技工们从衣服的折缝里或贴边处抽出一根根细细的纤维，然后按着料子的经线纬线织上去。,49,6.061224489795919,1.1973610438743008,7
1306,exp2,973,赛会,名词。旧时的一种民俗活动，用仪仗和吹打演唱迎神像出庙，巡游于街巷或村庄间。,我常存着这样的一个希望：这一次所见的赛会，比前一次繁盛些。,50,6.24,1.3486198538521086,7
1307,exp2,974,赛会,名词。运动会。,打破赛会纪录。,50,5.68,1.3005493344846912,6
1308,exp2,975,起子,名词。开瓶盖的工具，前端是椭圆形的环，后面有柄，多用金属制成。,他掏出试电笔，那上面有个小起子。,50,4.62,1.3834296335630547,5
1309,exp2,976,起子,量词。群；批。,一起子客人。,50,6.64,0.9205144967764006,7
1310,exp2,977,起来,动词。由躺、卧而坐，由坐、跪而站。,你起来，让老太太坐下。,49,2.4081632653061225,0.977206207915768,2
1311,exp2,978,起来,动词。指起床。,刚起来就忙着下地干活儿。,50,2.58,1.2631350696111767,2
1312,exp2,979,起来,动词。泛指兴起、奋起、升起、立起等。,情绪起来了。,49,3.2448979591836733,1.2833973833296586,3
1313,exp2,980,起来,动词；趋向动词。用在动词后，表示向上。,1949年新中国成立，中国人民从此站起来了。,49,3.163265306122449,1.343920551587627,3
1314,exp2,981,起来,动词；趋向动词。用在动词或形容词后，表示动作或情况开始并且继续。,一句话把屋子里的人都逗得大笑起来。,50,3.38,1.3536044096999622,3
1315,exp2,982,起来,动词；趋向动词。用在动词后，表示动作完成或达到目的。,球队已经组织起来了。,49,3.326530612244898,1.028505288878818,3
1316,exp2,983,起来,动词；趋向动词。用在动词后，表示估计或着眼于某一方面。,看起来，他不会来了。,50,3.48,1.2974071473991688,3.5
1317,exp2,984,起火,动词。点火做饭。,在食堂吃饭比自己起火方便。,49,4.8979591836734695,1.5033975128463708,5
1318,exp2,985,起火,动词。发生火警。,仓库起火了。,50,3.2,1.0879675865519869,3
1319,exp2,986,起火,动词。着急发脾气。,你别起火，听我慢慢儿对你说。,50,5.58,1.4858516420022616,6
1320,exp2,987,起火,名词。带着苇子秆的花炮，点着后能升得很高。,一夜人声杂沓，语笑喧阗，爆竹起火，络绎不绝。,49,4.73469387755102,1.9232731454051797,5
1321,exp2,988,超生,动词。佛教用语，指人死后灵魂投生为人。,侯殿魁把他找了去，说：“咱们还是叔伯叔侄，咱哥哥做的事，也就算了，让亡灵超生吧。”,50,5.68,1.096190062471479,6
1322,exp2,989,超生,动词。比喻为人开脱。,小人所言句句属实，还望老爷超生。,50,6.32,1.2687773320671158,7
1323,exp2,990,超生,动词。指超过计划生育指标生育。,人口超生给儿童的管理工作增加了许多困难。,50,5.02,1.42126704035519,5
1324,exp2,991,跑车,动词。〈口语〉列车员随车工作。,爸爸是火车司机，那天跑车回来到了家。,50,5.76,1.4506859742612686,6
1325,exp2,992,跑车,名词。赛车。,他驾驶着那辆炫酷的跑车，轻松地超越了其他竞争对手，赢得了比赛。,49,3.877551020408163,1.285052739858441,4
1326,exp2,993,跑车,名词。林区运木材用的一种车。,跑车的设计非常独特，能够适应林区复杂的地形，确保木材能够顺利、安全地运输到目的地。,50,6.34,1.3940105114820502,7
1327,exp2,994,跟前,名词。身边；附近。,请你到我跟前来。,50,3.18,1.272792206135786,3
1328,exp2,995,跟前,名词。临近的时间。,春节跟前。,49,3.836734693877551,1.4193152512084568,4
1329,exp2,996,跟前,名词。身体的近旁（专指有无儿女说）。,他跟前只有一个女儿。,50,3.78,1.5291721116142472,3
1330,exp2,997,跟班,动词。随同某一劳动集体或学习集体（劳动或学习）。,跟班干活儿。,50,4.6,1.5386185163241444,4.5
1331,exp2,998,跟班,名词。旧时跟随在官员身边供使唤的人。也叫跟班儿的。,“文攻武卫”那阵，他是郑“司令”的讲稿起草人兼跟班，后来被提拔为政工组长。,50,4.52,1.4879104647190329,4
1332,exp2,999,转向,动词。转变方向。,上午是东风，下午转向了，成了南风。,49,4.081632653061225,1.2047948423880714,4
1333,exp2,1000,转向,动词。比喻改变政治立场。,末了我还想申说几句，便是悔过转向的问题。,50,6.1,1.2657175104763825,7
1334,exp2,1001,转向,动词。迷失方向。,晕头转向。,50,4.16,1.2834901397266398,4
1335,exp2,1002,转载,动词。报刊上刊登别的报刊上发表过的文章。,几种报纸都转载了《人民日报》的社论。,50,5.04,1.261032942326509,5
1336,exp2,1003,转载,动词。过载。把一个运输工具上装载的东西卸下来，装到另一个运输工具上。,为了确保货物能够按时到达目的地，工人们迅速地将这批物资从卡车上转载到了火车上。,49,5.959183673469388,1.019787226040098,6
1337,exp2,1004,转运,动词。运气好转。,我这次出门以前，有朋友跟我排过八字，说现在正转运，一路逢凶化吉。,49,5.26530612244898,1.3658866199298536,5
1338,exp2,1005,转运,动词。把运来的东西再运到另外的地方去。,转运物资。,49,5.448979591836735,1.155804634763807,5
1339,exp2,1006,过年,动词。在新年或春节期间进行庆祝等活动。,洋学堂是不过年的，我晓得。,50,2.62,1.4126252879237409,2
1340,exp2,1007,过年,动词。指过了新年或过了春节。,这事不急，等过了年再说。,50,2.72,1.1435712054965432,2.5
1341,exp2,1008,过年,名词。〈口语〉时间词。明年。,这孩子过年该上学了。,50,3.5,1.7985254731448816,3
1342,exp2,1009,过来,动词。从另一个地点向说话人（或叙述的对象）所在地来。,车来了，赶快过来吧！,49,2.4693877551020407,1.292640076489562,2
1343,exp2,1010,过来,动词；趋向动词。用在动词后，表示来到自己所在的地方。,捷报从四面八方飞过来。,49,2.877551020408163,1.332801764786379,3
1344,exp2,1011,过来,动词；趋向动词。用在动词后，表示正面对着说话人。,他转过脸来，我才认出是位老同学。,49,2.816326530612245,1.252887820659321,3
1345,exp2,1012,过来,动词；趋向动词。用在动词后，表示回到原来的、正常的状态。,醒过来了。,50,3.08,1.2910998317365718,3
1346,exp2,1013,过来,动词；趋向动词。用在动词后，表示时间、能力、数量充分（多跟“得”或“不”连用）。,活儿不多，我一个人干得过来。,49,3.306122448979592,1.1583767671590612,3
1347,exp2,1014,过火,形容词。（说话、做事）超过适当的分寸或限度。,这话说得有点儿过火。,49,5.183673469387755,1.0542269953966887,5
1348,exp2,1015,过火,动词。（发生火灾时）被火烧过。,这场火灾林场过火七百余亩。,49,6.428571428571429,0.8416254115301735,7
1349,exp2,1016,进去,动词。从外面到里面去。,你进去看看，我在门口等着你。,49,2.4285714285714284,0.8416254115301732,2
1350,exp2,1017,进去,动词；趋向动词。用在动词后，表示到里面去。,把桌子搬进去。,49,2.489795918367347,1.1387575279588686,2
1351,exp2,1018,进来,动词。从外面到里面来。,你进来，咱们俩好好儿谈谈心。,50,2.38,1.0079277589921505,2
1352,exp2,1019,进来,动词；趋向动词。用在动词后，表示到里面来。,窗户没糊好，风吹得进来。,50,2.82,1.155112857813346,3
1353,exp2,1020,远志,名词。远大的志向。,胸怀远志。,49,5.224489795918367,1.2626906806902636,5
1354,exp2,1021,远志,名词。多年生草本植物，茎细，叶子条形，花绿白色，蒴果卵圆形。根可入药。,远志的根部经过炮制后，成为一味重要的中药材，对治疗失眠和咳嗽有显著效果。,49,6.816326530612245,0.601161008235838,7
1355,exp2,1022,迫降,动词。飞机因迷航、燃料用尽或发生故障等不能继续飞行而被迫降落。,飞机因燃油耗尽，迫降在一片开阔的田野上。,49,5.775510204081633,1.122966794597555,6
1356,exp2,1023,迫降,动词。强迫非法越境或严重违反飞行纪律的飞机在指定的机场降落。,政府军获得的第二个胜利是炸毁和迫降了美国和台湾蒋介石集团供给叛军的十架以上的飞机。,50,5.84,1.0567566862232525,6
1357,exp2,1024,迫降,动词。逼迫敌人投降。,他需要有一个完美的策略用来迫降。,50,6.1,1.073806884169494,6
1358,exp2,1025,逆产,名词。背叛国家民族的人的财产。,这里原是什么人的住宅，被作为“逆产”收了来。,50,6.94,0.3136356914300022,7
1359,exp2,1026,逆产,动词。分娩时胎儿的脚先出来。,她在分娩时遭遇了逆产，情况十分危急。,50,6.78,0.5066899385990914,7
1360,exp2,1027,选配,动词。挑选配备。,选配优秀干部到贫困山区工作。,50,6.38,0.923392149210989,7
1361,exp2,1028,选配,动词。选择优良种畜配种。,选配是家畜繁育的重要环节。,50,5.98,1.2534035296596486,7
1362,exp2,1029,透析,动词。透彻分析。,这部书从美学的角度透析了诗歌创作的方法。,49,5.857142857142857,1.241638702145945,6
1363,exp2,1030,透析,动词。渗析。,在化学实验中，透析常被用来从溶液中去除小分子杂质，以提纯大分子化合物。,49,6.571428571428571,0.8416254115301736,7
1364,exp2,1031,透析,动词。医学上指利用渗析技术把体液中的毒素和代谢产物排出体外。,肾衰竭患者需要定期进行透析治疗，以清除体内的毒素和多余水分。,49,6.36734693877551,0.8825596663262211,7
1365,exp2,1032,通名,动词。说出自己的姓名（旧戏曲、小说描写武将交战时多用）。,来将通名！,50,6.62,0.8053393251117376,7
1366,exp2,1033,通名,名词。通用的名称。,这种植物在当地有一个独特的通名。,49,6.36734693877551,1.0742027576886266,7
1367,exp2,1034,通名,名词。指某些专有名词中反映类别属性的部分，如“淮河”这个专有名词中“河”是通名（区别于“专名”）。,“长江”中的“江”字是这个专有名词的通名。,50,6.7,0.614451804788759,7
1368,exp2,1035,通电,动词。使电流通过；输送电能。,鸿渐身心仿佛通电似的发麻。,49,4.795918367346939,1.2243976722715322,5
1369,exp2,1036,通电,动词。把宣布政治上某种主张的电报拍给有关方面，同时公开发表。,通电全国。,49,5.979591836734694,1.4066774671539457,7
1370,exp2,1037,通电,名词。公开发表的宣布政治上某种主张的电报。,发出通电。,50,6.38,0.966584561373558,7
1371,exp2,1038,通经,动词。旧时指通晓儒家经典。,他自幼便展现出对儒家文化的浓厚兴趣，经过不懈努力，终于成为了一位通经的学者。,50,6.76,0.6565214453186321,7
1372,exp2,1039,通经,动词。中医指用药物、针灸等使月经通畅。,益血通经。,49,6.714285714285714,0.7359800721939871,7
1373,exp2,1040,通读,动词。从头到尾阅读全书或全文。,通读课文。,50,4,0.8329931278350429,4
1374,exp2,1041,通读,动词。读懂；读通。,他学过几年英语，浅显的英文原著已能通读。,49,5,1.1726039399558574,5
1375,exp2,1042,避讳,动词。封建时代为了维护等级制度的尊严，说话写文章时遇到君主或尊亲的名字都不直接说出或写出，叫作避讳。,始皇名政，别人一定要避讳。,49,5.775510204081633,1.1042589166957355,6
1376,exp2,1043,避讳,动词。不愿说出或听到某些会引起不愉快的字眼儿。,行船的人避讳“翻、沉”等字眼儿。,49,5.3061224489795915,1.326085744347078,6
1377,exp2,1044,避讳,动词。回避。,都是自己人，用不着避讳。,50,5.3,1.2817398889233114,6
1378,exp2,1045,郁郁,形容词。〈书面语〉文采显著。,文采郁郁。,50,6.32,1.1506874608915587,7
1379,exp2,1046,郁郁,形容词。〈书面语〉香气浓厚。,走进香薰店，郁郁的香气扑鼻而来，仿佛置身于花海之中。,49,5.795918367346939,1.1543322715740385,6
1380,exp2,1047,郁郁,形容词。〈书面语〉（草木）茂密。,郁郁葱葱。,49,4.857142857142857,1.1547005383792512,5
1381,exp2,1048,郁郁,形容词。〈书面语〉心里苦闷。,郁郁寡欢。,49,5.469387755102041,1.0626625525914954,6
1382,exp2,1049,重利,名词。很高的利息。,重利盘剥。,50,6.38,0.9874725519305972,7
1383,exp2,1050,重利,名词。很高的利润。,牟取重利。,50,6.02,0.9581018649775548,6
1384,exp2,1051,重利,动词。〈书面语〉看重钱财。,重利轻义。,49,5.510204081632653,1.2929689507033777,6
1385,exp2,1052,重读,动词。学生因成绩不合格而留在原来的年级重新学习。,重读生。,50,4.62,1.2270755012281378,4
1386,exp2,1053,重读,动词。把一个词或一个词组里的某个音节或语句里的某几个音节读得重些、强些。,在朗诵诗歌时，正确把握每个单词的重读音节可以使朗诵更加富有节奏感和韵律美。,50,4.1,1.0546302185881002,4
1387,exp2,1054,重责,名词。重大的责任。,身负重责。,49,5.387755102040816,1.1513818967262093,5
1388,exp2,1055,重责,动词。严厉斥责或责罚。,因工作失职，受到重责。,49,5.551020408163265,1.242665557209513,6
1389,exp2,1056,金星,名词。太阳系八大行星之一，按离太阳由近而远的次序计为第二颗，绕太阳公转周期约天，自转周期约天，自东向西逆转。金星是各大行星中离地球最近的一个。,夜幕降临，天空中的金星格外明亮，让人不禁驻足观赏。,50,4.74,1.3063424559604957,4.5
1390,exp2,1057,金星,名词。金黄色的五角星。,金星勋章。,50,4.2,1.616244071283537,4
1391,exp2,1058,金星,名词。头晕眼花时所感到的眼前出现的像星星的小点。,我跑得上气不接下气，眼前直冒金星。,50,4.48,1.147134851421985,4
1392,exp2,1059,针眼,名词。针鼻儿。,妈！你的心比针眼还小。,50,3.82,1.082136963680322,4
1393,exp2,1060,针眼,名词。被针扎过之后所留下的小孔。,我的皮肤比较敏感，每次打针后针眼周围都会有些痒，需要过一阵才会好。,50,3.98,1.4355543620952196,4
1394,exp2,1061,针眼,名词。睑腺炎的通称。,医生说我的针眼是由于眼部卫生不佳引起的，需要涂抹药膏治疗。,50,5.64,1.587707884508549,6
1395,exp2,1062,铺盖,动词。平铺着盖。,把草木灰铺盖在苗床上。,49,4.959183673469388,1.442786419766011,5
1396,exp2,1063,铺盖,名词。褥子和被子。,我本是一个苦学生…所带的铺盖用品都是土里土气的。,49,4.816326530612245,1.5093247577939597,5
1397,exp2,1064,长款,形容词；属性词。款式较长的（服装）。,长款羽绒服。,50,4.24,1.4078497136862762,4
1398,exp2,1065,长款,动词。指结账时现金的数额多于账面的数额。,结账的时候我把现金递给了收银员，清点好商品后，收银员把长款还给了我。,49,6.755102040816326,0.7508498586295935,7
1399,exp2,1066,门道,名词。门洞儿。,德甫从农场上拉了两把稻草来，铺在门道外边的一个角落里，蜷曲着便睡下去了。,50,5.96,1.3395095051121186,7
1400,exp2,1067,门道,名词。〈口语〉门路。,外行看热闹，内行看门道。,49,5.081632653061225,1.4264865739214765,5
1401,exp2,1068,闷气,形容词。闷。,这间地下室很久不用了，又闷气又潮湿。,49,4.63265306122449,1.563834464159336,4
1402,exp2,1069,闷气,名词。郁结在心里没有发泄的怨恨或愤怒。,有意见就提，别生闷气！,49,4.285714285714286,1.443375672974064,4
1403,exp2,1070,阴刻,动词。在平面上雕刻出凹下的文字、图案等（跟“阳刻”相对）。,孝堂山石室的画像是阴刻的，直接用线条钩划出来。,49,6.428571428571429,1.0801234497346428,7
1404,exp2,1071,阴刻,形容词。〈书面语〉阴险刻毒。,为人阴刻狡诈。,50,6.62,0.8780776777502465,7
1405,exp2,1072,陈言,动词。陈述理由、意见等。,率直陈言。,50,5.84,1.3903457212110215,6
1406,exp2,1073,陈言,名词。〈书面语〉陈旧的话。,假如望文生义，我们试为附会作新的解释，又何取乎古人之陈言。,49,6.673469387755102,0.7468755781599105,7
1407,exp2,1074,隔断,动词。阻隔；使断绝。,高山大河隔不断我们两国人民之间的联系和往来。,50,4.72,1.1255837487766978,5
1408,exp2,1075,隔断,名词。用来把屋子空间分隔开的起遮挡作用的东西，如板壁、隔扇等。,设计师巧妙地使用了玻璃隔断，既分隔了空间，又保证了室内的采光和通透感。,49,5.36734693877551,1.2364916354855984,5
1409,exp2,1076,难处,形容词。不容易相处。,他只是脾气暴躁些，并不算难处。,50,4.4,1.2453996981544784,4
1410,exp2,1077,难处,名词。困难。,各有各的难处。,49,3.938775510204082,1.2316683006073867,4
1411,exp2,1078,集注,动词。（精神、眼光等）集中。,代表们的眼光都集注在大会主席台上。,50,5.62,1.4126252879237409,6
1412,exp2,1079,集注,动词。汇集前人关于某部书的注释再加上自己的见解进行注释（多用于书名）。,《四书集注》。,49,6.469387755102041,0.9811141799065012,7
1413,exp2,1080,露头,动词。露出头部。,他从洞里爬出来，刚一露头儿就被我们发现了。,50,3.94,1.185111722968922,4
1414,exp2,1081,露头,动词。比喻刚出现；显出迹象。,旱象已经露头。,49,5,1.4719601443879744,5
1415,exp2,1082,露头,名词。岩石和矿体露出地面的部分。矿体的露头是矿床存在的直接标记。也叫矿苗。,火焰山的外壳是很难找到菱铁矿的露头的。,50,6.48,1.0736168130317678,7
1416,exp2,1083,霸气,名词。专横的气势。,霸气十足。,50,4.16,1.017399646557991,4
1417,exp2,1084,霸气,形容词。蛮横，不讲道理。,这个人说话太霸气了。,49,4.448979591836735,1.3394841122890673,4
1418,exp2,1085,青丝,名词。〈书面语〉比喻黑发（多用于女性）。,一缕青丝。,50,6.04,1.049003414324904,6
1419,exp2,1086,青丝,名词。青梅等切成的细丝，放在糕点馅内，或放在糕点面上做点缀。,这款精致糕点的表面点缀着青丝，中间夹着香甜的豆沙馅，非常好吃。,49,6.061224489795919,1.4635596341526662,7
1420,exp2,1087,面子,名词。物体的表面。,这件袍子的面子很好看。,49,5.36734693877551,1.481748369762058,5
1421,exp2,1088,面子,名词。表面的形象；虚荣。,爱面子。,50,3.94,0.9775020225460572,4
1422,exp2,1089,面子,名词。情面。,碍于面子，只好答应了。,50,4.04,1.2447440520452553,4
1423,exp2,1090,面子,名词。〈口语〉粉末。,药面子。,50,5.84,1.6207833832780385,7
1424,exp2,1091,面糊,名词。用面粉加水调匀而成的糊状物。,去年农场所推广的大叶烟水、石灰水治蚜虫，稀面糊水治红蜘蛛，红矾、石咸面、石灰水治梨步曲等办法，群众都很欢迎，因这些东西很容易找，价钱也便宜。,50,3.66,1.4513892008158589,4
1425,exp2,1092,面糊,形容词。〈口语〉食物纤维少而柔软。,白薯蒸熟了，很面糊。,50,4.32,1.9213090775376491,4
1426,exp2,1093,颠连,形容词。〈书面语〉困苦。,颠连无告。,50,6.62,0.9874725519305968,7
1427,exp2,1094,颠连,形容词。〈书面语〉形容连绵不断。,群山颠连起伏。,50,6.14,1.3402710660953046,7
1428,exp2,1095,风头,名词。风的势头。,这风头是这样劲，使他们站立不稳。,50,5.68,1.331563451169263,6
1429,exp2,1096,风头,名词。风势。,避避风头。,49,5,1.0801234497346437,5
1430,exp2,1097,风头,名词。出头露面，显示个人的表现（含贬义）。,出风头。,49,4.551020408163265,1.1191742582851714,5
1431,exp2,1098,飞白,名词。一种特殊的书法，笔画中露出一丝丝的白地，像用枯笔写成的样子。也叫飞白书。,他的飞白书写的很是不错，经常受到老教授的赞赏。,50,6.56,0.972268544409918,7
1432,exp2,1099,飞白,名词。修辞手法，指故意运用白字（别字）达到某种修辞效果。如把“吹毛求疵”改成“吹毛求屁”，把“研究研究”说成“烟酒烟酒”等。,今天课上李老师给我们讲了飞白的修辞手法。,50,6.76,0.7439552323595167,7
1433,exp2,1100,餐点,名词。餐饮业的网点。,城市的各个角落分布着各式各样的餐点，为人们提供了丰富的饮食选择。,50,5.22,1.607253964413356,6
1434,exp2,1101,餐点,名词。点心。,西式餐点。,50,4.2,1.2936264483053452,4
1435,exp2,1102,马号,名词。公家或大户人家养马的地方。,王磊说着，几步跨出营房就到马号去牵马。,50,6.56,0.99303698268473,7
1436,exp2,1103,马号,名词。骑兵用的较细长的军号。,小号兵端起拴着红绸布的小马号，仰起脖来，对着朝霞烧红了的天空，吹起了节奏快速高亢的集合号。,49,6.653061224489796,0.7786478774175155,7
1437,exp2,1104,鱼白,名词。鱼的精液。,这道菜里的鱼白处理得非常干净，没有异味。,49,6.63265306122449,0.9724084693648636,7
1438,exp2,1105,鱼白,名词。鱼肚白。,东方一线鱼白，黎明已经到来。,49,6.1020408163265305,1.0256075020685638,6
1439,exp2,1106,黑人,名词。指黑种人。,那一船挤得满满的包身工，装载密度不亚于十八世纪贩卖黑人的奴隶船。,50,4.48,1.313042890637264,4
1440,exp2,1107,黑人,名词。姓名没有登记在户籍上的人。,反正娃娃一直是个黑人，公社、大队不承认他，不给登记户口。,50,6.68,0.6207303137828692,7
1441,exp2,1108,黑人,名词。躲藏起来不敢公开露面的人。,你自己也变成一个黑人，撂下婆娘老母出去逃命。,50,6.46,1.2323861043536977,7
