item_id,word_id,sense_id,headword,pinyin_tag,pinyin,definition,pos_tag,pos,sense_tag,sense,meaning,example,character_count,homograph,polyseme,XDHYCD,XDHYDCD,HYDCD,Oxford,Baidu,Online
1,1,1,一晃,yīhuǎng,yīhuǎng,"<entry id=""60637""><hwg><hw>一晃</hw><pinyin>yīhuǎng</pinyin></hwg><def><ps>动</ps>很快地一闪：<ex>窗外有个人影<small>儿</small>，～就不见了。</ex></def>",动词。,动词,很快地一闪。,很快地一闪。,动词。很快地一闪。,窗外有个人影儿，一晃就不见了。,26,1,0,1.0,,,,,
2,1,2,一晃,yīhuàng,yīhuàng,"<entry id=""60638""><hwg><hw>一晃</hw><pinyin>yīhuàng</pinyin></hwg><def><ps>动</ps>表示时间很快过去（有不知不觉的意思）：<ex>～就是五年，孩子都长这么大了。</ex></def>",动词。,动词,表示时间很快过去（有不知不觉的意思）。,表示时间很快过去（有不知不觉的意思）。,动词。表示时间很快过去（有不知不觉的意思）。,一晃就是五年，孩子都长这么大了。,40,1,0,1.0,,,,,
3,2,1,一线,yīxiàn,yīxiàn,"<entry id=""60802""><hwg><hw>一线<sup>1</sup></hw><pinyin>yīxiàn</pinyin></hwg><def><ps>名</ps></def><def><num>❶</num> 战争的最前线。</def><def><num>❷</num> 第一线：<ex>深入车间慰问～工人。</ex></def>",名词。,名词,战争的最前线。,战争的最前线。,名词。战争的最前线。,一线作战部队。,19,0,1,,1.0,,,,
4,2,2,一线,yīxiàn,yīxiàn,"<entry id=""60802""><hwg><hw>一线<sup>1</sup></hw><pinyin>yīxiàn</pinyin></hwg><def><ps>名</ps></def><def><num>❶</num> 战争的最前线。</def><def><num>❷</num> 第一线：<ex>深入车间慰问～工人。</ex></def>",名词。,名词,第一线。,第一线。,名词。第一线。,深入车间慰问一线工人。,20,0,1,1.0,,,,,
5,2,3,一线,yīxiàn,yīxiàn,"<entry id=""60803""><hwg><hw>一线<sup>2</sup></hw><pinyin>yīxiàn</pinyin></hwg><def>数量词。形容极其细微：<ex>～阳光｜～光明｜～希望｜～生机。</ex></def>",数量词。,数量词,形容极其细微。,形容极其细微。,数量词。形容极其细微。,一线生机。,18,0,0,1.0,,,,,
6,3,1,丈人,zhàngrén,zhàngrén,"<entry id=""65537""><hwg><hw>丈人</hw><pinyin>zhàngrén</pinyin></hwg><def><ps>名</ps>古时对老年男子的尊称。</def>",名词。,名词,古时对老年男子的尊称。,古时对老年男子的尊称。,名词。古时对老年男子的尊称。,在古代社会，丈人常常扮演着调解纷争、维护和谐的重要角色。,44,1,0,,,,,1.0,
7,3,2,丈人,zhàng·ren,zhàngren,"<entry id=""65538""><hwg><hw>丈人</hw><pinyin>zhàng·ren</pinyin></hwg><def><ps>名</ps>岳父。</def>",名词。,名词,岳父。,岳父。,名词。岳父。,你丈人这样困难，做女婿的替丈人还点债，不是应当的吗？,34,1,0,,1.0,,,,
8,4,1,上去,shàng//·qù,shàngqù,"<entry id=""45095""><hwg><hw>上去</hw><pinyin>shàng//·qù</pinyin></hwg><def><ps>动</ps>由低处到高处去：<ex>蹬着梯子～。</ex></def>",动词。,动词,由低处到高处去。,由低处到高处去。,动词。由低处到高处去。,蹬着梯子上去。,20,0,0,1.0,,,,,
9,4,2,上去,//·shàng//·qù,shàngqù,"<entry id=""45096""><hwg><hw>上去</hw><pinyin>//·shàng//·qù</pinyin></hwg><def><ps>动</ps>趋向动词。用在动词后，表示由低处向高处，或由近处向远处，或由主体向对象：<ex>顺着山坡爬～｜大家连忙迎～｜把所有的力量都使～了。</ex></def>",动词；趋向动词。,动词,用在动词后，表示由低处向高处，或由近处向远处，或由主体向对象。,用在动词后，表示由低处向高处，或由近处向远处，或由主体向对象。,动词；趋向动词。用在动词后，表示由低处向高处，或由近处向远处，或由主体向对象。,顺着山坡爬上去。,49,0,0,1.0,,,,,
10,5,1,上头,shàng//tóu,shàngtóu,"<entry id=""45134""><hwg><hw>上头</hw><pinyin>shàng//tóu</pinyin></hwg><def><ps>动</ps></def><def><num>❶</num> 旧时女子未出嫁时梳辫子，临出嫁才把头发拢上去结成发髻，叫作上头。</def><def><num>❷</num> 指喝酒后引起头晕、头疼：<ex>绍兴酒喝了不～。</ex></def>",动词。,动词,旧时女子未出嫁时梳辫子，临出嫁才把头发拢上去结成发髻，叫作上头。,旧时女子未出嫁时梳辫子，临出嫁才把头发拢上去结成发髻，叫作上头。,动词。旧时女子未出嫁时梳辫子，临出嫁才把头发拢上去结成发髻，叫作上头。,在古老的江南水乡，当李家的小女儿即将出嫁时，家中长辈按照传统习俗为她上头。,74,1,1,,,,,1.0,
11,5,2,上头,shàng//tóu,shàngtóu,"<entry id=""45134""><hwg><hw>上头</hw><pinyin>shàng//tóu</pinyin></hwg><def><ps>动</ps></def><def><num>❶</num> 旧时女子未出嫁时梳辫子，临出嫁才把头发拢上去结成发髻，叫作上头。</def><def><num>❷</num> 指喝酒后引起头晕、头疼：<ex>绍兴酒喝了不～。</ex></def>",动词。,动词,指喝酒后引起头晕、头疼。,指喝酒后引起头晕、头疼。,动词。指喝酒后引起头晕、头疼。,绍兴酒喝了不上头。,26,1,1,1.0,,,,,
12,5,3,上头,shàng·tou,shàngtou,"<entry id=""45135""><hwg><hw>上头</hw><pinyin>shàng·tou</pinyin></hwg><def><ps>名</ps>方位词。上面。</def>",名词；方位词。,名词,上面。,上面。,名词；方位词。上面。,当心上头东西砸下来。,22,1,0,,1.0,,,1.0,
13,6,1,上来,shànglái,shànglái,"<entry id=""45077""><hwg><hw>上来</hw><pinyin>shànglái</pinyin></hwg><def><num>❶</num> <ps>动</ps>开始；起头：<ex>一～就很卖力气｜～先少说话。</ex></def><def><num>❷</num> 〈书〉<ps>名</ps>方位词。上面；以上（用于总括前面的叙述）：<ex>～所言，尚祈先生三思。</ex></def>",动词。,动词,开始；起头。,开始；起头。,动词。开始；起头。,一上来就很卖力气。,20,0,1,1.0,,,,,
14,6,2,上来,shànglái,shànglái,"<entry id=""45077""><hwg><hw>上来</hw><pinyin>shànglái</pinyin></hwg><def><num>❶</num> <ps>动</ps>开始；起头：<ex>一～就很卖力气｜～先少说话。</ex></def><def><num>❷</num> 〈书〉<ps>名</ps>方位词。上面；以上（用于总括前面的叙述）：<ex>～所言，尚祈先生三思。</ex></def>",名词。,名词,〈书〉方位词。上面；以上（用于总括前面的叙述）。,〈书面语〉方位词。上面；以上（用于总括前面的叙述）。,名词。〈书面语〉方位词。上面；以上（用于总括前面的叙述）。,上来所言，尚祈先生三思。,43,0,1,1.0,,,,,
15,6,3,上来,shàng//·lái,shànglái,"<entry id=""45078""><hwg><hw>上来</hw><pinyin>shàng//·lái</pinyin></hwg><def><ps>动</ps>由低处到高处来：<ex>他在楼下看书，半天没～。</ex></def>",动词。,动词,由低处到高处来。,由低处到高处来。,动词。由低处到高处来。,他在楼下看书，半天没上来。,26,0,0,1.0,,,,,
16,6,4,上来,//·shàng//·lái,shànglái,"<entry id=""45079""><hwg><hw>上来</hw><pinyin>//·shàng//·lái</pinyin></hwg><def><ps>动</ps>趋向动词。</def><def><num>❶</num> 用在动词后，表示由低处到高处或由远处到近处来：<ex>部队从两路增援～｜端上饭来。</ex></def><def><num>❷</num> 用在动词后，表示成功地完成某事：<ex>那首诗他念了两遍就背～了｜这个问题你一定答得～。</ex></def><def><num>❸</num> 〈方〉用在形容词后面，表示程度的增加：<ex>天色黑～了｜中秋节后，天气慢慢凉～。</ex></def>",动词；趋向动词。,动词,用在动词后，表示由低处到高处或由远处到近处来。,用在动词后，表示由低处到高处或由远处到近处来。,动词；趋向动词。用在动词后，表示由低处到高处或由远处到近处来。,部队从两路增援上来。,43,0,1,1.0,,,,,
17,6,5,上来,//·shàng//·lái,shànglái,"<entry id=""45079""><hwg><hw>上来</hw><pinyin>//·shàng//·lái</pinyin></hwg><def><ps>动</ps>趋向动词。</def><def><num>❶</num> 用在动词后，表示由低处到高处或由远处到近处来：<ex>部队从两路增援～｜端上饭来。</ex></def><def><num>❷</num> 用在动词后，表示成功地完成某事：<ex>那首诗他念了两遍就背～了｜这个问题你一定答得～。</ex></def><def><num>❸</num> 〈方〉用在形容词后面，表示程度的增加：<ex>天色黑～了｜中秋节后，天气慢慢凉～。</ex></def>",动词；趋向动词。,动词,用在动词后，表示成功地完成某事。,用在动词后，表示成功地完成某事。,动词；趋向动词。用在动词后，表示成功地完成某事。,这个问题你一定答得上来。,38,0,1,1.0,,,,,
18,7,1,上线,shàng//xiàn,shàngxiàn,"<entry id=""45148""><hwg><hw>上线<sup>1</sup></hw><pinyin>shàng//xiàn</pinyin></hwg><def><ps>动</ps></def><def><num>❶</num> 把问题上升到政治路线的高度：<ex>上纲～。</ex></def><def><num>❷</num> 达到录取分数线：<ex>他差3分没～。</ex></def><def><num>❸</num> 网站等开始运营，接入互联网。有时也指上网：<ex>购物网今日正式～。</ex></def>",动词。,动词,把问题上升到政治路线的高度。,把问题上升到政治路线的高度。,动词。把问题上升到政治路线的高度。,上纲上线。,24,0,1,1.0,,,,,
19,7,2,上线,shàng//xiàn,shàngxiàn,"<entry id=""45148""><hwg><hw>上线<sup>1</sup></hw><pinyin>shàng//xiàn</pinyin></hwg><def><ps>动</ps></def><def><num>❶</num> 把问题上升到政治路线的高度：<ex>上纲～。</ex></def><def><num>❷</num> 达到录取分数线：<ex>他差3分没～。</ex></def><def><num>❸</num> 网站等开始运营，接入互联网。有时也指上网：<ex>购物网今日正式～。</ex></def>",动词。,动词,达到录取分数线。,达到录取分数线。,动词。达到录取分数线。,他差3分没上线。,20,0,1,1.0,,,,,
20,7,3,上线,shàng//xiàn,shàngxiàn,"<entry id=""45148""><hwg><hw>上线<sup>1</sup></hw><pinyin>shàng//xiàn</pinyin></hwg><def><ps>动</ps></def><def><num>❶</num> 把问题上升到政治路线的高度：<ex>上纲～。</ex></def><def><num>❷</num> 达到录取分数线：<ex>他差3分没～。</ex></def><def><num>❸</num> 网站等开始运营，接入互联网。有时也指上网：<ex>购物网今日正式～。</ex></def>",动词。,动词,网站等开始运营，接入互联网。有时也指上网。,网站等开始运营，接入互联网。有时也指上网。,动词。网站等开始运营，接入互联网。有时也指上网。,购物网今日正式上线。,36,0,1,1.0,,,,,
21,7,4,上线,shàngxiàn,shàngxiàn,"<entry id=""45149""><hwg><hw>上线<sup>2</sup></hw><pinyin>shàngxiàn</pinyin></hwg><def><ps>名</ps>上一级联络人（跟“<a href=""entry://下线"">下线</a>”相对）：<ex>与～取得联系。</ex></def>",名词。,名词,上一级联络人（跟“下线”相对）。,上一级联络人（跟“下线”相对）。,名词。上一级联络人（跟“下线”相对）。,与上线取得联系。,29,0,0,1.0,,,,,
22,8,1,上色,shàngsè,shàngsè,"<entry id=""45100""><hwg><hw>上色</hw><pinyin>shàngsè</pinyin></hwg><def><ps>形</ps>属性词。上等的；高级的：<ex>～绿茶｜～材料。</ex></def>",形容词；属性词。,形容词,上等的；高级的。,上等的；高级的。,形容词；属性词。上等的；高级的。,上色绿茶。,23,1,0,1.0,,,,,
23,8,2,上色,shàng//shǎi,shàngshǎi,"<entry id=""45101""><hwg><hw>上色</hw><pinyin>shàng//shǎi</pinyin></hwg><def><ps>动</ps>（在图画、工艺美术品等上面）加颜色：<ex>地图的轮廓已经画好，还没～。</ex></def>",动词。,动词,（在图画、工艺美术品等上面）加颜色。,（在图画、工艺美术品等上面）加颜色。,动词。（在图画、工艺美术品等上面）加颜色。,地图的轮廓已经画好，还没上色。,38,1,0,1.0,,,,,
24,9,1,上装,shàng//zhuāng,shàngzhuāng,"<entry id=""45176""><hwg><hw>上装<sup>1</sup></hw><pinyin>shàng//zhuāng</pinyin></hwg><def><ps>动</ps>（演员）化装。</def>",动词。,动词,（演员）化装。,（演员）化装。,动词。（演员）化装。,叫天又抽了一口烟，立起来道：“是时候了，咱们去罢。”就同瑶卿走到后台去上装。,50,0,0,,,1.0,,,
25,9,2,上装,shàngzhuāng,shàngzhuāng,"<entry id=""45177""><hwg><hw>上装<sup>2</sup></hw><pinyin>shàngzhuāng</pinyin></hwg><def><ps>名</ps>上衣。</def>",名词。,名词,上衣。,上衣。,名词。上衣。,那个发育未全的小兵，照例尾随着他，穿着一件普通兵士的上装，一直盖过膝头。,44,0,0,,1.0,,,,
26,10,1,上调,shàngdiào,shàngdiào,"<entry id=""45032""><hwg><hw>上调</hw><pinyin>shàngdiào</pinyin></hwg><def><ps>动</ps></def><def><num>❶</num> 调到上面工作：<ex>他已经从车间～到厂部了。</ex></def><def><num>❷</num> 上级调用（财物等）：<ex>这是～的木材。</ex></def><def>　另见<pinyin>shàngtiáo</pinyin>。</def>",动词。,动词,调到上面工作。,调到上面工作。,动词。调到上面工作。,他已经从车间上调到厂部了。,25,1,1,1.0,,,,,
27,10,2,上调,shàngdiào,shàngdiào,"<entry id=""45032""><hwg><hw>上调</hw><pinyin>shàngdiào</pinyin></hwg><def><ps>动</ps></def><def><num>❶</num> 调到上面工作：<ex>他已经从车间～到厂部了。</ex></def><def><num>❷</num> 上级调用（财物等）：<ex>这是～的木材。</ex></def><def>　另见<pinyin>shàngtiáo</pinyin>。</def>",动词。,动词,上级调用（财物等）。,上级调用（财物等）。,动词。上级调用（财物等）。,这是上调的木材。,23,1,1,1.0,,,,,
28,10,3,上调,shàngtiáo,shàngtiáo,"<entry id=""45133""><hwg><hw>上调</hw><pinyin>shàngtiáo</pinyin></hwg><def><ps>动</ps>（价格、利率等）向上调整。</def><def>　另见<pinyin>shàngdiào</pinyin>。</def>",动词。,动词,（价格、利率等）向上调整。,（价格、利率等）向上调整。,动词。（价格、利率等）向上调整。,某些商品的价格有上调和下降的现象也是合理的。,40,1,0,,1.0,,,,
29,11,1,上身,shàng//shēn,shàngshēn,"<entry id=""45105""><hwg><hw>上身<sup>1</sup></hw><pinyin>shàng//shēn</pinyin></hwg><def><ps>动</ps>新衣初次穿在身上：<ex>这件新褂子刚～就撕了个口子。</ex></def>",动词。,动词,新衣初次穿在身上。,新衣初次穿在身上。,动词。新衣初次穿在身上。,这件新褂子刚上身就撕了个口子。,29,0,0,1.0,,,,,
30,11,2,上身,shàngshēn,shàngshēn,"<entry id=""45106""><hwg><hw>上身<sup>2</sup></hw><pinyin>shàngshēn</pinyin></hwg><def><ps>名</ps></def><def><num>❶</num> 身体的上半部：<ex>他～只穿一件衬衫。</ex></def><def><num>❷</num> （～<small>儿</small>）上衣：<ex>她穿着白～，花裙子。</ex></def>",名词。,名词,身体的上半部。,身体的上半部。,名词。身体的上半部。,他上身只穿一件衬衫。,22,0,1,1.0,,,,,
31,11,3,上身,shàngshēn,shàngshēn,"<entry id=""45106""><hwg><hw>上身<sup>2</sup></hw><pinyin>shàngshēn</pinyin></hwg><def><ps>名</ps></def><def><num>❶</num> 身体的上半部：<ex>他～只穿一件衬衫。</ex></def><def><num>❷</num> （～<small>儿</small>）上衣：<ex>她穿着白～，花裙子。</ex></def>",名词。,名词,（上身儿）上衣。,上衣。,名词。上衣。,她穿着白上身，花裙子。,19,0,1,1.0,,,,,
32,12,1,上门,shàng//mén,shàngmén,"<entry id=""45087""><hwg><hw>上门<sup>1</sup></hw><pinyin>shàng//mén</pinyin></hwg><def>（～<small>儿</small>）<ps>动</ps></def><def><num>❶</num> 到别人家里去；登门：<ex>送货～。</ex></def><def><num>❷</num> 〈方〉指入赘：<ex>～女婿。</ex></def>",动词。,动词,（上门儿）到别人家里去；登门。,到别人家里去；登门。,动词。到别人家里去；登门。,送货上门。,20,0,0,1.0,,,,,
33,12,2,上门,shàng//mén,shàngmén,"<entry id=""45088""><hwg><hw>上门<sup>2</sup></hw><pinyin>shàng//mén</pinyin></hwg><def><ps>动</ps></def><def><num>❶</num> 上门闩。</def><def><num>❷</num> 指商店停止营业：<ex>～关张。</ex></def>",动词。,动词,上门闩。,上门闩。,动词。上门闩。,“老李！上门哪！该玩玩去了！”马威笑着说。“好，关门！”李子荣笑着回答。,45,0,1,,,1.0,,,
34,12,3,上门,shàng//mén,shàngmén,"<entry id=""45088""><hwg><hw>上门<sup>2</sup></hw><pinyin>shàng//mén</pinyin></hwg><def><ps>动</ps></def><def><num>❶</num> 上门闩。</def><def><num>❷</num> 指商店停止营业：<ex>～关张。</ex></def>",动词。,动词,指商店停止营业。,指商店停止营业。,动词。指商店停止营业。,夜已经深了，店家大家上门的上门，开赌的开赌。,35,0,1,,1.0,,,,
35,13,1,下去,xià//·qù,xiàqù,"<entry id=""55663""><hwg><hw>下去</hw><pinyin>xià//·qù</pinyin></hwg><def><ps>动</ps>由高处到低处去：<ex>从斜井～一百米，就到工作面◇领导干部每月要～几天。</ex></def>",动词。,动词,由高处到低处去。,由高处到低处去。,动词。由高处到低处去。,从斜井下去一百米，就到工作面。,28,0,0,1.0,,,,,
36,13,2,下去,//·xià//·qù,xiàqù,"<entry id=""55664""><hwg><hw>下去</hw><pinyin>//·xià//·qù</pinyin></hwg><def><ps>动</ps>趋向动词。</def><def><num>❶</num> 用在动词后，表示由高处向低处或由近处向远处去：<ex>石头从山上滚～◇把敌人的火力压～。</ex></def><def><num>❷</num> 用在动词后，表示从现在继续到将来：<ex>坚持～｜说不～。</ex></def><def><num>❸</num> 用在形容词后，表示某种状态已经存在并将继续发展：<ex>天气可能再冷～，务必做好防冻保暖工作。</ex></def>",动词；趋向动词。,动词,用在动词后，表示由高处向低处或由近处向远处去。,用在动词后，表示由高处向低处或由近处向远处去。,动词；趋向动词。用在动词后，表示由高处向低处或由近处向远处去。,石头从山上滚下去。,42,0,1,1.0,,,,,
37,13,3,下去,//·xià//·qù,xiàqù,"<entry id=""55664""><hwg><hw>下去</hw><pinyin>//·xià//·qù</pinyin></hwg><def><ps>动</ps>趋向动词。</def><def><num>❶</num> 用在动词后，表示由高处向低处或由近处向远处去：<ex>石头从山上滚～◇把敌人的火力压～。</ex></def><def><num>❷</num> 用在动词后，表示从现在继续到将来：<ex>坚持～｜说不～。</ex></def><def><num>❸</num> 用在形容词后，表示某种状态已经存在并将继续发展：<ex>天气可能再冷～，务必做好防冻保暖工作。</ex></def>",动词；趋向动词。,动词,用在动词后，表示从现在继续到将来。,用在动词后，表示从现在继续到将来。,动词；趋向动词。用在动词后，表示从现在继续到将来。,坚持下去。,32,0,1,1.0,,,,,
38,13,4,下去,//·xià//·qù,xiàqù,"<entry id=""55664""><hwg><hw>下去</hw><pinyin>//·xià//·qù</pinyin></hwg><def><ps>动</ps>趋向动词。</def><def><num>❶</num> 用在动词后，表示由高处向低处或由近处向远处去：<ex>石头从山上滚～◇把敌人的火力压～。</ex></def><def><num>❷</num> 用在动词后，表示从现在继续到将来：<ex>坚持～｜说不～。</ex></def><def><num>❸</num> 用在形容词后，表示某种状态已经存在并将继续发展：<ex>天气可能再冷～，务必做好防冻保暖工作。</ex></def>",动词；趋向动词。,动词,用在形容词后，表示某种状态已经存在并将继续发展。,用在形容词后，表示某种状态已经存在并将继续发展。,动词；趋向动词。用在形容词后，表示某种状态已经存在并将继续发展。,天气可能再冷下去，务必做好防冻保暖工作。,54,0,1,1.0,,,,,
39,14,1,下子,xià//zǐ,xiàzǐ,"<entry id=""55728""><hwg><hw>下子</hw><pinyin>xià//zǐ</pinyin></hwg><def>（～<small>儿</small>）<ps>动</ps></def><def><num>❶</num> 播下种子。</def><def><num>❷</num> 产卵。</def>",动词。,动词,（下子儿）播下种子。,播下种子。,动词。播下种子。,农民们在春天辛勤劳作，及时下子，期待着秋天的丰收。,35,1,1,,,,,1.0,
40,14,2,下子,xià//zǐ,xiàzǐ,"<entry id=""55728""><hwg><hw>下子</hw><pinyin>xià//zǐ</pinyin></hwg><def>（～<small>儿</small>）<ps>动</ps></def><def><num>❶</num> 播下种子。</def><def><num>❷</num> 产卵。</def>",动词。,动词,（下子儿）产卵。,产卵。,动词。产卵。,为了让母鸡多下子，奶奶精心给它们准备了营养饲料。,32,1,1,,,,,1.0,
41,14,3,下子,xià·zi,xiàzi,"<entry id=""55729""><hwg><hw>下子</hw><pinyin>xià·zi</pinyin></hwg><def><ps>量</ps>下㉑。</def>",量词。,量词,下。,下。,量词。下。,快拿大杯来，我要灌他几下子。,21,1,0,,1.0,,,,
42,15,1,下手,xià//shǒu,xiàshǒu,"<entry id=""55676""><hwg><hw>下手<sup>1</sup></hw><pinyin>xià//shǒu</pinyin></hwg><def><ps>动</ps>动手；着手：<ex>先～为强｜无从～｜我们还没到，人家就下了手了。</ex></def>",动词。,动词,动手；着手。,动手；着手。,动词。动手；着手。,先下手为强。,17,0,0,1.0,,,,,
43,15,2,下手,xiàshǒu,xiàshǒu,"<entry id=""55677""><hwg><hw>下手<sup>2</sup></hw><pinyin>xiàshǒu</pinyin></hwg><def><num>❶</num> （～<small>儿</small>）<ps>名</ps>下家①。</def><def><num>❷</num> （～<small>儿</small>）<ps>名</ps>助手：<ex>打～（担任助手）。</ex></def><def><num>❸</num> 同“<a href=""entry://下首"">下首</a>”。</def>",名词。,名词,（下手儿）下家。,下家。,名词。下家。,你这张王牌打出去，下手就只能认输。,25,0,1,,1.0,,,,
44,15,3,下手,xiàshǒu,xiàshǒu,"<entry id=""55677""><hwg><hw>下手<sup>2</sup></hw><pinyin>xiàshǒu</pinyin></hwg><def><num>❶</num> （～<small>儿</small>）<ps>名</ps>下家①。</def><def><num>❷</num> （～<small>儿</small>）<ps>名</ps>助手：<ex>打～（担任助手）。</ex></def><def><num>❸</num> 同“<a href=""entry://下首"">下首</a>”。</def>",名词。,名词,（下手儿）助手。,助手。,名词。助手。,打下手。,12,0,1,1.0,,,,,
45,16,1,下来,xià//·lái,xiàlái,"<entry id=""55645""><hwg><hw>下来</hw><pinyin>xià//·lái</pinyin></hwg><def><ps>动</ps></def><def><num>❶</num> 由高处到低处来：<ex>他从山坡上～了◇昨天省里～两位干部。</ex></def><def><num>❷</num> 指谷物、水果、蔬菜等成熟或收获：<ex>再有半个月桃就～了。</ex></def><def><num>❸</num> 用在时间词语后，表示一段时间终结：<ex>几年～，兄弟俩创下百万资产。</ex></def>",动词。,动词,由高处到低处来。,由高处到低处来。,动词。由高处到低处来。,他从山坡上下来了。,22,0,1,1.0,,,,,
46,16,2,下来,xià//·lái,xiàlái,"<entry id=""55645""><hwg><hw>下来</hw><pinyin>xià//·lái</pinyin></hwg><def><ps>动</ps></def><def><num>❶</num> 由高处到低处来：<ex>他从山坡上～了◇昨天省里～两位干部。</ex></def><def><num>❷</num> 指谷物、水果、蔬菜等成熟或收获：<ex>再有半个月桃就～了。</ex></def><def><num>❸</num> 用在时间词语后，表示一段时间终结：<ex>几年～，兄弟俩创下百万资产。</ex></def>",动词。,动词,指谷物、水果、蔬菜等成熟或收获。,指谷物、水果、蔬菜等成熟或收获。,动词。指谷物、水果、蔬菜等成熟或收获。,再有半个月桃就下来了。,32,0,1,1.0,,,,,
47,16,3,下来,xià//·lái,xiàlái,"<entry id=""55645""><hwg><hw>下来</hw><pinyin>xià//·lái</pinyin></hwg><def><ps>动</ps></def><def><num>❶</num> 由高处到低处来：<ex>他从山坡上～了◇昨天省里～两位干部。</ex></def><def><num>❷</num> 指谷物、水果、蔬菜等成熟或收获：<ex>再有半个月桃就～了。</ex></def><def><num>❸</num> 用在时间词语后，表示一段时间终结：<ex>几年～，兄弟俩创下百万资产。</ex></def>",动词。,动词,用在时间词语后，表示一段时间终结。,用在时间词语后，表示一段时间终结。,动词。用在时间词语后，表示一段时间终结。,几年下来，兄弟俩创下百万资产。,37,0,1,1.0,,,,,
48,16,4,下来,//·xià//·lái,xiàlái,"<entry id=""55646""><hwg><hw>下来</hw><pinyin>//·xià//·lái</pinyin></hwg><def><ps>动</ps>趋向动词。</def><def><num>❶</num> 用在动词后，表示由高处向低处或由远处向近处来：<ex>把树上的苹果摘～｜河水从上游流～｜又派下新任务来了。</ex></def><def><num>❷</num> 用在动词后，表示从过去继续到现在或从开始继续到最后：<ex>古代流传～的神话｜所有参加业余培训的人都坚持～了。</ex></def><def><num>❸</num> 用在动词后，表示动作的完成或结果：<ex>把情况记录～｜车渐渐停了～｜起下几个钉子来。</ex></def><def><num>❹</num> 用在形容词后，表示某种状态开始出现并继续发展：<ex>天色渐渐黑～｜声音慢慢低了～。</ex></def>",动词；趋向动词。,动词,用在动词后，表示由高处向低处或由远处向近处来。,用在动词后，表示由高处向低处或由远处向近处来。,动词；趋向动词。用在动词后，表示由高处向低处或由远处向近处来。,把树上的苹果摘下来。,43,0,1,1.0,,,,,
49,16,5,下来,//·xià//·lái,xiàlái,"<entry id=""55646""><hwg><hw>下来</hw><pinyin>//·xià//·lái</pinyin></hwg><def><ps>动</ps>趋向动词。</def><def><num>❶</num> 用在动词后，表示由高处向低处或由远处向近处来：<ex>把树上的苹果摘～｜河水从上游流～｜又派下新任务来了。</ex></def><def><num>❷</num> 用在动词后，表示从过去继续到现在或从开始继续到最后：<ex>古代流传～的神话｜所有参加业余培训的人都坚持～了。</ex></def><def><num>❸</num> 用在动词后，表示动作的完成或结果：<ex>把情况记录～｜车渐渐停了～｜起下几个钉子来。</ex></def><def><num>❹</num> 用在形容词后，表示某种状态开始出现并继续发展：<ex>天色渐渐黑～｜声音慢慢低了～。</ex></def>",动词；趋向动词。,动词,用在动词后，表示从过去继续到现在或从开始继续到最后。,用在动词后，表示从过去继续到现在或从开始继续到最后。,动词；趋向动词。用在动词后，表示从过去继续到现在或从开始继续到最后。,古代流传下来的神话。,46,0,1,1.0,,,,,
50,16,6,下来,//·xià//·lái,xiàlái,"<entry id=""55646""><hwg><hw>下来</hw><pinyin>//·xià//·lái</pinyin></hwg><def><ps>动</ps>趋向动词。</def><def><num>❶</num> 用在动词后，表示由高处向低处或由远处向近处来：<ex>把树上的苹果摘～｜河水从上游流～｜又派下新任务来了。</ex></def><def><num>❷</num> 用在动词后，表示从过去继续到现在或从开始继续到最后：<ex>古代流传～的神话｜所有参加业余培训的人都坚持～了。</ex></def><def><num>❸</num> 用在动词后，表示动作的完成或结果：<ex>把情况记录～｜车渐渐停了～｜起下几个钉子来。</ex></def><def><num>❹</num> 用在形容词后，表示某种状态开始出现并继续发展：<ex>天色渐渐黑～｜声音慢慢低了～。</ex></def>",动词；趋向动词。,动词,用在动词后，表示动作的完成或结果。,用在动词后，表示动作的完成或结果。,动词；趋向动词。用在动词后，表示动作的完成或结果。,把情况记录下来。,35,0,1,1.0,,,,,
51,16,7,下来,//·xià//·lái,xiàlái,"<entry id=""55646""><hwg><hw>下来</hw><pinyin>//·xià//·lái</pinyin></hwg><def><ps>动</ps>趋向动词。</def><def><num>❶</num> 用在动词后，表示由高处向低处或由远处向近处来：<ex>把树上的苹果摘～｜河水从上游流～｜又派下新任务来了。</ex></def><def><num>❷</num> 用在动词后，表示从过去继续到现在或从开始继续到最后：<ex>古代流传～的神话｜所有参加业余培训的人都坚持～了。</ex></def><def><num>❸</num> 用在动词后，表示动作的完成或结果：<ex>把情况记录～｜车渐渐停了～｜起下几个钉子来。</ex></def><def><num>❹</num> 用在形容词后，表示某种状态开始出现并继续发展：<ex>天色渐渐黑～｜声音慢慢低了～。</ex></def>",动词；趋向动词。,动词,用在形容词后，表示某种状态开始出现并继续发展。,用在形容词后，表示某种状态开始出现并继续发展。,动词；趋向动词。用在形容词后，表示某种状态开始出现并继续发展。,天色渐渐黑下来。,41,0,1,1.0,,,,,
52,17,1,下水,xià//shuǐ,xiàshuǐ,"<entry id=""55681""><hwg><hw>下水<sup>1</sup></hw><pinyin>xià//shuǐ</pinyin></hwg><def><ps>动</ps></def><def><num>❶</num> 进入水中：<ex>新船～典礼。</ex></def><def><num>❷</num> 把某些纺织品、纤维等浸在水中使收缩。</def><def><num>❸</num> 指做坏事：<ex>拖人～。</ex></def>",动词。,动词,进入水中。,进入水中。,动词。进入水中。,新船下水典礼。,17,1,1,1.0,,,,,
53,17,2,下水,xià//shuǐ,xiàshuǐ,"<entry id=""55681""><hwg><hw>下水<sup>1</sup></hw><pinyin>xià//shuǐ</pinyin></hwg><def><ps>动</ps></def><def><num>❶</num> 进入水中：<ex>新船～典礼。</ex></def><def><num>❷</num> 把某些纺织品、纤维等浸在水中使收缩。</def><def><num>❸</num> 指做坏事：<ex>拖人～。</ex></def>",动词。,动词,把某些纺织品、纤维等浸在水中使收缩。,把某些纺织品、纤维等浸在水中使收缩。,动词。把某些纺织品、纤维等浸在水中使收缩。,这件料子等下水后再拿去做衣服。,38,1,1,,1.0,,,,
54,17,3,下水,xià//shuǐ,xiàshuǐ,"<entry id=""55681""><hwg><hw>下水<sup>1</sup></hw><pinyin>xià//shuǐ</pinyin></hwg><def><ps>动</ps></def><def><num>❶</num> 进入水中：<ex>新船～典礼。</ex></def><def><num>❷</num> 把某些纺织品、纤维等浸在水中使收缩。</def><def><num>❸</num> 指做坏事：<ex>拖人～。</ex></def>",动词。,动词,指做坏事。,指做坏事。,动词。指做坏事。,拖人下水。,15,1,1,1.0,,,,,
55,17,4,下水,xiàshuǐ,xiàshuǐ,"<entry id=""55682""><hwg><hw>下水<sup>2</sup></hw><pinyin>xiàshuǐ</pinyin></hwg><def><ps>动</ps>向下游航行：<ex>～船。</ex></def>",动词。,动词,向下游航行。,向下游航行。,动词。向下游航行。,下水船。,15,1,0,1.0,,,,,
56,17,5,下水,xià·shui,xiàshui,"<entry id=""55683""><hwg><hw>下水</hw><pinyin>xià·shui</pinyin></hwg><def><ps>名</ps>用作食品的牲畜的内脏，有些地区专指肚子（<pinyin>dǔ·zi</pinyin>）和肠子：<ex>猪～。</ex></def><ci><div class=""title"">词语</div><div class=""cont""><a href=""entry://下水道"">下水道</a></div></ci>",名词。,名词,用作食品的牲畜的内脏，有些地区专指肚子和肠子。,用作食品的牲畜的内脏，有些地区专指肚子和肠子。,名词。用作食品的牲畜的内脏，有些地区专指肚子和肠子。,猪下水。,32,1,0,1.0,,,,,
57,18,1,下界,xià//jiè,xiàjiè,"<entry id=""55638""><hwg><hw>下界<sup>1</sup></hw><pinyin>xià//jiè</pinyin></hwg><def><ps>动</ps>下凡。</def>",动词。,动词,下凡。,下凡。,动词。下凡。,这故事说的是仙女下界与凡人结成夫妻。,26,0,0,,1.0,,,,
58,18,2,下界,xiàjiè,xiàjiè,"<entry id=""55639""><hwg><hw>下界<sup>2</sup></hw><pinyin>xiàjiè</pinyin></hwg><def><ps>名</ps>迷信的人称天上神仙居住的地方为上界，相对地把人间叫作下界。</def>",名词。,名词,迷信的人称天上神仙居住的地方为上界，相对地把人间叫作下界。,迷信的人称天上神仙居住的地方为上界，相对地把人间叫作下界。,名词。迷信的人称天上神仙居住的地方为上界，相对地把人间叫作下界。,后来，财神爷就用脚踢开了祥云，他们一起向下界看去。,59,0,0,,1.0,,,,
59,19,1,下线,xià//xiàn,xiàxiàn,"<entry id=""55702""><hwg><hw>下线<sup>1</sup></hw><pinyin>xià//xiàn</pinyin></hwg><def><ps>动</ps></def><def><num>❶</num> 指汽车、电器等在生产线上组装完毕，可以出厂：<ex>环保公交车本周内～。</ex></def><def><num>❷</num> 网站等断开互联网，停止运营。有时也指下网。</def>",动词。,动词,指汽车、电器等在生产线上组装完毕，可以出厂。,指汽车、电器等在生产线上组装完毕，可以出厂。,动词。指汽车、电器等在生产线上组装完毕，可以出厂。,环保公交车本周内下线。,38,0,1,1.0,,,,,
60,19,2,下线,xià//xiàn,xiàxiàn,"<entry id=""55702""><hwg><hw>下线<sup>1</sup></hw><pinyin>xià//xiàn</pinyin></hwg><def><ps>动</ps></def><def><num>❶</num> 指汽车、电器等在生产线上组装完毕，可以出厂：<ex>环保公交车本周内～。</ex></def><def><num>❷</num> 网站等断开互联网，停止运营。有时也指下网。</def>",动词。,动词,网站等断开互联网，停止运营。有时也指下网。,网站等断开互联网，停止运营。有时也指下网。,动词。网站等断开互联网，停止运营。有时也指下网。,我刚才在打游戏，现在准备下线了，我们明天再继续吧。,51,0,1,,,,,1.0,
61,19,3,下线,xiàxiàn,xiàxiàn,"<entry id=""55703""><hwg><hw>下线<sup>2</sup></hw><pinyin>xiàxiàn</pinyin></hwg><def><ps>名</ps>下一级联络人（跟“<a href=""entry://上线"">上线</a>”相对）：<ex>非法传销组织鼓动成员想方设法发展～。</ex></def>",名词。,名词,下一级联络人（跟“上线”相对）。,下一级联络人（跟“上线”相对）。,名词。下一级联络人（跟“上线”相对）。,非法传销组织鼓动成员想方设法发展下线。,40,0,0,1.0,,,,,
62,20,1,下网,xià//wǎng,xiàwǎng,"<entry id=""55693""><hwg><hw>下网<sup>1</sup></hw><pinyin>xià//wǎng</pinyin></hwg><def><ps>动</ps>设置罗网，多指在水中安设渔网：<ex>～捕鱼。</ex></def>",动词。,动词,设置罗网，多指在水中安设渔网。,设置罗网，多指在水中安设渔网。,动词。设置罗网，多指在水中安设渔网。,下网捕鱼。,25,0,0,1.0,,,,,
63,20,2,下网,xià//wǎng,xiàwǎng,"<entry id=""55694""><hwg><hw>下网<sup>2</sup></hw><pinyin>xià//wǎng</pinyin></hwg><def><ps>动</ps>在互联网上结束信息的检索、查询等，操作计算机等退出互联网（跟“<a href=""entry://上网"">上网</a>”相对）。</def>",动词。,动词,在互联网上结束信息的检索、查询等，操作计算机等退出互联网（跟“上网”相对）。,在互联网上结束信息的检索、查询等，操作计算机等退出互联网（跟“上网”相对）。,动词。在互联网上结束信息的检索、查询等，操作计算机等退出互联网（跟“上网”相对）。,因为要赶时间，他还没有来得及回复就匆匆下网了。,66,0,0,,,,,1.0,
64,21,1,下脚,xià//jiǎo,xiàjiǎo,"<entry id=""55634""><hwg><hw>下脚<sup>1</sup></hw><pinyin>xià//jiǎo</pinyin></hwg><def>（～<small>儿</small>）<ps>动</ps>走动时把脚踩下去：<ex>院子里到处是水，实在没处～。</ex></def>",动词。,动词,（下脚儿）走动时把脚踩下去。,走动时把脚踩下去。,动词。走动时把脚踩下去。,院子里到处是水，实在没处下脚。,29,0,0,1.0,,,,,
65,21,2,下脚,xiàjiǎo,xiàjiǎo,"<entry id=""55635""><hwg><hw>下脚<sup>2</sup></hw><pinyin>xiàjiǎo</pinyin></hwg><def><ps>名</ps>下脚料。</def><ci><div class=""title"">词语</div><div class=""cont""><a href=""entry://下脚货"">下脚货</a><a href=""entry://下脚料"">下脚料</a></div></ci>",名词。,名词,下脚料。,下脚料。,名词。下脚料。,西宁市一些集体所有制企业，利用大毛纺织厂的下脚料生产中低档毛纺织品，丰富了市场供应。,51,0,0,,,,,1.0,
66,22,1,下装,xià//zhuāng,xiàzhuāng,"<entry id=""55725""><hwg><hw>下装<sup>1</sup></hw><pinyin>xià//zhuāng</pinyin></hwg><def><ps>动</ps>卸装。</def>",动词。,动词,卸装。,卸装。,动词。卸装。,这时从后台走出一位扮演祝英台的小姑娘…她说她就去找拉胡琴的人，说罢也没下装就跳下台去走了。,53,0,0,,1.0,,,,
67,22,2,下装,xiàzhuāng,xiàzhuāng,"<entry id=""55726""><hwg><hw>下装<sup>2</sup></hw><pinyin>xiàzhuāng</pinyin></hwg><def><ps>名</ps>下身穿的衣服。</def>",名词。,名词,下身穿的衣服。,下身穿的衣服。,名词。下身穿的衣服。,她挑选了一件白色的上衣搭配蓝色的下装，显得十分清新。,38,0,0,,,,,1.0,
68,23,1,不复,bùfù,bùfù,"<entry id=""04156""><hwg><hw>不复<sup>1</sup></hw><pinyin>bùfù</pinyin></hwg><def><ps>动</ps>不能恢复：<ex>万劫～。</ex></def>",动词。,动词,不能恢复。,不能恢复。,动词。不能恢复。,万劫不复。,15,0,0,1.0,,,,,
69,23,2,不复,bùfù,bùfù,"<entry id=""04157""><hwg><hw>不复<sup>2</sup></hw><pinyin>bùfù</pinyin></hwg><def><ps>副</ps>不再：<ex>～存在。</ex></def>",副词。,副词,不再。,不再。,副词。不再。,不复存在。,13,0,0,1.0,,,,,
70,24,1,不得,bùdé,bùdé,"<entry id=""04119""><hwg><hw>不得</hw><pinyin>bùdé</pinyin></hwg><def><ps>动</ps>助动词。用在别的动词前，表示不许可：<ex>～大声喧哗｜～无理取闹。</ex></def>",动词；助动词。,动词,用在别的动词前，表示不许可。,用在别的动词前，表示不许可。,动词；助动词。用在别的动词前，表示不许可。,不得大声喧哗。,30,1,0,1.0,,,,,
71,24,2,不得,·bu·de,bude,"<entry id=""04120""><hwg><hw>不得</hw><pinyin>·bu·de</pinyin></hwg><def><ps>助</ps>用在动词、形容词后面，表示不可以或不能够：<ex>去～｜要～｜动弹～｜马虎～｜老虎屁股摸～｜科学上来～半点<small>儿</small>虚假。</ex></def><ci><div class=""title"">词语</div><div class=""cont""><a href=""entry://不得劲"">不得劲</a><a href=""entry://不得了"">不得了</a><a href=""entry://不得已"">不得已</a></div></ci>",助词。,助词,用在动词、形容词后面，表示不可以或不能够。,用在动词、形容词后面，表示不可以或不能够。,助词。用在动词、形容词后面，表示不可以或不能够。,老虎屁股摸不得。,34,1,0,1.0,,,,,
72,25,1,不爽,bùshuǎng,bùshuǎng,"<entry id=""04306""><hwg><hw>不爽<sup>1</sup></hw><pinyin>bùshuǎng</pinyin></hwg><def><ps>形</ps>（身体、心情）不爽快。</def>",形容词。,形容词,（身体、心情）不爽快。,（身体、心情）不爽快。,形容词。（身体、心情）不爽快。,最近身子不爽，不想出去玩。,30,0,0,,1.0,,,,
73,25,2,不爽,bùshuǎng,bùshuǎng,"<entry id=""04307""><hwg><hw>不爽<sup>2</sup></hw><pinyin>bùshuǎng</pinyin></hwg><def><ps>形</ps>没有差错：<ex>毫厘～｜屡试～。</ex></def>",形容词。,形容词,没有差错。,没有差错。,形容词。没有差错。,屡试不爽。,16,0,0,1.0,,,,,
74,26,1,世故,shìgù,shìgù,"<entry id=""46838""><hwg><hw>世故</hw><pinyin>shìgù</pinyin></hwg><def><ps>名</ps>处世经验：<ex>人情～｜老于～。</ex></def>",名词。,名词,处世经验。,处世经验。,名词。处世经验。,人情世故。,15,1,0,1.0,,,,,
75,26,2,世故,shì·gu,shìgu,"<entry id=""46839""><hwg><hw>世故</hw><pinyin>shì·gu</pinyin></hwg><def><ps>形</ps>（处事待人）圆滑，不得罪人：<ex>这人有些～，不大愿意给人提意见。</ex></def>",形容词。,形容词,（处事待人）圆滑，不得罪人。,（处事待人）圆滑，不得罪人。,形容词。（处事待人）圆滑，不得罪人。,这人有些世故，不大愿意给人提意见。,37,1,0,1.0,,,,,
76,27,1,东西,dōngxī,dōngxī,"<entry id=""12320""><hwg><hw>东西</hw><pinyin>dōngxī</pinyin></hwg><def><ps>名</ps></def><def><num>❶</num> 方位词。东边和西边。</def><def><num>❷</num> 指从东到西的距离：<ex>这座城～三里。</ex></def>",名词。,名词,方位词；东边和西边。,方位词；东边和西边。,名词。方位词；东边和西边。,文殊院前边的文殊台比较宽阔些，可是靠南突出的东西两块大石，顶部凿平，留着边缘作自然的栏杆，那地位更窄了。,67,1,1,,1.0,,,,
77,27,2,东西,dōngxī,dōngxī,"<entry id=""12320""><hwg><hw>东西</hw><pinyin>dōngxī</pinyin></hwg><def><ps>名</ps></def><def><num>❶</num> 方位词。东边和西边。</def><def><num>❷</num> 指从东到西的距离：<ex>这座城～三里。</ex></def>",名词。,名词,指从东到西的距离。,指从东到西的距离。,名词。指从东到西的距离。,这座城东西三里。,22,1,1,1.0,,,,,
78,27,3,东西,dōng·xi,dōngxi,"<entry id=""12322""><hwg><hw>东西</hw><pinyin>dōng·xi</pinyin></hwg><def><ps>名</ps></def><def><num>❶</num> 泛指各种具体的或抽象的事物：<ex>他买～去了｜雾很大，十几步以外的～就看不见了｜语言这～，不是随便可以学好的，非下苦功不可｜咱们写～要用普通话。</ex></def><def><num>❷</num> 特指人或动物（多含厌恶或喜爱的感情）：<ex>老～｜笨～｜这小～真可爱。</ex></def>",名词。,名词,泛指各种具体的或抽象的事物。,泛指各种具体的或抽象的事物。,名词。泛指各种具体的或抽象的事物。,他买东西去了。,26,1,1,1.0,,,,,
79,27,4,东西,dōng·xi,dōngxi,"<entry id=""12322""><hwg><hw>东西</hw><pinyin>dōng·xi</pinyin></hwg><def><ps>名</ps></def><def><num>❶</num> 泛指各种具体的或抽象的事物：<ex>他买～去了｜雾很大，十几步以外的～就看不见了｜语言这～，不是随便可以学好的，非下苦功不可｜咱们写～要用普通话。</ex></def><def><num>❷</num> 特指人或动物（多含厌恶或喜爱的感情）：<ex>老～｜笨～｜这小～真可爱。</ex></def>",名词。,名词,特指人或动物（多含厌恶或喜爱的感情）。,特指人或动物（多含厌恶或喜爱的感情）。,名词。特指人或动物（多含厌恶或喜爱的感情）。,这小东西真可爱。,32,1,1,1.0,,,,,
80,28,1,丧气,sàng//qì,sàngqì,"<entry id=""44328""><hwg><hw>丧气</hw><pinyin>sàng//qì</pinyin></hwg><def><ps>动</ps>因事情不顺利而情绪低落：<ex>灰心～｜垂头～。</ex></def>",动词。,动词,因事情不顺利而情绪低落。,因事情不顺利而情绪低落。,动词。因事情不顺利而情绪低落。,垂头丧气。,22,1,0,1.0,,,,,
81,28,2,丧气,sàng·qi,sàngqi,"<entry id=""44329""><hwg><hw>丧气</hw><pinyin>sàng·qi</pinyin></hwg><def>〈口〉<ps>形</ps>倒霉；不吉利：<ex>～话。</ex></def>",形容词。,形容词,〈口〉倒霉；不吉利。,〈口语〉倒霉；不吉利。,形容词。〈口语〉倒霉；不吉利。,丧气话。,21,1,0,1.0,,,,,
82,29,1,中堂,zhōngtáng,zhōngtáng,"<entry id=""67348""><hwg><hw>中堂<sup>1</sup></hw><pinyin>zhōngtáng</pinyin></hwg><def><ps>名</ps></def><def><num>❶</num> 正房居中的一间；堂屋。</def><def><num>❷</num> 悬挂在客厅正中的尺寸较大的字画。</def>",名词。,名词,正房居中的一间；堂屋。,正房居中的一间；堂屋。,名词。正房居中的一间；堂屋。,今夜没有电光，中堂燃着两支蜡烛。,32,0,1,,1.0,,,,
83,29,2,中堂,zhōngtáng,zhōngtáng,"<entry id=""67348""><hwg><hw>中堂<sup>1</sup></hw><pinyin>zhōngtáng</pinyin></hwg><def><ps>名</ps></def><def><num>❶</num> 正房居中的一间；堂屋。</def><def><num>❷</num> 悬挂在客厅正中的尺寸较大的字画。</def>",名词。,名词,悬挂在客厅正中的尺寸较大的字画。,悬挂在客厅正中的尺寸较大的字画。,名词。悬挂在客厅正中的尺寸较大的字画。,易良发忍不住要笑，就假装着咳嗽，转过面去看挂在上面的中堂——三星图。,55,0,1,,1.0,,,,
84,29,3,中堂,zhōngtáng,zhōngtáng,"<entry id=""67349""><hwg><hw>中堂<sup>2</sup></hw><pinyin>zhōngtáng</pinyin></hwg><def><ps>名</ps>明清两代内阁大学士的别称。</def>",名词。,名词,明清两代内阁大学士的别称。,明清两代内阁大学士的别称。,名词。明清两代内阁大学士的别称。,宋代，李纲任中堂，于政事堂内决策国事，尽显宰相风范。,44,0,0,,,,,1.0,
85,30,1,中学,zhōngxué,zhōngxué,"<entry id=""67369""><hwg><hw>中学<sup>1</sup></hw><pinyin>zhōngxué</pinyin></hwg><def><ps>名</ps>对青少年实施中等教育的学校。</def>",名词。,名词,对青少年实施中等教育的学校。,对青少年实施中等教育的学校。,名词。对青少年实施中等教育的学校。,在中学教育方面，要逐步改变普通高中过多，职业中学太少的状况。,49,0,0,,,1.0,,,
86,30,2,中学,zhōngxué,zhōngxué,"<entry id=""67370""><hwg><hw>中学<sup>2</sup></hw><pinyin>zhōngxué</pinyin></hwg><def><ps>名</ps>清末称我国传统的学术（对“西学”而言）。</def><ci><div class=""title"">词语</div><div class=""cont""><a href=""entry://中学生"">中学生</a></div></ci>",名词。,名词,清末称我国传统的学术（对“西学”而言）。,清末称我国传统的学术（对“西学”而言）。,名词。清末称我国传统的学术（对“西学”而言）。,在“五四”以前，学校与科举之争、新学与旧学之争、西学与中学之争，都带着这种性质。,65,0,0,,1.0,,,,
87,31,1,主拍,zhǔpāi,zhǔpāi,"<entry id=""67906""><hwg><hw>主拍<sup>1</sup></hw><pinyin>zhǔpāi</pinyin></hwg><def><num>❶</num> <ps>动</ps>主持拍卖：<ex>操槌～。</ex></def><def><num>❷</num> <ps>名</ps>主持拍卖的人：<ex>～一锤定音。</ex></def>",动词。,动词,主持拍卖。,主持拍卖。,动词。主持拍卖。,操槌主拍。,15,0,1,1.0,,,,,
88,31,2,主拍,zhǔpāi,zhǔpāi,"<entry id=""67906""><hwg><hw>主拍<sup>1</sup></hw><pinyin>zhǔpāi</pinyin></hwg><def><num>❶</num> <ps>动</ps>主持拍卖：<ex>操槌～。</ex></def><def><num>❷</num> <ps>名</ps>主持拍卖的人：<ex>～一锤定音。</ex></def>",名词。,名词,主持拍卖的人。,主持拍卖的人。,名词。主持拍卖的人。,主拍一锤定音。,19,0,1,1.0,,,,,
89,31,3,主拍,zhǔpāi,zhǔpāi,"<entry id=""67907""><hwg><hw>主拍<sup>2</sup></hw><pinyin>zhǔpāi</pinyin></hwg><def><ps>动</ps>主持拍摄：<ex>这部影片由名导演～。</ex></def>",动词。,动词,主持拍摄。,主持拍摄。,动词。主持拍摄。,这部影片由名导演主拍。,21,0,0,1.0,,,,,
90,32,1,乌拉,wūlā,wūlā,"<entry id=""54261""><hwg><hw>乌拉</hw><pinyin>wūlā</pinyin></hwg><def><ps>名</ps></def><def><num>❶</num> 西藏民主改革前，农奴为官府或农奴主所服的劳役，主要是耕种和运输，还有种种杂役、杂差。</def><def><num>❷</num> 服这些劳役的人。</def><def>‖也作乌喇。</def><def>　另见<pinyin>wù·la</pinyin>。</def>",名词。,名词,西藏民主改革前，农奴为官府或农奴主所服的劳役，主要是耕种和运输，还有种种杂役、杂差。,西藏民主改革前，农奴为官府或农奴主所服的劳役，主要是耕种和运输，还有种种杂役、杂差。,名词。西藏民主改革前，农奴为官府或农奴主所服的劳役，主要是耕种和运输，还有种种杂役、杂差。,元朝时期，中央政府在西藏地区推行了乌拉制度，以确保驿站系统的有效运作。,82,1,1,,,,,1.0,
91,32,2,乌拉,wūlā,wūlā,"<entry id=""54261""><hwg><hw>乌拉</hw><pinyin>wūlā</pinyin></hwg><def><ps>名</ps></def><def><num>❶</num> 西藏民主改革前，农奴为官府或农奴主所服的劳役，主要是耕种和运输，还有种种杂役、杂差。</def><def><num>❷</num> 服这些劳役的人。</def><def>‖也作乌喇。</def><def>　另见<pinyin>wù·la</pinyin>。</def>",名词。,名词,服这些劳役的人。也作乌喇。,服这些劳役的人。也作乌喇。,名词。服这些劳役的人。也作乌喇。,这些乌拉很可怜。,26,1,1,,,,,1.0,
92,32,3,乌拉,wù·la,wùla,"<entry id=""54803""><hwg><hw>乌拉</hw><pinyin>wù·la</pinyin></hwg><def><ps>名</ps>东北地区冬天穿的一种鞋，用皮革制成，里面垫乌拉草。也作靰鞡。</def><def>　另见<pinyin>wūlā</pinyin>。</def><ci><div class=""title"">词语</div><div class=""cont""><a href=""entry://乌拉草"">乌拉草</a></div></ci>",名词。,名词,东北地区冬天穿的一种鞋，用皮革制成，里面垫乌拉草。也作靰鞡。,东北地区冬天穿的一种鞋，用皮革制成，里面垫乌拉草。也作靰鞡。,名词。东北地区冬天穿的一种鞋，用皮革制成，里面垫乌拉草。也作靰鞡。,他脱掉了乌拉，换上了一双更加轻便的鞋子。,55,1,0,,,,,1.0,
93,33,1,乖乖,guāiguāi,guāiguāi,"<entry id=""18738""><hwg><hw>乖乖</hw><pinyin>guāiguāi</pinyin></hwg><def><num>❶</num> （～<small>儿</small>的）<ps>形</ps>顺从；听话：<ex>孩子们都～<small>儿</small>地坐着听阿姨讲故事。</ex></def><def><num>❷</num> <ps>名</ps>对小孩<small>儿</small>的爱称。</def>",形容词。,形容词,（乖乖儿的）顺从；听话。,（乖乖儿的）顺从；听话。,形容词。（乖乖儿的）顺从；听话。,孩子们都乖乖儿地坐着听阿姨讲故事。,35,1,1,1.0,,,,,
94,33,2,乖乖,guāiguāi,guāiguāi,"<entry id=""18738""><hwg><hw>乖乖</hw><pinyin>guāiguāi</pinyin></hwg><def><num>❶</num> （～<small>儿</small>的）<ps>形</ps>顺从；听话：<ex>孩子们都～<small>儿</small>地坐着听阿姨讲故事。</ex></def><def><num>❷</num> <ps>名</ps>对小孩<small>儿</small>的爱称。</def>",名词。,名词,对小孩儿的爱称。,对小孩儿的爱称。,名词。对小孩儿的爱称。,我的小乖乖，今天在幼儿园玩得开心吗？,31,1,1,,,,,1.0,
95,33,3,乖乖,guāi·guai,guāiguai,"<entry id=""18739""><hwg><hw>乖乖</hw><pinyin>guāi·guai</pinyin></hwg><def><ps>叹</ps>表示惊讶或赞叹：<ex>～，外边真冷！｜～，这艘船真大！</ex></def>",叹词。,叹词,表示惊讶或赞叹。,表示惊讶或赞叹。,叹词。表示惊讶或赞叹。,乖乖，外边真冷！,21,1,0,1.0,,,,,
96,34,1,人家,rénjiā,rénjiā,"<entry id=""43185""><hwg><hw>人家</hw><pinyin>rénjiā</pinyin></hwg><def>（～<small>儿</small>）<ps>名</ps></def><def><num>❶</num> 住户：<ex>这个村子有百十户～。</ex></def><def><num>❷</num> 家庭：<ex>勤俭～。</ex></def><def><num>❸</num> 指女子未来的丈夫家：<ex>她已经有了～<small>儿</small>了。</ex></def>",名词。,名词,（人家儿）住户。,住户。,名词。住户。,这个村子有百十户人家。,19,1,1,1.0,,,,,
97,34,2,人家,rénjiā,rénjiā,"<entry id=""43185""><hwg><hw>人家</hw><pinyin>rénjiā</pinyin></hwg><def>（～<small>儿</small>）<ps>名</ps></def><def><num>❶</num> 住户：<ex>这个村子有百十户～。</ex></def><def><num>❷</num> 家庭：<ex>勤俭～。</ex></def><def><num>❸</num> 指女子未来的丈夫家：<ex>她已经有了～<small>儿</small>了。</ex></def>",名词。,名词,（人家儿）家庭。,家庭。,名词。家庭。,勤俭人家。,13,1,1,1.0,,,,,
98,34,3,人家,rénjiā,rénjiā,"<entry id=""43185""><hwg><hw>人家</hw><pinyin>rénjiā</pinyin></hwg><def>（～<small>儿</small>）<ps>名</ps></def><def><num>❶</num> 住户：<ex>这个村子有百十户～。</ex></def><def><num>❷</num> 家庭：<ex>勤俭～。</ex></def><def><num>❸</num> 指女子未来的丈夫家：<ex>她已经有了～<small>儿</small>了。</ex></def>",名词。,名词,（人家儿）指女子未来的丈夫家。,指女子未来的丈夫家。,名词。指女子未来的丈夫家。,她已经有了人家儿了。,25,1,1,1.0,,,,,
99,34,4,人家,rén·jia,rénjia,"<entry id=""43186""><hwg><hw>人家</hw><pinyin>rén·jia</pinyin></hwg><def><ps>代</ps>人称代词。</def><def><num>❶</num> 指自己或某人以外的人；别人：<ex>～都不怕，就你怕｜～是人，我也是人，我就学不会？</ex></def><def><num>❷</num> 指某个人或某些人，意思跟“<a href=""entry://他"">他</a>”或“他们”相近：<ex>你把东西快给～送回去吧。</ex></def><def><num>❸</num> 指“我”（有亲热或俏皮的意味）：<ex>原来是你呀，差点<small>儿</small>没把～吓死！</ex></def>",代词；人称代词。,代词,指自己或某人以外的人；别人。,指自己或某人以外的人；别人。,代词；人称代词。指自己或某人以外的人；别人。,人家都不怕，就你怕。,34,1,1,1.0,,,,,
100,34,5,人家,rén·jia,rénjia,"<entry id=""43186""><hwg><hw>人家</hw><pinyin>rén·jia</pinyin></hwg><def><ps>代</ps>人称代词。</def><def><num>❶</num> 指自己或某人以外的人；别人：<ex>～都不怕，就你怕｜～是人，我也是人，我就学不会？</ex></def><def><num>❷</num> 指某个人或某些人，意思跟“<a href=""entry://他"">他</a>”或“他们”相近：<ex>你把东西快给～送回去吧。</ex></def><def><num>❸</num> 指“我”（有亲热或俏皮的意味）：<ex>原来是你呀，差点<small>儿</small>没把～吓死！</ex></def>",代词；人称代词。,代词,指某个人或某些人，意思跟“他”或“他们”相近。,指某个人或某些人，意思跟“他”或“他们”相近。,代词；人称代词。指某个人或某些人，意思跟“他”或“他们”相近。,你把东西快给人家送回去吧。,46,1,1,1.0,,,,,
101,34,6,人家,rén·jia,rénjia,"<entry id=""43186""><hwg><hw>人家</hw><pinyin>rén·jia</pinyin></hwg><def><ps>代</ps>人称代词。</def><def><num>❶</num> 指自己或某人以外的人；别人：<ex>～都不怕，就你怕｜～是人，我也是人，我就学不会？</ex></def><def><num>❷</num> 指某个人或某些人，意思跟“<a href=""entry://他"">他</a>”或“他们”相近：<ex>你把东西快给～送回去吧。</ex></def><def><num>❸</num> 指“我”（有亲热或俏皮的意味）：<ex>原来是你呀，差点<small>儿</small>没把～吓死！</ex></def>",代词；人称代词。,代词,指“我”（有亲热或俏皮的意味）。,指“我”（有亲热或俏皮的意味）。,代词；人称代词。指“我”（有亲热或俏皮的意味）。,原来是你呀，差点儿没把人家吓死！,42,1,1,1.0,,,,,
102,35,1,人性,rénxìng,rénxìng,"<entry id=""43284""><hwg><hw>人性</hw><pinyin>rénxìng</pinyin></hwg><def><ps>名</ps>在一定的社会制度和一定的历史条件下形成的人的本性。</def>",名词。,名词,在一定的社会制度和一定的历史条件下形成的人的本性。,在一定的社会制度和一定的历史条件下形成的人的本性。,名词。在一定的社会制度和一定的历史条件下形成的人的本性。,历史条件塑造了人性，使其在不同的历史时期呈现出不同的特点，反映了时代的烙印。,68,0,0,,,,,1.0,
103,35,2,人性,rén·xìng,rénxìng,"<entry id=""43285""><hwg><hw>人性</hw><pinyin>rén·xìng</pinyin></hwg><def><ps>名</ps>人所具有的正常的感情和理性：<ex>不通～。</ex></def><ci><div class=""title"">词语</div><div class=""cont""><a href=""entry://人性化"">人性化</a><a href=""entry://人性论"">人性论</a></div></ci>",名词。,名词,人所具有的正常的感情和理性。,人所具有的正常的感情和理性。,名词。人所具有的正常的感情和理性。,他对待家人冷漠无情，简直不通人性。,36,0,0,1.0,,,,,
104,36,1,人流,rénliú,rénliú,"<entry id=""43205""><hwg><hw>人流<sup>1</sup></hw><pinyin>rénliú</pinyin></hwg><def><ps>名</ps>像河流似的连续不断的人群：<ex>不尽的～涌向广场。</ex></def>",名词。,名词,像河流似的连续不断的人群。,像河流似的连续不断的人群。,名词。像河流似的连续不断的人群。,不尽的人流涌向广场。,28,0,0,1.0,,,,,
105,36,2,人流,rénliú,rénliú,"<entry id=""43206""><hwg><hw>人流<sup>2</sup></hw><pinyin>rénliú</pinyin></hwg><def><ps>名</ps>人工流产的简称。</def>",名词。,名词,人工流产的简称。,人工流产的简称。,名词。人工流产的简称。,在经过深思熟虑后，她决定接受人流手术，希望未来能做好更充分的准备。,46,0,0,,,,,1.0,
106,37,1,人道,réndào,réndào,"<entry id=""43155""><hwg><hw>人道<sup>1</sup></hw><pinyin>réndào</pinyin></hwg><def><num>❶</num> <ps>名</ps>指爱护人的生命、关怀人的幸福、尊重人的人格和权利的道德。</def><def><num>❷</num> <ps>形</ps>合乎人道的（多用于否定式）：<ex>这样做很不～。</ex></def><def><num>❸</num> <ps>名</ps>古代指封建礼教所规定的人伦。</def><def><num>❹</num> 〈书〉<ps>名</ps>泛指人事或为人之道。</def>",名词。,名词,指爱护人的生命、关怀人的幸福、尊重人的人格和权利的道德。,指爱护人的生命、关怀人的幸福、尊重人的人格和权利的道德。,名词。指爱护人的生命、关怀人的幸福、尊重人的人格和权利的道德。,这个制度虽是惨酷不人道，然而其中涵义正是惧怕女后权大。,60,0,1,,1.0,,,,
107,37,2,人道,réndào,réndào,"<entry id=""43155""><hwg><hw>人道<sup>1</sup></hw><pinyin>réndào</pinyin></hwg><def><num>❶</num> <ps>名</ps>指爱护人的生命、关怀人的幸福、尊重人的人格和权利的道德。</def><def><num>❷</num> <ps>形</ps>合乎人道的（多用于否定式）：<ex>这样做很不～。</ex></def><def><num>❸</num> <ps>名</ps>古代指封建礼教所规定的人伦。</def><def><num>❹</num> 〈书〉<ps>名</ps>泛指人事或为人之道。</def>",形容词。,形容词,合乎人道的（多用于否定式）。,合乎人道的（多用于否定式）。,形容词。合乎人道的（多用于否定式）。,这样做很不人道。,28,0,1,1.0,,,,,
108,37,3,人道,réndào,réndào,"<entry id=""43155""><hwg><hw>人道<sup>1</sup></hw><pinyin>réndào</pinyin></hwg><def><num>❶</num> <ps>名</ps>指爱护人的生命、关怀人的幸福、尊重人的人格和权利的道德。</def><def><num>❷</num> <ps>形</ps>合乎人道的（多用于否定式）：<ex>这样做很不～。</ex></def><def><num>❸</num> <ps>名</ps>古代指封建礼教所规定的人伦。</def><def><num>❹</num> 〈书〉<ps>名</ps>泛指人事或为人之道。</def>",名词。,名词,古代指封建礼教所规定的人伦。,古代指封建礼教所规定的人伦。,名词。古代指封建礼教所规定的人伦。,孝顺作为人道的基本要求之一，历来被看作是衡量一个人品德的重要标准。,52,0,1,,,,,1.0,
109,37,4,人道,réndào,réndào,"<entry id=""43155""><hwg><hw>人道<sup>1</sup></hw><pinyin>réndào</pinyin></hwg><def><num>❶</num> <ps>名</ps>指爱护人的生命、关怀人的幸福、尊重人的人格和权利的道德。</def><def><num>❷</num> <ps>形</ps>合乎人道的（多用于否定式）：<ex>这样做很不～。</ex></def><def><num>❸</num> <ps>名</ps>古代指封建礼教所规定的人伦。</def><def><num>❹</num> 〈书〉<ps>名</ps>泛指人事或为人之道。</def>",名词。,名词,〈书〉泛指人事或为人之道。,〈书面语〉泛指人事或为人之道。,名词。〈书面语〉泛指人事或为人之道。,她教导孩子们，人道不仅体现在言语上，更体现在行动中。,46,0,1,,,,,1.0,
110,37,5,人道,réndào,réndào,"<entry id=""43156""><hwg><hw>人道<sup>2</sup></hw><pinyin>réndào</pinyin></hwg><def><ps>动</ps>指人性交（就能力而言，多用于否定式）。</def><ci><div class=""title"">词语</div><div class=""cont""><a href=""entry://人道主义"">人道主义</a></div></ci>",动词。,动词,指人性交（就能力而言，多用于否定式）。,指人性交（就能力而言，多用于否定式）。,动词。指人性交（就能力而言，多用于否定式）。,古人男子三十而取，女子二十而嫁，使其气血充足，然后行其人道。,54,0,0,,,1.0,,,
111,38,1,作为,zuòwéi,zuòwéi,"<entry id=""69717""><hwg><hw>作为<sup>1</sup></hw><pinyin>zuòwéi</pinyin></hwg><def><num>❶</num> <ps>名</ps>所作所为；行为：<ex>评论一个人，不但要根据他的谈吐，而且更需要根据他的～。</ex></def><def><num>❷</num> <ps>动</ps>做出成绩：<ex>有所～。</ex></def><def><num>❸</num> <ps>名</ps>可以做的事：<ex>大有～。</ex></def>",名词。,名词,所作所为；行为。,所作所为；行为。,名词。所作所为；行为。,评论一个人，不但要根据他的谈吐，而且更需要根据他的作为。,41,0,1,1.0,,,,,
112,38,2,作为,zuòwéi,zuòwéi,"<entry id=""69717""><hwg><hw>作为<sup>1</sup></hw><pinyin>zuòwéi</pinyin></hwg><def><num>❶</num> <ps>名</ps>所作所为；行为：<ex>评论一个人，不但要根据他的谈吐，而且更需要根据他的～。</ex></def><def><num>❷</num> <ps>动</ps>做出成绩：<ex>有所～。</ex></def><def><num>❸</num> <ps>名</ps>可以做的事：<ex>大有～。</ex></def>",动词。,动词,做出成绩。,做出成绩。,动词。做出成绩。,有所作为。,15,0,1,1.0,,,,,
113,38,3,作为,zuòwéi,zuòwéi,"<entry id=""69717""><hwg><hw>作为<sup>1</sup></hw><pinyin>zuòwéi</pinyin></hwg><def><num>❶</num> <ps>名</ps>所作所为；行为：<ex>评论一个人，不但要根据他的谈吐，而且更需要根据他的～。</ex></def><def><num>❷</num> <ps>动</ps>做出成绩：<ex>有所～。</ex></def><def><num>❸</num> <ps>名</ps>可以做的事：<ex>大有～。</ex></def>",名词。,名词,可以做的事。,可以做的事。,名词。可以做的事。,大有作为。,16,0,1,1.0,,,,,
114,38,4,作为,zuòwéi,zuòwéi,"<entry id=""69718""><hwg><hw>作为<sup>2</sup></hw><pinyin>zuòwéi</pinyin></hwg><def><num>❶</num> <ps>动</ps>当作：<ex>～罢论｜～无效｜我把游泳～锻炼身体的方法。</ex></def><def><num>❷</num> <ps>介</ps>就人的某种身份或事物的某种性质来说：<ex>～一个共产党员，要全心全意为人民服务｜～一部词典，必须有明确的编写宗旨。</ex></def>",动词。,动词,当作。,当作。,动词。当作。,我把游泳作为锻炼身体的方法。,22,0,1,1.0,,,,,
115,38,5,作为,zuòwéi,zuòwéi,"<entry id=""69718""><hwg><hw>作为<sup>2</sup></hw><pinyin>zuòwéi</pinyin></hwg><def><num>❶</num> <ps>动</ps>当作：<ex>～罢论｜～无效｜我把游泳～锻炼身体的方法。</ex></def><def><num>❷</num> <ps>介</ps>就人的某种身份或事物的某种性质来说：<ex>～一个共产党员，要全心全意为人民服务｜～一部词典，必须有明确的编写宗旨。</ex></def>",介词。,介词,就人的某种身份或事物的某种性质来说。,就人的某种身份或事物的某种性质来说。,介词。就人的某种身份或事物的某种性质来说。,作为一个共产党员，要全心全意为人民服务。,43,0,1,1.0,,,,,
116,39,1,作法,zuò//fǎ,zuòfǎ,"<entry id=""69679""><hwg><hw>作法</hw><pinyin>zuò//fǎ</pinyin></hwg><def><ps>动</ps>旧时指道士施行法术。</def>",动词。,动词,旧时指道士施行法术。,旧时指道士施行法术。,动词。旧时指道士施行法术。,看见一群人在烧香拜龙，作法求雨。,31,0,0,,1.0,,,,
117,39,2,作法,zuòfǎ,zuòfǎ,"<entry id=""69680""><hwg><hw>作法</hw><pinyin>zuòfǎ</pinyin></hwg><def><ps>名</ps></def><def><num>❶</num> 作文的方法：<ex>文章～。</ex></def><def><num>❷</num> 做法。</def><ci><div class=""title"">词语</div><div class=""cont""><a href=""entry://作法自毙"">作法自毙</a></div></ci>",名词。,名词,作文的方法。,作文的方法。,名词。作文的方法。,文章作法。,16,0,1,1.0,,,,,
118,39,3,作法,zuòfǎ,zuòfǎ,"<entry id=""69680""><hwg><hw>作法</hw><pinyin>zuòfǎ</pinyin></hwg><def><ps>名</ps></def><def><num>❶</num> 作文的方法：<ex>文章～。</ex></def><def><num>❷</num> 做法。</def><ci><div class=""title"">词语</div><div class=""cont""><a href=""entry://作法自毙"">作法自毙</a></div></ci>",名词。,名词,做法。,做法。,名词。做法。,他到如今还未曾学会豆腐的作法。,23,0,1,,1.0,,,,
119,40,1,作难,zuònán,zuònán,"<entry id=""69700""><hwg><hw>作难</hw><pinyin>zuònán</pinyin></hwg><def><ps>动</ps>为难：<ex>从中～。</ex></def>",动词。,动词,为难。,为难。,动词。为难。,从中作难。,13,1,0,1.0,,,,,
120,40,2,作难,zuònàn,zuònàn,"<entry id=""69701""><hwg><hw>作难</hw><pinyin>zuònàn</pinyin></hwg><def>〈书〉<ps>动</ps>发动叛乱；起事。</def>",动词。,动词,〈书〉发动叛乱；起事。,〈书面语〉发动叛乱；起事。,动词。〈书面语〉发动叛乱；起事。,历史上，许多英雄人物都是通过作难来推动社会进步和变革的。,46,1,0,,,,,1.0,
121,41,1,使得,shǐ·de,shǐde,"<entry id=""46769""><hwg><hw>使得<sup>1</sup></hw><pinyin>shǐ·de</pinyin></hwg><def><ps>动</ps></def><def><num>❶</num> 可以使用：<ex>这支笔～使不得？</ex></def><def><num>❷</num> 能行；可以：<ex>这个主意倒～｜你不去如何～？</ex></def>",动词。,动词,可以使用。,可以使用。,动词。可以使用。,这支笔使得使不得？,19,0,1,1.0,,,,,
122,41,2,使得,shǐ·de,shǐde,"<entry id=""46769""><hwg><hw>使得<sup>1</sup></hw><pinyin>shǐ·de</pinyin></hwg><def><ps>动</ps></def><def><num>❶</num> 可以使用：<ex>这支笔～使不得？</ex></def><def><num>❷</num> 能行；可以：<ex>这个主意倒～｜你不去如何～？</ex></def>",动词。,动词,能行；可以。,能行；可以。,动词。能行；可以。,这个主意倒使得。,19,0,1,1.0,,,,,
123,41,3,使得,shǐ·de,shǐde,"<entry id=""46770""><hwg><hw>使得<sup>2</sup></hw><pinyin>shǐ·de</pinyin></hwg><def><ps>动</ps>（意图、计划、事物）引起一定的结果：<ex>科学种田～粮食产量有了大幅度提高｜这个想法～他忘记了一切困难。</ex></def>",动词。,动词,（意图、计划、事物）引起一定的结果。,（意图、计划、事物）引起一定的结果。,动词。（意图、计划、事物）引起一定的结果。,科学种田使得粮食产量有了大幅度提高。,41,0,0,1.0,,,,,
124,42,1,供养,gōngyǎng,gōngyǎng,"<entry id=""17907""><hwg><hw>供养</hw><pinyin>gōngyǎng</pinyin></hwg><def><ps>动</ps>供给生活所需；赡养或抚养：<ex>～老人｜父母把你～这么大不容易。</ex></def><def>　另见<pinyin>gòngyǎng</pinyin>。</def>",动词。,动词,供给生活所需；赡养或抚养。,供给生活所需；赡养或抚养。,动词。供给生活所需；赡养或抚养。,父母把你供养这么大不容易。,31,1,0,1.0,,,,,
125,42,2,供养,gòngyǎng,gòngyǎng,"<entry id=""18034""><hwg><hw>供养</hw><pinyin>gòngyǎng</pinyin></hwg><def><ps>动</ps>用供品祭祀（神佛和祖先）。</def><def>　另见<pinyin>gōngyǎng</pinyin>。</def>",动词。,动词,用供品祭祀（神佛和祖先）。,用供品祭祀（神佛和祖先）。,动词。用供品祭祀（神佛和祖先）。,寺庙里的和尚们每天都会精心准备供品，供养神佛，以表达虔诚的信仰和感激之情。,55,1,0,,,,,1.0,
126,43,1,倒仓,dǎo//cāng,dǎocāng,"<entry id=""10622""><hwg><hw>倒仓<sup>1</sup></hw><pinyin>dǎo//cāng</pinyin></hwg><def><ps>动</ps></def><def><num>❶</num> 把仓里的粮食全取出来，晾晒之后，再装进去。</def><def><num>❷</num> 把一个仓里的粮食转到另一个仓里去。</def>",动词。,动词,把仓里的粮食全取出来，晾晒之后，再装进去。,把仓里的粮食全取出来，晾晒之后，再装进去。,动词。把仓里的粮食全取出来，晾晒之后，再装进去。,今年秋天，我们要对粮仓进行倒仓，确保粮食干燥不霉变。,52,0,1,,,,,1.0,
127,43,2,倒仓,dǎo//cāng,dǎocāng,"<entry id=""10622""><hwg><hw>倒仓<sup>1</sup></hw><pinyin>dǎo//cāng</pinyin></hwg><def><ps>动</ps></def><def><num>❶</num> 把仓里的粮食全取出来，晾晒之后，再装进去。</def><def><num>❷</num> 把一个仓里的粮食转到另一个仓里去。</def>",动词。,动词,把一个仓里的粮食转到另一个仓里去。,把一个仓里的粮食转到另一个仓里去。,动词。把一个仓里的粮食转到另一个仓里去。,为了便于管理，他们把旧仓库的粮食全部倒仓到新仓库。,47,0,1,,,,,1.0,
128,43,3,倒仓,dǎo//cāng,dǎocāng,"<entry id=""10623""><hwg><hw>倒仓<sup>2</sup></hw><pinyin>dǎo//cāng</pinyin></hwg><def><ps>动</ps>指戏曲演员在青春期发育时嗓音变低或变哑。</def>",动词。,动词,指戏曲演员在青春期发育时嗓音变低或变哑。,指戏曲演员在青春期发育时嗓音变低或变哑。,动词。指戏曲演员在青春期发育时嗓音变低或变哑。,演员的倒仓变嗓时期是一个关口，倒不过来，往往一蹶不振。,52,0,0,,1.0,,,,
129,44,1,倒数,dàoshǔ,dàoshǔ,"<entry id=""10703""><hwg><hw>倒数</hw><pinyin>dàoshǔ</pinyin></hwg><def><ps>动</ps>逆着次序数（<pinyin>shǔ</pinyin>）；从后向前数（<pinyin>shǔ</pinyin>）：<ex>～第一名（最后一名）。</ex></def>",动词。,动词,逆着次序数；从后向前数。,逆着次序数；从后向前数。,动词。逆着次序数；从后向前数。,倒数第一名。,23,1,0,1.0,,,,,
130,44,2,倒数,dàoshù,dàoshù,"<entry id=""10704""><hwg><hw>倒数</hw><pinyin>dàoshù</pinyin></hwg><def><ps>名</ps>如果两个数的积是1，其中一个数就叫作另一个数的倒数。如2的倒数是1/2，1/5的倒数是5。</def>",名词。,名词,如果两个数的积是，其中一个数就叫作另一个数的倒数。如2的倒数是1/2，1/5的倒数是5。,如果两个数的积是，其中一个数就叫作另一个数的倒数。如2的倒数是1/2，1/5的倒数是5。,名词。如果两个数的积是，其中一个数就叫作另一个数的倒数。如2的倒数是1/2，1/5的倒数是5。,他始终学不会倒数相关的题目。,63,1,0,,,,,1.0,
131,45,1,倒车,dǎo//chē,dǎochē,"<entry id=""10625""><hwg><hw>倒车</hw><pinyin>dǎo//chē</pinyin></hwg><def><ps>动</ps>中途换乘别的车：<ex>这趟车可以直达北京，不用～。</ex></def><def>　另见<pinyin>dào</pinyin>//<pinyin>chē</pinyin>。</def>",动词。,动词,中途换乘别的车。,中途换乘别的车。,动词。中途换乘别的车。,这趟车可以直达北京，不用倒车。,28,1,0,1.0,,,,,
132,45,2,倒车,dào//chē,dàochē,"<entry id=""10688""><hwg><hw>倒车</hw><pinyin>dào//chē</pinyin></hwg><def><ps>动</ps>使车向后退。</def><def>　另见<pinyin>dǎo</pinyin>//<pinyin>chē</pinyin>。</def>",动词。,动词,使车向后退。,使车向后退。,动词。使车向后退。,倒车时一定要注意车后有没有行人。,27,1,0,,1.0,,,,
133,46,1,倒转,dàozhuǎn,dàozhuǎn,"<entry id=""10719""><hwg><hw>倒转</hw><pinyin>dàozhuǎn</pinyin></hwg><def><num>❶</num> <ps>动</ps>倒过来；反过来：<ex>～来说，道理也是一样。</ex></def><def><num>❷</num> 〈方〉<ps>副</ps>反倒：<ex>你把字写坏了，～来怪我。</ex></def>",动词。,动词,倒过来；反过来。,倒过来；反过来。,动词。倒过来；反过来。,倒转来说，道理也是一样。,25,1,0,1.0,,,,,
134,46,2,倒转,dàozhuàn,dàozhuàn,"<entry id=""10720""><hwg><hw>倒转</hw><pinyin>dàozhuàn</pinyin></hwg><def><ps>动</ps>倒着转动：<ex>历史的车轮不会～。</ex></def>",动词。,动词,倒着转动。,倒着转动。,动词。倒着转动。,历史的车轮不会倒转。,20,1,0,1.0,,,,,
135,47,1,倾倒,qīngdǎo,qīngdǎo,"<entry id=""41885""><hwg><hw>倾倒</hw><pinyin>qīngdǎo</pinyin></hwg><def><ps>动</ps></def><def><num>❶</num> 由歪斜而倒下。</def><def><num>❷</num> 形容十分佩服或爱慕：<ex>他的演技，令全场观众为之～。</ex></def>",动词。,动词,由歪斜而倒下。,由歪斜而倒下。,动词。由歪斜而倒下。,大厦倾倒，底下的人无处可逃。,26,1,1,,,,,1.0,
136,47,2,倾倒,qīngdǎo,qīngdǎo,"<entry id=""41885""><hwg><hw>倾倒</hw><pinyin>qīngdǎo</pinyin></hwg><def><ps>动</ps></def><def><num>❶</num> 由歪斜而倒下。</def><def><num>❷</num> 形容十分佩服或爱慕：<ex>他的演技，令全场观众为之～。</ex></def>",动词。,动词,形容十分佩服或爱慕。,形容十分佩服或爱慕。,动词。形容十分佩服或爱慕。,他的演技，令全场观众为之倾倒。,30,1,1,1.0,,,,,
137,47,3,倾倒,qīngdào,qīngdào,"<entry id=""41886""><hwg><hw>倾倒</hw><pinyin>qīngdào</pinyin></hwg><def><ps>动</ps>倒转或倾斜容器使里面的东西全部出来：<ex>他猛一使劲<small>儿</small>就把一车土都～到沟里了◇～内心的苦闷。</ex></def>",动词。,动词,倒转或倾斜容器使里面的东西全部出来。,倒转或倾斜容器使里面的东西全部出来。,动词。倒转或倾斜容器使里面的东西全部出来。,他猛一使劲儿就把一车土都倾倒到沟里了。,42,1,0,1.0,,,,,
138,48,1,做功,zuògōng,zuògōng,"<entry id=""69834""><hwg><hw>做功<sup>1</sup></hw><pinyin>zuògōng</pinyin></hwg><def>（～<small>儿</small>）<ps>名</ps>戏曲中演员的动作和表情：<ex>～戏。</ex>也作做工。</def>",名词。,名词,（做功儿）戏曲中演员的动作和表情。,戏曲中演员的动作和表情。,名词。戏曲中演员的动作和表情。,她做功大方稳重，眼神尤佳。,30,0,0,,1.0,,,,
139,48,2,做功,zuò//gōng,zuògōng,"<entry id=""69835""><hwg><hw>做功<sup>2</sup></hw><pinyin>zuò//gōng</pinyin></hwg><def><ps>动</ps>物理学上指用力使物体朝着与作用力相同的方向运动。</def><ci><div class=""title"">词语</div><div class=""cont""><a href=""entry://做功课"">做功课</a></div></ci>",动词。,动词,物理学上指用力使物体朝着与作用力相同的方向运动。,物理学上指用力使物体朝着与作用力相同的方向运动。,动词。物理学上指用力使物体朝着与作用力相同的方向运动。,当弹簧被压缩或拉伸后释放，它会恢复原状并对与之相连的物体做功，这个过程中，弹簧的弹力对物体做了功。,78,0,0,,,,,1.0,
140,49,1,做工,zuò//gōng,zuògōng,"<entry id=""69832""><hwg><hw>做工<sup>1</sup></hw><pinyin>zuò//gōng</pinyin></hwg><def><ps>动</ps>从事体力劳动（多指工业或手工业劳动）：<ex>她在纺纱厂～。</ex></def>",动词。,动词,从事体力劳动（多指工业或手工业劳动）。,从事体力劳动（多指工业或手工业劳动）。,动词。从事体力劳动（多指工业或手工业劳动）。,她在纺纱厂做工。,32,0,0,1.0,,,,,
141,49,2,做工,zuògōng,zuògōng,"<entry id=""69833""><hwg><hw>做工<sup>2</sup></hw><pinyin>zuògōng</pinyin></hwg><def><num>❶</num> <ps>名</ps>指制作的技术或质量：<ex>这件衣服～很细。</ex></def><def><num>❷</num> 同“<a href=""entry://做功"">做功<sup>1</sup></a>”。</def>",名词。,名词,指制作的技术或质量。,指制作的技术或质量。,名词。指制作的技术或质量。,这件衣服做工很细。,24,0,0,1.0,,,,,
142,50,1,公差,gōngchā,gōngchā,"<entry id=""17690""><hwg><hw>公差</hw><pinyin>gōngchā</pinyin></hwg><def><ps>名</ps></def><def><num>❶</num> 等差级数中任意一项与它的前一项的差永远相等，这一相等的差叫作公差。如在等差级数2+5+8+11+14+……中，3为公差。</def><def><num>❷</num> 机器制造业中，对加工的机械或零件的尺寸许可的误差。</def>",名词。,名词,等差级数中任意一项与它的前一项的差永远相等，这一相等的差叫作公差。,等差级数中任意一项与它的前一项的差永远相等，这一相等的差叫作公差。,名词。等差级数中任意一项与它的前一项的差永远相等，这一相等的差叫作公差。,通过计算公差，我们可以轻松地找出等差数列中任意一项的数值。,67,1,1,,,,,1.0,
143,50,2,公差,gōngchā,gōngchā,"<entry id=""17690""><hwg><hw>公差</hw><pinyin>gōngchā</pinyin></hwg><def><ps>名</ps></def><def><num>❶</num> 等差级数中任意一项与它的前一项的差永远相等，这一相等的差叫作公差。如在等差级数2+5+8+11+14+……中，3为公差。</def><def><num>❷</num> 机器制造业中，对加工的机械或零件的尺寸许可的误差。</def>",名词。,名词,机器制造业中，对加工的机械或零件的尺寸许可的误差。,机器制造业中，对加工的机械或零件的尺寸许可的误差。,名词。机器制造业中，对加工的机械或零件的尺寸许可的误差。,在机器制造业中，公差是确保零件互换性和装配精度的关键参数。,59,1,1,,,,,1.0,
144,50,3,公差,gōngchāi,gōngchāi,"<entry id=""17691""><hwg><hw>公差</hw><pinyin>gōngchāi</pinyin></hwg><def><ps>名</ps></def><def><num>❶</num> 临时派遣去做的公务：<ex>出～。</ex></def><def><num>❷</num> 旧时在衙门里当差的人。</def>",名词。,名词,临时派遣去做的公务。,临时派遣去做的公务。,名词。临时派遣去做的公务。,出公差。,19,1,1,1.0,,,,,
145,50,4,公差,gōngchāi,gōngchāi,"<entry id=""17691""><hwg><hw>公差</hw><pinyin>gōngchāi</pinyin></hwg><def><ps>名</ps></def><def><num>❶</num> 临时派遣去做的公务：<ex>出～。</ex></def><def><num>❷</num> 旧时在衙门里当差的人。</def>",名词。,名词,旧时在衙门里当差的人。,旧时在衙门里当差的人。,名词。旧时在衙门里当差的人。,公差们奉命前往抓捕逃犯，他们手持令牌，威风凛凛地穿梭在街巷之间。,48,1,1,,,,,1.0,
146,51,1,公道,gōngdào,gōngdào,"<entry id=""17698""><hwg><hw>公道</hw><pinyin>gōngdào</pinyin></hwg><def><ps>名</ps>公正的道理：<ex>主持～｜～自在人心。</ex></def>",名词。,名词,公正的道理。,公正的道理。,名词。公正的道理。,公道自在人心。,18,1,0,1.0,,,,,
147,51,2,公道,gōng·dao,gōngdao,"<entry id=""17699""><hwg><hw>公道</hw><pinyin>gōng·dao</pinyin></hwg><def><ps>形</ps>公平；合理：<ex>说句～话｜办事～｜价钱～。</ex></def>",形容词。,形容词,公平；合理。,公平；合理。,形容词。公平；合理。,说句公道话。,18,1,0,1.0,,,,,
148,52,1,农家,nóngjiā,nóngjiā,"<entry id=""37859""><hwg><hw>农家<sup>1</sup></hw><pinyin>nóngjiā</pinyin></hwg><def><ps>名</ps>从事农业生产的人家：<ex>～生活｜～子弟。</ex></def>",名词。,名词,从事农业生产的人家。,从事农业生产的人家。,名词。从事农业生产的人家。,农家生活。,20,0,0,1.0,,,,,
149,52,2,农家,Nóngjiā,Nóngjiā,"<entry id=""37860""><hwg><hw>农家<sup>2</sup></hw><pinyin>Nóngjiā</pinyin></hwg><def><ps>名</ps>先秦时期反映农业生产和农民思想的学术派别。著作目录见于《汉书·艺文志》，多已失传。</def><ci><div class=""title"">词语</div><div class=""cont""><a href=""entry://农家肥"">农家肥</a><a href=""entry://农家肥料"">农家肥料</a><a href=""entry://农家乐"">农家乐</a></div></ci>",名词。,名词,先秦时期反映农业生产和农民思想的学术派别。著作目录见于《汉书艺文志》，多已失传。,先秦时期反映农业生产和农民思想的学术派别。著作目录见于《汉书艺文志》，多已失传。,名词。先秦时期反映农业生产和农民思想的学术派别。著作目录见于《汉书艺文志》，多已失传。,农家在先秦时期对于农业生产的研究有着独特的见解。,69,0,0,,,,,1.0,
150,53,1,冲顶,chōngdǐng,chōngdǐng,"<entry id=""07137""><hwg><hw>冲顶<sup>1</sup></hw><pinyin>chōngdǐng</pinyin></hwg><def><ps>动</ps>足球比赛中运动员向前跃起用头顶球。</def>",动词。,动词,足球比赛中运动员向前跃起用头顶球。,足球比赛中运动员向前跃起用头顶球。,动词。足球比赛中运动员向前跃起用头顶球。,下半时，9号孙贤禄一个头球冲顶，一个门前单骑入关，又为辽军拿下两球。,56,0,0,,1.0,,,,
151,53,2,冲顶,chōngdǐng,chōngdǐng,"<entry id=""07138""><hwg><hw>冲顶<sup>2</sup></hw><pinyin>chōngdǐng</pinyin></hwg><def><ps>动</ps>登山中临近顶峰时奋力攀登。</def>",动词。,动词,登山中临近顶峰时奋力攀登。,登山中临近顶峰时奋力攀登。,动词。登山中临近顶峰时奋力攀登。,最终他虽没能冲顶成功，但距山头只有咫尺之遥。,40,0,0,,1.0,,,,
152,54,1,冷面,lěngmiàn,lěngmiàn,"<entry id=""31373""><hwg><hw>冷面<sup>1</sup></hw><pinyin>lěngmiàn</pinyin></hwg><def><ps>形</ps>形容不讲私情或神情冷傲：<ex>～包公｜～小生。</ex></def>",形容词。,形容词,形容不讲私情或神情冷傲。,形容不讲私情或神情冷傲。,形容词。形容不讲私情或神情冷傲。,冷面包公。,23,0,0,1.0,,,,,
153,54,2,冷面,lěngmiàn,lěngmiàn,"<entry id=""31374""><hwg><hw>冷面<sup>2</sup></hw><pinyin>lěngmiàn</pinyin></hwg><def><ps>名</ps></def><def><num>❶</num> 朝鲜族的一种传统食品，用荞麦面或小麦面等加入淀粉、水拌匀，压成圆面条<small>儿</small>，煮熟后浸在冷水中，捞出后拌牛肉片、辣椒、泡菜等作料，加入牛肉汤做成。</def><def><num>❷</num> 〈方〉凉面。</def>",名词。,名词,朝鲜族的一种传统食品，用荞麦面或小麦面等加入淀粉、水拌匀，压成圆面条儿，煮熟后浸在冷水中，捞出后拌牛肉片、辣椒、泡菜等作料，加入牛肉汤做成。,朝鲜族的一种传统食品，用荞麦面或小麦面等加入淀粉、水拌匀，压成圆面条儿，煮熟后浸在冷水中，捞出后拌牛肉片、辣椒、泡菜等作料，加入牛肉汤做成。,名词。朝鲜族的一种传统食品，用荞麦面或小麦面等加入淀粉、水拌匀，压成圆面条儿，煮熟后浸在冷水中，捞出后拌牛肉片、辣椒、泡菜等作料，加入牛肉汤做成。,冷面以其独特的制作工艺和风味，吸引了众多食客前来品尝。,102,0,0,,,,,1.0,
154,55,1,几何,jǐhé,jǐhé,"<entry id=""24163""><hwg><hw>几何<sup>1</sup></hw><pinyin>jǐhé</pinyin></hwg><def>〈书〉<ps>代</ps>疑问代词。多少：<ex>价值～？</ex></def>",代词。,代词,〈书〉疑问代词。多少。,〈书面语〉疑问代词。多少。,代词。〈书面语〉疑问代词。多少。,价值几何？,23,0,0,1.0,,,,,
155,55,2,几何,jǐhé,jǐhé,"<entry id=""24164""><hwg><hw>几何<sup>2</sup></hw><pinyin>jǐhé</pinyin></hwg><def><ps>名</ps>几何学。</def><ci><div class=""title"">词语</div><div class=""cont""><a href=""entry://几何体"">几何体</a><a href=""entry://几何图形"">几何图形</a><a href=""entry://几何学"">几何学</a></div></ci>",名词。,名词,几何学。,几何学。,名词。几何学。,你怎么把几何课本的包书纸去掉了呢？,26,0,0,,,,,1.0,
156,56,1,出典,chūdiǎn,chūdiǎn,"<entry id=""07528""><hwg><hw>出典<sup>1</sup></hw><pinyin>chūdiǎn</pinyin></hwg><def><ps>名</ps>典故的来源；出处：<ex>“守株待兔”这个成语的～见《韩非子·五蠹》。</ex></def>",名词。,名词,典故的来源；出处。,典故的来源；出处。,名词。典故的来源；出处。,“守株待兔”这个成语的出典见《韩非子五蠹》。,36,0,0,1.0,,,,,
157,56,2,出典,chūdiǎn,chūdiǎn,"<entry id=""07529""><hwg><hw>出典<sup>2</sup></hw><pinyin>chūdiǎn</pinyin></hwg><def><ps>动</ps>指一方把土地、房屋等押给另一方使用，换取一笔钱，不付利息，议定年限，到期还款，收回原物。</def>",动词。,动词,指一方把土地、房屋等押给另一方使用，换取一笔钱，不付利息，议定年限，到期还款，收回原物。,指一方把土地、房屋等押给另一方使用，换取一笔钱，不付利息，议定年限，到期还款，收回原物。,动词。指一方把土地、房屋等押给另一方使用，换取一笔钱，不付利息，议定年限，到期还款，收回原物。,我已经将你出典了。,58,0,0,,1.0,,,,
158,57,1,出师,chū//shī,chūshī,"<entry id=""07638""><hwg><hw>出师<sup>1</sup></hw><pinyin>chū//shī</pinyin></hwg><def><ps>动</ps>（徒弟）期满学成：<ex>学徒三年～。</ex></def>",动词。,动词,（徒弟）期满学成。,（徒弟）期满学成。,动词。（徒弟）期满学成。,学徒三年出师。,21,0,0,1.0,,,,,
159,57,2,出师,chūshī,chūshī,"<entry id=""07639""><hwg><hw>出师<sup>2</sup></hw><pinyin>chūshī</pinyin></hwg><def>〈书〉<ps>动</ps>出兵打仗：<ex>～讨伐｜～不利。</ex></def>",动词。,动词,〈书〉出兵打仗。,〈书面语〉出兵打仗。,动词。〈书面语〉出兵打仗。,出师讨伐。,20,0,0,1.0,,,,,
160,58,1,出来,chū//·lái,chūlái,"<entry id=""07574""><hwg><hw>出来</hw><pinyin>chū//·lái</pinyin></hwg><def><ps>动</ps></def><def><num>❶</num> 从里面到外面来：<ex>出得来｜出不来｜你～，我跟你说句话。</ex></def><def><num>❷</num> 出现：<ex>经过讨论，～两种相反的意见。</ex></def>",动词。,动词,从里面到外面来。,从里面到外面来。,动词。从里面到外面来。,你出来，我跟你说句话。,24,0,1,1.0,,,,,
161,58,2,出来,chū//·lái,chūlái,"<entry id=""07574""><hwg><hw>出来</hw><pinyin>chū//·lái</pinyin></hwg><def><ps>动</ps></def><def><num>❶</num> 从里面到外面来：<ex>出得来｜出不来｜你～，我跟你说句话。</ex></def><def><num>❷</num> 出现：<ex>经过讨论，～两种相反的意见。</ex></def>",动词。,动词,出现。,出现。,动词。出现。,经过讨论，出来两种相反的意见。,23,0,1,1.0,,,,,
162,58,3,出来,//·chū//·lái,chūlái,"<entry id=""07575""><hwg><hw>出来</hw><pinyin>//·chū//·lái</pinyin></hwg><def><ps>动</ps>趋向动词。</def><def><num>❶</num> 用在动词后，表示动作由里向外朝着说话的人：<ex>拿～｜拿得～｜拿不～｜从屋里走出一个人来。</ex></def><def><num>❷</num> 用在动词后，表示动作完成或实现：<ex>写～｜开出很多荒地来｜创造出新产品来。</ex></def><def><num>❸</num> 用在动词后，表示由隐蔽到显露：<ex>看～｜我认出他来了｜听着听着渐渐听出点<small>儿</small>意思来了。</ex></def>",动词；趋向动词。,动词,用在动词后，表示动作由里向外朝着说话的人。,用在动词后，表示动作由里向外朝着说话的人。,动词；趋向动词。用在动词后，表示动作由里向外朝着说话的人。,拿出来。,35,0,1,1.0,,,,,
163,58,4,出来,//·chū//·lái,chūlái,"<entry id=""07575""><hwg><hw>出来</hw><pinyin>//·chū//·lái</pinyin></hwg><def><ps>动</ps>趋向动词。</def><def><num>❶</num> 用在动词后，表示动作由里向外朝着说话的人：<ex>拿～｜拿得～｜拿不～｜从屋里走出一个人来。</ex></def><def><num>❷</num> 用在动词后，表示动作完成或实现：<ex>写～｜开出很多荒地来｜创造出新产品来。</ex></def><def><num>❸</num> 用在动词后，表示由隐蔽到显露：<ex>看～｜我认出他来了｜听着听着渐渐听出点<small>儿</small>意思来了。</ex></def>",动词；趋向动词。,动词,用在动词后，表示动作完成或实现。,用在动词后，表示动作完成或实现。,动词；趋向动词。用在动词后，表示动作完成或实现。,写出来。,30,0,1,1.0,,,,,
164,58,5,出来,//·chū//·lái,chūlái,"<entry id=""07575""><hwg><hw>出来</hw><pinyin>//·chū//·lái</pinyin></hwg><def><ps>动</ps>趋向动词。</def><def><num>❶</num> 用在动词后，表示动作由里向外朝着说话的人：<ex>拿～｜拿得～｜拿不～｜从屋里走出一个人来。</ex></def><def><num>❷</num> 用在动词后，表示动作完成或实现：<ex>写～｜开出很多荒地来｜创造出新产品来。</ex></def><def><num>❸</num> 用在动词后，表示由隐蔽到显露：<ex>看～｜我认出他来了｜听着听着渐渐听出点<small>儿</small>意思来了。</ex></def>",动词；趋向动词。,动词,用在动词后，表示由隐蔽到显露。,用在动词后，表示由隐蔽到显露。,动词；趋向动词。用在动词后，表示由隐蔽到显露。,看出来。,29,0,1,1.0,,,,,
165,59,1,出槽,chū//cáo,chūcáo,"<entry id=""07512""><hwg><hw>出槽<sup>1</sup></hw><pinyin>chū//cáo</pinyin></hwg><def><ps>动</ps>出栏①。</def>",动词。,动词,出栏。,出栏。,动词。出栏。,农民们根据传统经验，判断这批猪已经长得足够大，该出槽了。,36,0,0,,,,,1.0,
166,59,2,出槽,chū//cáo,chūcáo,"<entry id=""07513""><hwg><hw>出槽<sup>2</sup></hw><pinyin>chū//cáo</pinyin></hwg><def><ps>动</ps>（河、湖等）水漫到岸上。</def>",动词。,动词,（河、湖等）水漫到岸上。,（河、湖等）水漫到岸上。,动词。（河、湖等）水漫到岸上。,雨季来临，河堤出槽淹没了附近的村庄。,35,0,0,,,,,1.0,
167,60,1,分别,fēnbié,fēnbié,"<entry id=""14987""><hwg><hw>分别<sup>1</sup></hw><pinyin>fēnbié</pinyin></hwg><def><ps>动</ps>离别：<ex>暂时～，不久就能见面｜他们～了好多年啦。</ex></def>",动词。,动词,离别。,离别。,动词。离别。,暂时分别，不久就能见面。,20,0,0,1.0,,,,,
168,60,2,分别,fēnbié,fēnbié,"<entry id=""14988""><hwg><hw>分别<sup>2</sup></hw><pinyin>fēnbié</pinyin></hwg><def><num>❶</num> <ps>动</ps>辨别：<ex>～是非｜～轻重缓急。</ex></def><def><num>❷</num> <ps>副</ps>按不同方式；有区别地：<ex>～对待｜～处理。</ex></def><def><num>❸</num> <ps>副</ps>分头；各自：<ex>几个人～去做动员工作｜部队到达前沿，～进入阵地。</ex></def><def><num>❹</num> <ps>名</ps>不同；差别：<ex>看不出有什么～。</ex></def>",动词。,动词,辨别。,辨别。,动词。辨别。,分别轻重缓急。,15,0,1,1.0,,,,,
169,60,3,分别,fēnbié,fēnbié,"<entry id=""14988""><hwg><hw>分别<sup>2</sup></hw><pinyin>fēnbié</pinyin></hwg><def><num>❶</num> <ps>动</ps>辨别：<ex>～是非｜～轻重缓急。</ex></def><def><num>❷</num> <ps>副</ps>按不同方式；有区别地：<ex>～对待｜～处理。</ex></def><def><num>❸</num> <ps>副</ps>分头；各自：<ex>几个人～去做动员工作｜部队到达前沿，～进入阵地。</ex></def><def><num>❹</num> <ps>名</ps>不同；差别：<ex>看不出有什么～。</ex></def>",副词。,副词,按不同方式；有区别地。,按不同方式；有区别地。,副词。按不同方式；有区别地。,分别对待。,21,0,1,1.0,,,,,
170,60,4,分别,fēnbié,fēnbié,"<entry id=""14988""><hwg><hw>分别<sup>2</sup></hw><pinyin>fēnbié</pinyin></hwg><def><num>❶</num> <ps>动</ps>辨别：<ex>～是非｜～轻重缓急。</ex></def><def><num>❷</num> <ps>副</ps>按不同方式；有区别地：<ex>～对待｜～处理。</ex></def><def><num>❸</num> <ps>副</ps>分头；各自：<ex>几个人～去做动员工作｜部队到达前沿，～进入阵地。</ex></def><def><num>❹</num> <ps>名</ps>不同；差别：<ex>看不出有什么～。</ex></def>",副词。,副词,分头；各自。,分头；各自。,副词。分头；各自。,几个人分别去做动员工作。,23,0,1,1.0,,,,,
171,60,5,分别,fēnbié,fēnbié,"<entry id=""14988""><hwg><hw>分别<sup>2</sup></hw><pinyin>fēnbié</pinyin></hwg><def><num>❶</num> <ps>动</ps>辨别：<ex>～是非｜～轻重缓急。</ex></def><def><num>❷</num> <ps>副</ps>按不同方式；有区别地：<ex>～对待｜～处理。</ex></def><def><num>❸</num> <ps>副</ps>分头；各自：<ex>几个人～去做动员工作｜部队到达前沿，～进入阵地。</ex></def><def><num>❹</num> <ps>名</ps>不同；差别：<ex>看不出有什么～。</ex></def>",名词。,名词,不同；差别。,不同；差别。,名词。不同；差别。,看不出有什么分别。,20,0,1,1.0,,,,,
172,61,1,分号,fēnhào,fēnhào,"<entry id=""15011""><hwg><hw>分号<sup>1</sup></hw><pinyin>fēnhào</pinyin></hwg><def><ps>名</ps>标点符号（；），表示一句话中间并列分句之间的停顿。</def>",名词。,名词,标点符号（；），表示一句话中间并列分句之间的停顿。,标点符号（；），表示一句话中间并列分句之间的停顿。,名词。标点符号（；），表示一句话中间并列分句之间的停顿。,分号用在语气似完而未完的地方。,45,0,0,,,,,1.0,
173,61,2,分号,fēnhào,fēnhào,"<entry id=""15012""><hwg><hw>分号<sup>2</sup></hw><pinyin>fēnhào</pinyin></hwg><def><ps>名</ps>分店：<ex>本店只此一家，别无～。</ex></def>",名词。,名词,分店。,分店。,名词。分店。,本店只此一家，别无分号。,20,0,0,1.0,,,,,
174,62,1,分头,fēntóu,fēntóu,"<entry id=""15066""><hwg><hw>分头<sup>1</sup></hw><pinyin>fēntóu</pinyin></hwg><def><ps>副</ps>若干人分几个方面（进行工作）：<ex>～办理｜大家～去准备。</ex></def>",副词。,副词,若干人分几个方面（进行工作）。,若干人分几个方面（进行工作）。,副词。若干人分几个方面（进行工作）。,大家分头去准备。,28,0,0,1.0,,,,,
175,62,2,分头,fēntóu,fēntóu,"<entry id=""15067""><hwg><hw>分头<sup>2</sup></hw><pinyin>fēntóu</pinyin></hwg><def><ps>名</ps>短头发向两边分开梳的式样。</def>",名词。,名词,短头发向两边分开梳的式样。,短头发向两边分开梳的式样。,名词。短头发向两边分开梳的式样。,他留着短分头，穿着黄色卡叽布学生制服。,37,0,0,,,,,1.0,
176,63,1,分数,fēnshù,fēnshù,"<entry id=""15056""><hwg><hw>分数<sup>1</sup></hw><pinyin>fēnshù</pinyin></hwg><def><ps>名</ps>评定成绩或胜负时所记的分<small>儿</small>的数字：<ex>三门功课的平均～是87分｜鞍马，他得的～是9.5分。</ex></def>",名词。,名词,评定成绩或胜负时所记的分儿的数字。,评定成绩或胜负时所记的分儿的数字。,名词。评定成绩或胜负时所记的分儿的数字。,三门功课的平均分数是87分。,36,0,0,1.0,,,,,
177,63,2,分数,fēnshù,fēnshù,"<entry id=""15057""><hwg><hw>分数<sup>2</sup></hw><pinyin>fēnshù</pinyin></hwg><def><ps>名</ps>把一个单位分成若干等份，表示其中的一份或几份的数，是除法的一种书写形式，如2/5（读作五分之二），2 3/7（读作二又七分之三）。在分数中，符号“—”叫作分数线，相当于除号；分数线上面的数叫作分子，相当于被除数，如2/5中的2；分数线下面的数叫作分母，相当于除数，如2/5中的5。</def><ci><div class=""title"">词语</div><div class=""cont""><a href=""entry://分数线"">分数线</a></div></ci>",名词。,名词,把一个单位分成若干等份，表示其中的一份或几份的数，是除法的一种书写形式，如2/5（读作五分之二），23/7（读作二又七分之三）。,把一个单位分成若干等份，表示其中的一份或几份的数，是除法的一种书写形式，如2/5（读作五分之二），23/7（读作二又七分之三）。,名词。把一个单位分成若干等份，表示其中的一份或几份的数，是除法的一种书写形式，如2/5（读作五分之二），23/7（读作二又七分之三）。,分子比分母小的分数是做真分数。,84,0,0,,,,,1.0,
178,64,1,切口,qiēkǒu,qiēkǒu,"<entry id=""41508""><hwg><hw>切口</hw><pinyin>qiēkǒu</pinyin></hwg><def><ps>名</ps></def><def><num>❶</num> 书页裁切后各边留下的空白处。</def><def><num>❷</num> 书刊装订时上边、下边和侧面裁切处叫切口，上边的叫上切口，下边的叫下切口，侧面的叫外切口。</def><def><num>❸</num> 做手术时在皮肤上拉的口子：<ex>术后～愈合良好。</ex></def><def>　另见<pinyin>qièkǒu</pinyin>。</def>",名词。,名词,书页裁切后各边留下的空白处。,书页裁切后各边留下的空白处。,名词。书页裁切后各边留下的空白处。,他喜欢在书本的切口处做笔记。,33,1,1,,,,,1.0,
179,64,2,切口,qiēkǒu,qiēkǒu,"<entry id=""41508""><hwg><hw>切口</hw><pinyin>qiēkǒu</pinyin></hwg><def><ps>名</ps></def><def><num>❶</num> 书页裁切后各边留下的空白处。</def><def><num>❷</num> 书刊装订时上边、下边和侧面裁切处叫切口，上边的叫上切口，下边的叫下切口，侧面的叫外切口。</def><def><num>❸</num> 做手术时在皮肤上拉的口子：<ex>术后～愈合良好。</ex></def><def>　另见<pinyin>qièkǒu</pinyin>。</def>",名词。,名词,书刊装订时上边、下边和侧面裁切处叫切口，上边的叫上切口，下边的叫下切口，侧面的叫外切口。,书刊装订时上边、下边和侧面裁切处叫切口，上边的叫上切口，下边的叫下切口，侧面的叫外切口。,名词。书刊装订时上边、下边和侧面裁切处叫切口，上边的叫上切口，下边的叫下切口，侧面的叫外切口。,在修复一本珍贵的古籍时，修复师会小心翼翼地处理每一个切口。,78,1,1,,,,,1.0,
180,64,3,切口,qiēkǒu,qiēkǒu,"<entry id=""41508""><hwg><hw>切口</hw><pinyin>qiēkǒu</pinyin></hwg><def><ps>名</ps></def><def><num>❶</num> 书页裁切后各边留下的空白处。</def><def><num>❷</num> 书刊装订时上边、下边和侧面裁切处叫切口，上边的叫上切口，下边的叫下切口，侧面的叫外切口。</def><def><num>❸</num> 做手术时在皮肤上拉的口子：<ex>术后～愈合良好。</ex></def><def>　另见<pinyin>qièkǒu</pinyin>。</def>",名词。,名词,做手术时在皮肤上拉的口子。,做手术时在皮肤上拉的口子。,名词。做手术时在皮肤上拉的口子。,术后切口愈合良好。,27,1,1,1.0,,,,,
181,64,4,切口,qièkǒu,qièkǒu,"<entry id=""41536""><hwg><hw>切口</hw><pinyin>qièkǒu</pinyin></hwg><def><ps>名</ps>帮会或某些行业中的暗语。</def><def>　另见<pinyin>qiēkǒu</pinyin>。</def>",名词。,名词,帮会或某些行业中的暗语。,帮会或某些行业中的暗语。,名词。帮会或某些行业中的暗语。,江湖上的老手们常用切口交流。,31,1,0,,,,,1.0,
182,65,1,切面,qiēmiàn,qiēmiàn,"<entry id=""41509""><hwg><hw>切面<sup>1</sup></hw><pinyin>qiēmiàn</pinyin></hwg><def><ps>名</ps>切成的面条<small>儿</small>。</def>",名词。,名词,切成的面条儿。,切成的面条儿。,名词。切成的面条儿。,妈妈的手艺真好，切面又细又均匀。,28,0,0,,,,,1.0,
183,65,2,切面,qiēmiàn,qiēmiàn,"<entry id=""41510""><hwg><hw>切面<sup>2</sup></hw><pinyin>qiēmiàn</pinyin></hwg><def><ps>名</ps></def><def><num>❶</num> 剖面。</def><def><num>❷</num> 和球面只有一个交点的平面叫作球的切面；只包含圆柱、圆锥的一条母线的平面叫作圆柱或圆锥的切面。</def>",名词。,名词,剖面。,剖面。,名词。剖面。,从社会学的切面来看，这个问题涉及到了多个社会阶层的利益。,36,0,1,,,,,1.0,
184,65,3,切面,qiēmiàn,qiēmiàn,"<entry id=""41510""><hwg><hw>切面<sup>2</sup></hw><pinyin>qiēmiàn</pinyin></hwg><def><ps>名</ps></def><def><num>❶</num> 剖面。</def><def><num>❷</num> 和球面只有一个交点的平面叫作球的切面；只包含圆柱、圆锥的一条母线的平面叫作圆柱或圆锥的切面。</def>",名词。,名词,和球面只有一个交点的平面叫作球的切面；只包含圆柱、圆锥的一条母线的平面叫作圆柱或圆锥的切面。,和球面只有一个交点的平面叫作球的切面；只包含圆柱、圆锥的一条母线的平面叫作圆柱或圆锥的切面。,名词。和球面只有一个交点的平面叫作球的切面；只包含圆柱、圆锥的一条母线的平面叫作圆柱或圆锥的切面。,圆柱体的水平切面是一个矩形。,65,0,1,,,,,1.0,
185,66,1,别子,biézǐ,biézǐ,"<entry id=""03420""><hwg><hw>别子</hw><pinyin>biézǐ</pinyin></hwg><def><ps>名</ps>古代指天子、诸侯的嫡长子以外的儿子。</def>",名词。,名词,古代指天子、诸侯的嫡长子以外的儿子。,古代指天子、诸侯的嫡长子以外的儿子。,名词。古代指天子、诸侯的嫡长子以外的儿子。,别子虽然不是嫡长子，也要为家族的传承和延续做出贡献。,49,1,0,,,,,1.0,
186,66,2,别子,bié·zi,biézi,"<entry id=""03421""><hwg><hw>别子</hw><pinyin>bié·zi</pinyin></hwg><def><ps>名</ps></def><def><num>❶</num> 线装书的套子上或字画手卷上用来别住开口的东西，多用骨头制成。</def><def><num>❷</num> 烟袋荷包的坠饰。</def>",名词。,名词,线装书的套子上或字画手卷上用来别住开口的东西，多用骨头制成。,线装书的套子上或字画手卷上用来别住开口的东西，多用骨头制成。,名词。线装书的套子上或字画手卷上用来别住开口的东西，多用骨头制成。,传统的字画手卷通常配有一个精致的骨别子，用于固定手卷的开口，以防止画卷散开。,73,1,1,,,,,1.0,
187,66,3,别子,bié·zi,biézi,"<entry id=""03421""><hwg><hw>别子</hw><pinyin>bié·zi</pinyin></hwg><def><ps>名</ps></def><def><num>❶</num> 线装书的套子上或字画手卷上用来别住开口的东西，多用骨头制成。</def><def><num>❷</num> 烟袋荷包的坠饰。</def>",名词。,名词,烟袋荷包的坠饰。,烟袋荷包的坠饰。,名词。烟袋荷包的坠饰。,那位老人手中的烟袋上挂着一个玉制的别子，它随着老人的步伐轻轻摇晃，散发出一种古朴而典雅的气息。,60,1,1,,,,,1.0,
188,67,1,劈刀,pīdāo,pīdāo,"<entry id=""38989""><hwg><hw>劈刀<sup>1</sup></hw><pinyin>pīdāo</pinyin></hwg><def><ps>名</ps>刀背较厚的刀，用来劈竹子、木头等。</def>",名词。,名词,刀背较厚的刀，用来劈竹子、木头等。,刀背较厚的刀，用来劈竹子、木头等。,名词。刀背较厚的刀，用来劈竹子、木头等。,看着前面一人多高的荆棘，爷爷举起劈刀向荆棘野草砍去。,48,0,0,,,,,1.0,
189,67,2,劈刀,pīdāo,pīdāo,"<entry id=""38990""><hwg><hw>劈刀<sup>2</sup></hw><pinyin>pīdāo</pinyin></hwg><def><ps>名</ps>用军刀劈杀的技术。</def>",名词。,名词,用军刀劈杀的技术。,用军刀劈杀的技术。,名词。用军刀劈杀的技术。,为了掌握劈刀，士兵们日复一日地进行训练。,34,0,0,,,,,1.0,
190,68,1,加封,jiā//fēng,jiāfēng,"<entry id=""24499""><hwg><hw>加封<sup>1</sup></hw><pinyin>jiā//fēng</pinyin></hwg><def><ps>动</ps>贴上封条。</def>",动词。,动词,贴上封条。,贴上封条。,动词。贴上封条。,今年春节放假七天，各办公室都已加封。,28,0,0,,1.0,,,,
191,68,2,加封,jiāfēng,jiāfēng,"<entry id=""24500""><hwg><hw>加封<sup>2</sup></hw><pinyin>jiāfēng</pinyin></hwg><def><ps>动</ps>封建时代指在原有的基础上再封给（名位、土地等）。</def>",动词。,动词,封建时代指在原有的基础上再封给（名位、土地等）。,封建时代指在原有的基础上再封给（名位、土地等）。,动词。封建时代指在原有的基础上再封给（名位、土地等）。,这是她要受单于加封，晋单于祖庙的前一天的傍晚。,52,0,0,,1.0,,,,
192,69,1,包金,bāojīn,bāojīn,"<entry id=""01580""><hwg><hw>包金<sup>1</sup></hw><pinyin>bāojīn</pinyin></hwg><def><ps>动</ps>把极薄的金箔包在金属首饰外面：<ex>～项链。</ex></def>",动词。,动词,把极薄的金箔包在金属首饰外面。,把极薄的金箔包在金属首饰外面。,动词。把极薄的金箔包在金属首饰外面。,包金项链。,25,0,0,1.0,,,,,
193,69,2,包金,bāojīn,bāojīn,"<entry id=""01581""><hwg><hw>包金<sup>2</sup></hw><pinyin>bāojīn</pinyin></hwg><def><ps>名</ps>包银。</def>",名词。,名词,包银。,包银。,名词。包银。,这次演出的包金数额经过协商最终确定了下来。,29,0,0,,,,,1.0,
194,70,1,千斤,qiānjīn,qiānjīn,"<entry id=""40798""><hwg><hw>千斤</hw><pinyin>qiānjīn</pinyin></hwg><def>数量词。多形容责任重：<ex>～重担（<pinyin>zhòngdàn</pinyin>）。</ex></def>",数量词。,数量词,多形容责任重。,多形容责任重。,数量词。多形容责任重。,千斤重担。,18,1,0,1.0,,,,,
195,70,2,千斤,qiān·jin,qiānjin,"<entry id=""40799""><hwg><hw>千斤</hw><pinyin>qiān·jin</pinyin></hwg><def><ps>名</ps></def><def><num>❶</num> 千斤顶的简称。</def><def><num>❷</num> 机器中防止齿轮倒转的装置，由安置在轴上的有齿零件和弹簧等组成。</def><ci><div class=""title"">词语</div><div class=""cont""><a href=""entry://千斤顶"">千斤顶</a></div></ci>",名词。,名词,千斤顶的简称。,千斤顶的简称。,名词。千斤顶的简称。,工程师们利用千斤顶的原理，设计出了能够承载重物的大型起重设备，为建筑工地的施工提供了便利。,57,1,1,,,,,1.0,
196,70,3,千斤,qiān·jin,qiānjin,"<entry id=""40799""><hwg><hw>千斤</hw><pinyin>qiān·jin</pinyin></hwg><def><ps>名</ps></def><def><num>❶</num> 千斤顶的简称。</def><def><num>❷</num> 机器中防止齿轮倒转的装置，由安置在轴上的有齿零件和弹簧等组成。</def><ci><div class=""title"">词语</div><div class=""cont""><a href=""entry://千斤顶"">千斤顶</a></div></ci>",名词。,名词,机器中防止齿轮倒转的装置，由安置在轴上的有齿零件和弹簧等组成。,机器中防止齿轮倒转的装置，由安置在轴上的有齿零件和弹簧等组成。,名词。机器中防止齿轮倒转的装置，由安置在轴上的有齿零件和弹簧等组成。,这台机器的千斤装置非常有效，能够确保齿轮在运转过程中不会倒转。,67,1,1,,,,,1.0,
197,71,1,华胄,huázhòu,huázhòu,"<entry id=""22002""><hwg><hw>华胄<sup>1</sup></hw><pinyin>huázhòu</pinyin></hwg><def>〈书〉<ps>名</ps>贵族的后裔。</def>",名词。,名词,〈书〉贵族的后裔。,〈书面语〉贵族的后裔。,名词。〈书面语〉贵族的后裔。,衣冠华胄。,21,0,0,,1.0,,,,
198,71,2,华胄,huázhòu,huázhòu,"<entry id=""22003""><hwg><hw>华胄<sup>2</sup></hw><pinyin>huázhòu</pinyin></hwg><def>〈书〉<ps>名</ps>华夏的后裔。</def>",名词。,名词,〈书〉华夏的后裔。,〈书面语〉华夏的后裔。,名词。〈书面语〉华夏的后裔。,啊！四千年华胄的名花呀！你有高超的历史，你有逸雅的风俗！,44,0,0,,1.0,,,,
199,72,1,单方,dānfāng,dānfāng,"<entry id=""10162""><hwg><hw>单方<sup>1</sup></hw><pinyin>dānfāng</pinyin></hwg><def><ps>形</ps>属性词。单方面的：<ex>～权利｜他们竟然～撕毁了合约。</ex></def>",形容词；属性词。,形容词,单方面的。,单方面的。,形容词；属性词。单方面的。,他们竟然单方撕毁了合约。,27,0,0,1.0,,,,,
200,72,2,单方,dānfāng,dānfāng,"<entry id=""10163""><hwg><hw>单方<sup>2</sup></hw><pinyin>dānfāng</pinyin></hwg><def><ps>名</ps>民间流传的药方。也作丹方。</def>",名词。,名词,民间流传的药方。也作丹方。,民间流传的药方。也作丹方。,名词。民间流传的药方。也作丹方。,你试试这个单方，也许管用。,31,0,0,,1.0,,,,
201,73,1,印花,yìn//huā,yìnhuā,"<entry id=""62025""><hwg><hw>印花<sup>1</sup></hw><pinyin>yìn//huā</pinyin></hwg><def>（～<small>儿</small>）<ps>动</ps>将有色花纹或图案印到纺织品等上面。</def>",动词。,动词,（印花儿）将有色花纹或图案印到纺织品等上面。,将有色花纹或图案印到纺织品等上面。,动词。将有色花纹或图案印到纺织品等上面。,这件衬衫的布是通过印花制成的，图案栩栩如生。,44,0,0,,,,,1.0,
202,73,2,印花,yìnhuā,yìnhuā,"<entry id=""62026""><hwg><hw>印花<sup>2</sup></hw><pinyin>yìnhuā</pinyin></hwg><def><ps>名</ps>由政府有关部门发售，规定贴在契约、凭证等上面，作为税款的一种特制印刷品。全称印花税票。</def><ci><div class=""title"">词语</div><div class=""cont""><a href=""entry://印花税"">印花税</a></div></ci>",名词。,名词,由政府有关部门发售，规定贴在契约、凭证等上面，作为税款的一种特制印刷品。全称印花税票。,由政府有关部门发售，规定贴在契约、凭证等上面，作为税款的一种特制印刷品。全称印花税票。,名词。由政府有关部门发售，规定贴在契约、凭证等上面，作为税款的一种特制印刷品。全称印花税票。,这种印花比普通的邮票稍微大一点，当中一颗红心，两边各四个字：“万众一心”和“勿忘国耻”。,92,0,0,,1.0,,,,
203,74,1,卷子,juǎn·zi,juǎnzi,"<entry id=""28181""><hwg><hw>卷子</hw><pinyin>juǎn·zi</pinyin></hwg><def><ps>名</ps>一种面食，和（<pinyin>huó</pinyin>）面制成薄片，一面涂上油盐等，再卷起蒸熟。</def><def>　另见<pinyin>juàn·zi</pinyin>。</def>",名词。,名词,一种面食，和面制成薄片，一面涂上油盐等，再卷起蒸熟。,一种面食，和面制成薄片，一面涂上油盐等，再卷起蒸熟。,名词。一种面食，和面制成薄片，一面涂上油盐等，再卷起蒸熟。,只一会工夫，许多卷子、烙饼、煮鸡蛋、咸鸭蛋，塞满了队员们的手里。,63,1,0,,1.0,,,,
204,74,2,卷子,juàn·zi,juànzi,"<entry id=""28189""><hwg><hw>卷子</hw><pinyin>juàn·zi</pinyin></hwg><def><ps>名</ps></def><def><num>❶</num> 考试写答案的薄本子或单页纸；试卷：<ex>发～｜改～。</ex></def><def><num>❷</num> 指可以卷起来的古抄本：<ex>敦煌～。</ex></def><def>　另见<pinyin>juǎn·zi</pinyin>。</def>",名词。,名词,考试写答案的薄本子或单页纸；试卷。,考试写答案的薄本子或单页纸；试卷。,名词。考试写答案的薄本子或单页纸；试卷。,改卷子。,26,1,1,1.0,,,,,
205,74,3,卷子,juàn·zi,juànzi,"<entry id=""28189""><hwg><hw>卷子</hw><pinyin>juàn·zi</pinyin></hwg><def><ps>名</ps></def><def><num>❶</num> 考试写答案的薄本子或单页纸；试卷：<ex>发～｜改～。</ex></def><def><num>❷</num> 指可以卷起来的古抄本：<ex>敦煌～。</ex></def><def>　另见<pinyin>juǎn·zi</pinyin>。</def>",名词。,名词,指可以卷起来的古抄本。,指可以卷起来的古抄本。,名词。指可以卷起来的古抄本。,敦煌卷子。,21,1,1,1.0,,,,,
206,75,1,压制,yāzhì,yāzhì,"<entry id=""59136""><hwg><hw>压制<sup>1</sup></hw><pinyin>yāzhì</pinyin></hwg><def><ps>动</ps>竭力限制或制止；抑制：<ex>不要～批评｜～不住自己的愤怒。</ex></def>",动词。,动词,竭力限制或制止；抑制。,竭力限制或制止；抑制。,动词。竭力限制或制止；抑制。,压制不住自己的愤怒。,26,0,0,1.0,,,,,
207,75,2,压制,yāzhì,yāzhì,"<entry id=""59137""><hwg><hw>压制<sup>2</sup></hw><pinyin>yāzhì</pinyin></hwg><def><ps>动</ps>用压的方法制造：<ex>～砖坯。</ex></def>",动词。,动词,用压的方法制造。,用压的方法制造。,动词。用压的方法制造。,压制砖坯。,18,0,0,1.0,,,,,
208,76,1,去势,qù//shì,qùshì,"<entry id=""42601""><hwg><hw>去势<sup>1</sup></hw><pinyin>qù//shì</pinyin></hwg><def><ps>动</ps>阉割（多指对男人或雄性动物）。</def>",动词。,动词,阉割（多指对男人或雄性动物）。,阉割（多指对男人或雄性动物）。,动词。阉割（多指对男人或雄性动物）。,现在你已经是变成了中性——半去势的文人了。,41,0,0,,1.0,,,,
209,76,2,去势,qùshì,qùshì,"<entry id=""42602""><hwg><hw>去势<sup>2</sup></hw><pinyin>qùshì</pinyin></hwg><def><ps>名</ps>动作或事情在终了时的气势：<ex>～如风｜来头大，～小。</ex></def>",名词。,名词,动作或事情在终了时的气势。,动作或事情在终了时的气势。,名词。动作或事情在终了时的气势。,来头大，去势小。,26,0,0,1.0,,,,,
210,77,1,参拍,cānpāi,cānpāi,"<entry id=""04783""><hwg><hw>参拍<sup>1</sup></hw><pinyin>cānpāi</pinyin></hwg><def><ps>动</ps>（物品）参加拍卖：<ex>一批在海外收藏多年的瓷器近日回国～。</ex></def>",动词。,动词,（物品）参加拍卖。,（物品）参加拍卖。,动词。（物品）参加拍卖。,一批在海外收藏多年的瓷器近日回国参拍。,33,0,0,1.0,,,,,
211,77,2,参拍,cānpāi,cānpāi,"<entry id=""04784""><hwg><hw>参拍<sup>2</sup></hw><pinyin>cānpāi</pinyin></hwg><def><ps>动</ps>参加拍摄（影视片等）：<ex>这部影片有多名影星～。</ex></def>",动词。,动词,参加拍摄（影视片等）。,参加拍摄（影视片等）。,动词。参加拍摄（影视片等）。,这部影片有多名影星参拍。,28,0,0,1.0,,,,,
212,78,1,反正,fǎnzhèng,fǎnzhèng,"<entry id=""14288""><hwg><hw>反正</hw><pinyin>fǎnzhèng</pinyin></hwg><def><ps>动</ps></def><def><num>❶</num> 指重新归于正道：<ex>拨乱～。</ex></def><def><num>❷</num> 敌方的军队或人员投到己方。</def>",动词。,动词,指重新归于正道。,指重新归于正道。,动词。指重新归于正道。,拨乱反正。,18,0,1,1.0,,,,,
213,78,2,反正,fǎnzhèng,fǎnzhèng,"<entry id=""14288""><hwg><hw>反正</hw><pinyin>fǎnzhèng</pinyin></hwg><def><ps>动</ps></def><def><num>❶</num> 指重新归于正道：<ex>拨乱～。</ex></def><def><num>❷</num> 敌方的军队或人员投到己方。</def>",动词。,动词,敌方的军队或人员投到己方。,敌方的军队或人员投到己方。,动词。敌方的军队或人员投到己方。,敌方将领看到大势已去，决定率领手下反正，向我们投降。,44,0,1,,,,,1.0,
214,78,3,反正,fǎn·zhèng,fǎnzhèng,"<entry id=""14289""><hwg><hw>反正</hw><pinyin>fǎn·zhèng</pinyin></hwg><def><ps>副</ps></def><def><num>❶</num> 表示情况虽然不同而结果并无区别：<ex>～去不去都是一样｜不管你怎么说，～他不答应。</ex></def><def><num>❷</num> 表示坚决肯定的语气：<ex>你别着急，～不是什么要紧的大事。</ex></def>",副词。,副词,表示情况虽然不同而结果并无区别。,表示情况虽然不同而结果并无区别。,副词。表示情况虽然不同而结果并无区别。,反正去不去都是一样。,31,0,1,1.0,,,,,
215,78,4,反正,fǎn·zhèng,fǎnzhèng,"<entry id=""14289""><hwg><hw>反正</hw><pinyin>fǎn·zhèng</pinyin></hwg><def><ps>副</ps></def><def><num>❶</num> 表示情况虽然不同而结果并无区别：<ex>～去不去都是一样｜不管你怎么说，～他不答应。</ex></def><def><num>❷</num> 表示坚决肯定的语气：<ex>你别着急，～不是什么要紧的大事。</ex></def>",副词。,副词,表示坚决肯定的语气。,表示坚决肯定的语气。,副词。表示坚决肯定的语气。,你别着急，反正不是什么要紧的大事。,32,0,1,1.0,,,,,
216,79,1,发蒙,fāmēng,fāmēng,"<entry id=""13816""><hwg><hw>发蒙</hw><pinyin>fāmēng</pinyin></hwg><def>〈口〉<ps>动</ps>犯糊涂；弄不清楚：<ex>一人一个说法，听得我直～。</ex></def>",动词。,动词,〈口〉犯糊涂；弄不清楚。,〈口语〉犯糊涂；弄不清楚。,动词。〈口语〉犯糊涂；弄不清楚。,一人一个说法，听得我直发蒙。,32,1,0,1.0,,,,,
217,79,2,发蒙,fāméng,fāméng,"<entry id=""13817""><hwg><hw>发蒙</hw><pinyin>fāméng</pinyin></hwg><def><ps>动</ps>旧时指教少年、儿童开始识字读书：<ex>～读物。</ex></def>",动词。,动词,旧时指教少年、儿童开始识字读书。,旧时指教少年、儿童开始识字读书。,动词。旧时指教少年、儿童开始识字读书。,发蒙读物。,26,1,0,1.0,,,,,
218,80,1,发送,fāsòng,fāsòng,"<entry id=""13854""><hwg><hw>发送</hw><pinyin>fāsòng</pinyin></hwg><def><ps>动</ps>发出；送出：<ex>～文件｜～无线电信号｜这个火车站每天～旅客在五万人以上。</ex></def>",动词。,动词,发出；送出。,发出；送出。,动词。发出；送出。,发送文件。,16,1,0,1.0,,,,,
219,80,2,发送,fā·song,fāsong,"<entry id=""13855""><hwg><hw>发送</hw><pinyin>fā·song</pinyin></hwg><def><ps>动</ps>办丧事，特指殡葬。</def>",动词。,动词,办丧事，特指殡葬。,办丧事，特指殡葬。,动词。办丧事，特指殡葬。,我已经发送了一个姑爷，还得再给亲家母打幡儿吗？,37,1,0,,1.0,,,,
220,81,1,受用,shòuyòng,shòuyòng,"<entry id=""47527""><hwg><hw>受用</hw><pinyin>shòuyòng</pinyin></hwg><def><ps>动</ps>享用；得益：<ex>学会这种本领，一辈子～不尽。</ex></def>",动词。,动词,享用；得益。,享用；得益。,动词。享用；得益。,学会这种本领，一辈子受用不尽。,26,1,0,1.0,,,,,
221,81,2,受用,shòu·yong,shòuyong,"<entry id=""47528""><hwg><hw>受用</hw><pinyin>shòu·yong</pinyin></hwg><def><ps>形</ps>身心舒服（多用于否定式）：<ex>听了这番话，他心里很不～。</ex></def>",形容词。,形容词,身心舒服（多用于否定式）。,身心舒服（多用于否定式）。,形容词。身心舒服（多用于否定式）。,听了这番话，他心里很不受用。,33,1,0,1.0,,,,,
222,82,1,受累,shòu//lěi,shòulěi,"<entry id=""47495""><hwg><hw>受累</hw><pinyin>shòu//lěi</pinyin></hwg><def><ps>动</ps>受到拖累或连累：<ex>一人出事，全家～。</ex></def>",动词。,动词,受到拖累或连累。,受到拖累或连累。,动词。受到拖累或连累。,一人出事，全家受累。,23,1,0,1.0,,,,,
223,82,2,受累,shòu//lèi,shòulèi,"<entry id=""47496""><hwg><hw>受累</hw><pinyin>shòu//lèi</pinyin></hwg><def><ps>动</ps>受到劳累；消耗精神气力（也常用作客气话）：<ex>这么远来看我，让您～了。</ex></def>",动词。,动词,受到劳累；消耗精神气力（也常用作客气话）。,受到劳累；消耗精神气力（也常用作客气话）。,动词。受到劳累；消耗精神气力（也常用作客气话）。,这么远来看我，让您受累了。,39,1,0,1.0,,,,,
224,83,1,口子,kǒu·zi,kǒuzi,"<entry id=""29712""><hwg><hw>口子<sup>1</sup></hw><pinyin>kǒu·zi</pinyin></hwg><def><ps>名</ps></def><def><num>❶</num> （山谷、水道等）大的豁口：<ex>山谷的～上有一座选矿厂。</ex></def><def><num>❷</num> （人体、物体的表层）破裂的地方：<ex>不小心手上拉（<pinyin>lá</pinyin>）了一个～。</ex></def>",名词。,名词,（山谷、水道等）大的豁口。,（山谷、水道等）大的豁口。,名词。（山谷、水道等）大的豁口。,山谷的口子上有一座选矿厂。,31,0,1,1.0,,,,,
225,83,2,口子,kǒu·zi,kǒuzi,"<entry id=""29712""><hwg><hw>口子<sup>1</sup></hw><pinyin>kǒu·zi</pinyin></hwg><def><ps>名</ps></def><def><num>❶</num> （山谷、水道等）大的豁口：<ex>山谷的～上有一座选矿厂。</ex></def><def><num>❷</num> （人体、物体的表层）破裂的地方：<ex>不小心手上拉（<pinyin>lá</pinyin>）了一个～。</ex></def>",名词。,名词,（人体、物体的表层）破裂的地方。,（人体、物体的表层）破裂的地方。,名词。（人体、物体的表层）破裂的地方。,不小心手上拉了一个口子。,33,0,1,1.0,,,,,
226,83,3,口子,kǒu·zi,kǒuzi,"<entry id=""29713""><hwg><hw>口子<sup>2</sup></hw><pinyin>kǒu·zi</pinyin></hwg><def>〈口〉<ps>量</ps></def><def><num>❶</num> 用于人：<ex>你们家有几～？</ex></def><def><num>❷</num> 跟“那、这”连用，称说自己或别人的配偶：<ex>我们家那～整天都很忙。</ex></def>",量词。,量词,〈口〉用于人。,〈口语〉用于人。,量词。〈口语〉用于人。,你们家有几口子？,21,0,1,1.0,,,,,
227,83,4,口子,kǒu·zi,kǒuzi,"<entry id=""29713""><hwg><hw>口子<sup>2</sup></hw><pinyin>kǒu·zi</pinyin></hwg><def>〈口〉<ps>量</ps></def><def><num>❶</num> 用于人：<ex>你们家有几～？</ex></def><def><num>❷</num> 跟“那、这”连用，称说自己或别人的配偶：<ex>我们家那～整天都很忙。</ex></def>",量词。,量词,〈口〉跟“那、这”连用，称说自己或别人的配偶。,〈口语〉跟“那、这”连用，称说自己或别人的配偶。,量词。〈口语〉跟“那、这”连用，称说自己或别人的配偶。,我们家那口子整天都很忙。,41,0,1,1.0,,,,,
228,84,1,口服,kǒufú,kǒufú,"<entry id=""29646""><hwg><hw>口服<sup>1</sup></hw><pinyin>kǒufú</pinyin></hwg><def><ps>动</ps>口头上表示信服：<ex>～心不服。</ex></def>",动词。,动词,口头上表示信服。,口头上表示信服。,动词。口头上表示信服。,口服心不服。,19,0,0,1.0,,,,,
229,84,2,口服,kǒufú,kǒufú,"<entry id=""29647""><hwg><hw>口服<sup>2</sup></hw><pinyin>kǒufú</pinyin></hwg><def><ps>动</ps>内服：<ex>～药｜～液。</ex></def>",动词。,动词,内服。,内服。,动词。内服。,口服药。,12,0,0,1.0,,,,,
230,85,1,口轻,kǒuqīng,kǒuqīng,"<entry id=""29672""><hwg><hw>口轻<sup>1</sup></hw><pinyin>kǒuqīng</pinyin></hwg><def><ps>形</ps></def><def><num>❶</num> 菜或汤的味<small>儿</small>不咸：<ex>我喜欢吃～的，请你少放点<small>儿</small>盐。</ex></def><def><num>❷</num> 指人爱吃味道淡一些的饮食：<ex>他～，不喜欢吃太咸的东西。</ex></def>",形容词。,形容词,菜或汤的味儿不咸。,菜或汤的味儿不咸。,形容词。菜或汤的味儿不咸。,我喜欢吃口轻的，请你少放点儿盐。,31,0,1,1.0,,,,,
231,85,2,口轻,kǒuqīng,kǒuqīng,"<entry id=""29672""><hwg><hw>口轻<sup>1</sup></hw><pinyin>kǒuqīng</pinyin></hwg><def><ps>形</ps></def><def><num>❶</num> 菜或汤的味<small>儿</small>不咸：<ex>我喜欢吃～的，请你少放点<small>儿</small>盐。</ex></def><def><num>❷</num> 指人爱吃味道淡一些的饮食：<ex>他～，不喜欢吃太咸的东西。</ex></def>",形容词。,形容词,指人爱吃味道淡一些的饮食。,指人爱吃味道淡一些的饮食。,形容词。指人爱吃味道淡一些的饮食。,他口轻，不喜欢吃太咸的东西。,33,0,1,1.0,,,,,
232,85,3,口轻,kǒu//qīng,kǒuqīng,"<entry id=""29673""><hwg><hw>口轻<sup>2</sup></hw><pinyin>kǒu//qīng</pinyin></hwg><def><ps>形</ps>（驴、马等）年龄小：<ex>～的骡子。</ex>也说口小。</def>",形容词。,形容词,（驴、马等）年龄小。,（驴、马等）年龄小。,形容词。（驴、马等）年龄小。,口轻的骡子。,22,0,0,1.0,,,,,
233,86,1,合体,hé//tǐ,hétǐ,"<entry id=""20592""><hwg><hw>合体<sup>1</sup></hw><pinyin>hé//tǐ</pinyin></hwg><def><ps>形</ps>合身。</def>",形容词。,形容词,合身。,合身。,形容词。合身。,雪白的工作服很合体。,19,0,0,,1.0,,,,
234,86,2,合体,hétǐ,hétǐ,"<entry id=""20593""><hwg><hw>合体<sup>2</sup></hw><pinyin>hétǐ</pinyin></hwg><def><ps>名</ps>汉字按结构可分独体、合体。合体是由两个或更多的独体合成的，如“解”由“角、刀、牛”合成，“横”由“木”和“黄”合成。</def>",名词。,名词,汉字按结构可分独体、合体。合体是由两个或更多的独体合成的，如“解”由“角、刀、牛”合成，“横”由“木”和“黄”合成。,汉字按结构可分独体、合体。合体是由两个或更多的独体合成的，如“解”由“角、刀、牛”合成，“横”由“木”和“黄”合成。,名词。汉字按结构可分独体、合体。合体是由两个或更多的独体合成的，如“解”由“角、刀、牛”合成，“横”由“木”和“黄”合成。,合体字在汉字结构上更常指上下、左右等结构的字。,86,0,0,,,,,1.0,
235,87,1,合口,hé//kǒu,hékǒu,"<entry id=""20569""><hwg><hw>合口<sup>1</sup></hw><pinyin>hé//kǒu</pinyin></hwg><def><ps>动</ps>疮口或伤口长好。</def>",动词。,动词,疮口或伤口长好。,疮口或伤口长好。,动词。疮口或伤口长好。,啊呀，这儿还没有合口，不能动。,28,0,0,,1.0,,,,
236,87,2,合口,hékǒu,hékǒu,"<entry id=""20570""><hwg><hw>合口<sup>2</sup></hw><pinyin>hékǒu</pinyin></hwg><def><ps>形</ps>适合口味：<ex>咸淡～｜味道～。</ex></def><ci><div class=""title"">词语</div><div class=""cont""><a href=""entry://合口呼"">合口呼</a></div></ci>",形容词。,形容词,适合口味。,适合口味。,形容词。适合口味。,味道合口。,16,0,0,1.0,,,,,
237,88,1,合子,hézǐ,hézǐ,"<entry id=""20616""><hwg><hw>合子</hw><pinyin>hézǐ</pinyin></hwg><def><ps>名</ps>生物体进行有性繁殖时，雌性和雄性生殖细胞互相融合形成的一个新细胞。合子逐渐发育，成为新的生物体。</def>",名词。,名词,生物体进行有性繁殖时，雌性和雄性生殖细胞互相融合形成的一个新细胞。合子逐渐发育，成为新的生物体。,生物体进行有性繁殖时，雌性和雄性生殖细胞互相融合形成的一个新细胞。合子逐渐发育，成为新的生物体。,名词。生物体进行有性繁殖时，雌性和雄性生殖细胞互相融合形成的一个新细胞。合子逐渐发育，成为新的生物体。,在生命诞生的奇妙过程中，雌性和雄性生殖细胞相互融合，形成了一个全新的合子，开启了新生命的旅程。,100,1,0,,,,,1.0,
238,88,2,合子,hé·zi,hézi,"<entry id=""20617""><hwg><hw>合子</hw><pinyin>hé·zi</pinyin></hwg><def><ps>名</ps>类似馅<small>儿</small>饼的一种食品。</def>",名词。,名词,类似馅儿饼的一种食品。,类似馅儿饼的一种食品。,名词。类似馅儿饼的一种食品。,奶奶的手艺真是好，她做的家常合子，皮薄馅足，总是让人回味无穷。,47,1,0,,,,,1.0,
239,89,1,合计,héjì,héjì,"<entry id=""20561""><hwg><hw>合计</hw><pinyin>héjì</pinyin></hwg><def><ps>动</ps>合在一起计算：<ex>两处～六十人。</ex></def>",动词。,动词,合在一起计算。,合在一起计算。,动词。合在一起计算。,两处合计六十人。,20,1,0,1.0,,,,,
240,89,2,合计,hé·ji,héji,"<entry id=""20562""><hwg><hw>合计</hw><pinyin>hé·ji</pinyin></hwg><def><ps>动</ps></def><def><num>❶</num> 盘算：<ex>他心里老～这件事。</ex></def><def><num>❷</num> 商量：<ex>大家～～这事该怎么办。</ex></def>",动词。,动词,盘算。,盘算。,动词。盘算。,他心里老合计这件事。,18,1,1,1.0,,,,,
241,89,3,合计,hé·ji,héji,"<entry id=""20562""><hwg><hw>合计</hw><pinyin>hé·ji</pinyin></hwg><def><ps>动</ps></def><def><num>❶</num> 盘算：<ex>他心里老～这件事。</ex></def><def><num>❷</num> 商量：<ex>大家～～这事该怎么办。</ex></def>",动词。,动词,商量。,商量。,动词。商量。,大家合计合计这事该怎么办。,21,1,1,1.0,,,,,
242,90,1,同房,tóng//fáng,tóngfáng,"<entry id=""51584""><hwg><hw>同房<sup>1</sup></hw><pinyin>tóng//fáng</pinyin></hwg><def><ps>动</ps></def><def><num>❶</num> 在同一房间住宿。</def><def><num>❷</num> 婉辞，指夫妻过性生活。</def>",动词。,动词,在同一房间住宿。,在同一房间住宿。,动词。在同一房间住宿。,同房的姓梁，是基督教徒。,25,0,1,,1.0,,,,
243,90,2,同房,tóng//fáng,tóngfáng,"<entry id=""51584""><hwg><hw>同房<sup>1</sup></hw><pinyin>tóng//fáng</pinyin></hwg><def><ps>动</ps></def><def><num>❶</num> 在同一房间住宿。</def><def><num>❷</num> 婉辞，指夫妻过性生活。</def>",动词。,动词,婉辞，指夫妻过性生活。,婉辞，指夫妻过性生活。,动词。婉辞，指夫妻过性生活。,七七是一个童养媳，有十五岁了，只等稍稍有几个钱时就要开脸同得禄同房。,50,0,1,,1.0,,,,
244,90,3,同房,tóngfáng,tóngfáng,"<entry id=""51585""><hwg><hw>同房<sup>2</sup></hw><pinyin>tóngfáng</pinyin></hwg><def><ps>形</ps>属性词。指家族中同一支的：<ex>～兄弟。</ex></def>",形容词；属性词。,形容词,指家族中同一支的。,指家族中同一支的。,形容词；属性词。指家族中同一支的。,同房兄弟。,24,0,0,1.0,,,,,
245,91,1,同行,tóngháng,tóngháng,"<entry id=""51593""><hwg><hw>同行</hw><pinyin>tóngháng</pinyin></hwg><def><num>❶</num> <ps>动</ps>行业相同：<ex>他俩～，都是学医的。</ex></def><def><num>❷</num> <ps>名</ps>同行业的人：<ex>路上碰到一个～，聊了几句。</ex></def><def>　另见<pinyin>tóngxíng</pinyin>。</def>",动词。,动词,行业相同。,行业相同。,动词。行业相同。,他俩同行，都是学医的。,21,1,1,1.0,,,,,
246,91,2,同行,tóngháng,tóngháng,"<entry id=""51593""><hwg><hw>同行</hw><pinyin>tóngháng</pinyin></hwg><def><num>❶</num> <ps>动</ps>行业相同：<ex>他俩～，都是学医的。</ex></def><def><num>❷</num> <ps>名</ps>同行业的人：<ex>路上碰到一个～，聊了几句。</ex></def><def>　另见<pinyin>tóngxíng</pinyin>。</def>",名词。,名词,同行业的人。,同行业的人。,名词。同行业的人。,路上碰到一个同行，聊了几句。,25,1,1,1.0,,,,,
247,91,3,同行,tóngxíng,tóngxíng,"<entry id=""51635""><hwg><hw>同行</hw><pinyin>tóngxíng</pinyin></hwg><def><ps>动</ps>一起行路：<ex>一路～｜跟他～的还有两个同学。</ex></def><def>　另见<pinyin>tóngháng</pinyin>。</def>",动词。,动词,一起行路。,一起行路。,动词。一起行路。,跟他同行的还有两个同学。,22,1,0,1.0,,,,,
248,92,1,名优,míngyōu,míngyōu,"<entry id=""36077""><hwg><hw>名优<sup>1</sup></hw><pinyin>míngyōu</pinyin></hwg><def><ps>名</ps>名伶：<ex>一代～。</ex></def>",名词。,名词,名伶。,名伶。,名词。名伶。,一代名优。,13,0,0,1.0,,,,,
249,92,2,名优,míngyōu,míngyōu,"<entry id=""36078""><hwg><hw>名优<sup>2</sup></hw><pinyin>míngyōu</pinyin></hwg><def><ps>形</ps>属性词。有名的，高质量的（商品）：<ex>～产品。</ex></def>",形容词；属性词。,形容词,有名的，高质量的（商品）。,有名的，高质量的（商品）。,形容词；属性词。有名的，高质量的（商品）。,名优产品。,28,0,0,1.0,,,,,
250,93,1,名家,Míngjiā,Míngjiā,"<entry id=""36028""><hwg><hw>名家<sup>1</sup></hw><pinyin>Míngjiā</pinyin></hwg><def><ps>名</ps>先秦时期以辩论“名”（概念）“实”（事实）关系问题为中心的一个思想派别，以惠施、公孙龙为代表，名家的特点是用比较严格的推理形式来辩论问题，但有时流于诡辩。它对我国古代逻辑学的发展有一定贡献。</def>",名词。,名词,先秦时期以辩论“名”（概念）“实”（事实）关系问题为中心的一个思想派别，以惠施、公孙龙为代表，名家的特点是用比较严格的推理形式来辩论问题，但有时流于诡辩。它对我国古代逻辑学的发展有一定贡献。,先秦时期以辩论“名”（概念）“实”（事实）关系问题为中心的一个思想派别，以惠施、公孙龙为代表，名家的特点是用比较严格的推理形式来辩论问题，但有时流于诡辩。它对我国古代逻辑学的发展有一定贡献。,名词。先秦时期以辩论“名”（概念）“实”（事实）关系问题为中心的一个思想派别，以惠施、公孙龙为代表，名家的特点是用比较严格的推理形式来辩论问题，但有时流于诡辩。它对我国古代逻辑学的发展有一定贡献。,在先秦时期，名家以其独特的思想视角和深邃的哲学思考独树一帜，尤以惠施与公孙龙为代表。,142,0,0,,,,,1.0,
251,93,2,名家,míngjiā,míngjiā,"<entry id=""36029""><hwg><hw>名家<sup>2</sup></hw><pinyin>míngjiā</pinyin></hwg><def><ps>名</ps>在某种学术或技能方面有特殊贡献的著名人物。</def>",名词。,名词,在某种学术或技能方面有特殊贡献的著名人物。,在某种学术或技能方面有特殊贡献的著名人物。,名词。在某种学术或技能方面有特殊贡献的著名人物。,请名家写一篇书评比登天还难。,40,0,0,,1.0,,,,
252,94,1,后天,hòutiān,hòutiān,"<entry id=""21408""><hwg><hw>后天<sup>1</sup></hw><pinyin>hòutiān</pinyin></hwg><def><ps>名</ps>时间词。明天的明天。</def>",名词；时间词。,名词,明天的明天。,明天的明天。,名词；时间词。明天的明天。,明天拟往东城探听船期，晚则幼渔邀我夜饭；后天往北大讲演。,43,0,0,,1.0,,,,
253,94,2,后天,hòutiān,hòutiān,"<entry id=""21409""><hwg><hw>后天<sup>2</sup></hw><pinyin>hòutiān</pinyin></hwg><def><ps>名</ps>人或动物离开母体后单独生活和成长的时期（跟“<a href=""entry://先天"">先天</a>”相对）：<ex>先天不足，～失调。</ex></def>",名词。,名词,人或动物离开母体后单独生活和成长的时期（跟“先天”相对）。,人或动物离开母体后单独生活和成长的时期（跟“先天”相对）。,名词。人或动物离开母体后单独生活和成长的时期（跟“先天”相对）。,先天不足，后天失调。,44,0,0,1.0,,,,,
254,95,1,吐气,tǔ//qì,tǔqì,"<entry id=""52199""><hwg><hw>吐气<sup>1</sup></hw><pinyin>tǔ//qì</pinyin></hwg><def><ps>动</ps>发泄出积在胸中的委屈或怨恨而感到痛快：<ex>扬眉～。</ex></def>",动词。,动词,发泄出积在胸中的委屈或怨恨而感到痛快。,发泄出积在胸中的委屈或怨恨而感到痛快。,动词。发泄出积在胸中的委屈或怨恨而感到痛快。,扬眉吐气。,29,0,0,1.0,,,,,
255,95,2,吐气,tǔqì,tǔqì,"<entry id=""52200""><hwg><hw>吐气<sup>2</sup></hw><pinyin>tǔqì</pinyin></hwg><def><ps>动</ps>语音学上指送气。</def>",动词。,动词,语音学上指送气。,语音学上指送气。,动词。语音学上指送气。,吐气音在多种语言中都有出现，不仅限于普通话。,35,0,0,,,,,1.0,
256,96,1,吧唧,bājī,bājī,"<entry id=""00641""><hwg><hw>吧唧</hw><pinyin>bājī</pinyin></hwg><def><ps>拟声</ps>形容脚掌拍打泥泞地面等的声音：<ex>他光着脚在雨地里～～地走。</ex></def>",拟声词。,拟声词,形容脚掌拍打泥泞地面等的声音。,形容脚掌拍打泥泞地面等的声音。,拟声词。形容脚掌拍打泥泞地面等的声音。,他光着脚在雨地里吧唧吧唧地走。,36,1,0,1.0,,,,,
257,96,2,吧唧,bā·ji,bāji,"<entry id=""00642""><hwg><hw>吧唧</hw><pinyin>bā·ji</pinyin></hwg><def><ps>动</ps></def><def><num>❶</num> 嘴唇开合作声。</def><def><num>❷</num> 〈方〉抽（旱烟）：<ex>老汉不住地～着烟斗。</ex></def>",动词。,动词,嘴唇开合作声。,嘴唇开合作声。,动词。嘴唇开合作声。,祥子本不吸烟，这次好似不能拒绝，拿了支烟放在唇间吧唧着。,40,1,0,,1.0,,,,
258,97,1,吧嗒,bādā,bādā,"<entry id=""00639""><hwg><hw>吧嗒</hw><pinyin>bādā</pinyin></hwg><def><ps>拟声</ps>形容物体轻微撞击或液体滴落等声音：<ex>～一声，闸门关上了｜眼泪～～地往下掉。</ex></def>",拟声词。,拟声词,形容物体轻微撞击或液体滴落等声音。,形容物体轻微撞击或液体滴落等声音。,拟声词。形容物体轻微撞击或液体滴落等声音。,吧嗒一声，闸门关上了。,34,1,0,1.0,,,,,
259,97,2,吧嗒,bā·da,bāda,"<entry id=""00640""><hwg><hw>吧嗒</hw><pinyin>bā·da</pinyin></hwg><def><ps>动</ps></def><def><num>❶</num> 嘴唇开合作声：<ex>他～了两下嘴，一声也不言语。</ex></def><def><num>❷</num> 〈方〉抽（旱烟）：<ex>他蹲在一边～着叶子烟。</ex></def>",动词。,动词,嘴唇开合作声。,嘴唇开合作声。,动词。嘴唇开合作声。,他吧嗒了两下嘴，一声也不言语。,27,1,0,1.0,,,,,
260,98,1,呱呱,gūgū,gūgū,"<entry id=""18212""><hwg><hw>呱呱</hw><pinyin>gūgū</pinyin></hwg><def>〈书〉<ps>拟声</ps>形容小儿哭声：<ex>～而泣。</ex></def><def>　另见<pinyin>guāguā</pinyin>。</def><ci><div class=""title"">词语</div><div class=""cont""><a href=""entry://呱呱坠地"">呱呱坠地</a></div></ci>",拟声词。,拟声词,〈书〉形容小儿哭声。,〈书面语〉形容小儿哭声。,拟声词。〈书面语〉形容小儿哭声。,呱呱而泣。,23,1,0,1.0,,,,,
261,98,2,呱呱,guāguā,guāguā,"<entry id=""18623""><hwg><hw>呱呱</hw><pinyin>guāguā</pinyin></hwg><def><ps>拟声</ps>形容鸭子、青蛙等的响亮的叫声。</def><def>　另见<pinyin>gūgū</pinyin>。</def><ci><div class=""title"">词语</div><div class=""cont""><a href=""entry://呱呱叫"">呱呱叫</a></div></ci>",拟声词。,拟声词,形容鸭子、青蛙等的响亮的叫声。,形容鸭子、青蛙等的响亮的叫声。,拟声词。形容鸭子、青蛙等的响亮的叫声。,夜晚的池塘边，青蛙们呱呱地叫着，像是在举行一场盛大的音乐会。,51,1,0,,,,,1.0,
262,99,1,呼号,hūháo,hūháo,"<entry id=""21493""><hwg><hw>呼号</hw><pinyin>hūháo</pinyin></hwg><def><ps>动</ps>因极端悲伤而哭叫；因处于困境需要援助而叫喊：<ex>仰天～｜奔走～。</ex></def>",动词。,动词,因极端悲伤而哭叫；因处于困境需要援助而叫喊。,因极端悲伤而哭叫；因处于困境需要援助而叫喊。,动词。因极端悲伤而哭叫；因处于困境需要援助而叫喊。,在灾难现场，失去亲人的孤儿呼号着寻找母亲，那悲切的声音让在场的人无不动容。,64,1,0,,,,,1.0,
263,99,2,呼号,hūhào,hūhào,"<entry id=""21494""><hwg><hw>呼号</hw><pinyin>hūhào</pinyin></hwg><def><ps>名</ps></def><def><num>❶</num> 无线电通信中使用的各种代号，有时专指广播电台的名称的字母代号。</def><def><num>❷</num> 某些组织专用的口号，如中国少年先锋队的呼号是：“准备着，为共产主义事业而奋斗！”</def>",名词。,名词,无线电通信中使用的各种代号，有时专指广播电台的名称的字母代号。,无线电通信中使用的各种代号，有时专指广播电台的名称的字母代号。,名词。无线电通信中使用的各种代号，有时专指广播电台的名称的字母代号。,无线电爱好者必须熟记自己的呼号，以确保在通讯时能够正确识别自己和其他通讯者的身份。,77,1,1,,,,,1.0,
264,99,3,呼号,hūhào,hūhào,"<entry id=""21494""><hwg><hw>呼号</hw><pinyin>hūhào</pinyin></hwg><def><ps>名</ps></def><def><num>❶</num> 无线电通信中使用的各种代号，有时专指广播电台的名称的字母代号。</def><def><num>❷</num> 某些组织专用的口号，如中国少年先锋队的呼号是：“准备着，为共产主义事业而奋斗！”</def>",名词。,名词,某些组织专用的口号，如中国少年先锋队的呼号是：“准备着，为共产主义事业而奋斗！”,某些组织专用的口号，如中国少年先锋队的呼号是：“准备着，为共产主义事业而奋斗！”,名词。某些组织专用的口号，如中国少年先锋队的呼号是：“准备着，为共产主义事业而奋斗！”,他们给自己班级想了条呼号。,58,1,1,,,,,1.0,
265,100,1,呼噜,hūlū,hūlū,"<entry id=""21502""><hwg><hw>呼噜</hw><pinyin>hūlū</pinyin></hwg><def><ps>拟声</ps>形容打鼾或吸食流质食物等发出的声音：<ex>他气管炎犯了，嗓子里～～老响。</ex></def>",拟声词。,拟声词,形容打鼾或吸食流质食物等发出的声音。,形容打鼾或吸食流质食物等发出的声音。,拟声词。形容打鼾或吸食流质食物等发出的声音。,他气管炎犯了，嗓子里呼噜呼噜老响。,41,1,0,1.0,,,,,
266,100,2,呼噜,hū·lu,hūlu,"<entry id=""21503""><hwg><hw>呼噜</hw><pinyin>hū·lu</pinyin></hwg><def>〈口〉<ps>名</ps>睡着时由于呼吸受阻而发出的粗重的呼吸声；鼾声：<ex>打～。</ex></def>",名词。,名词,〈口〉睡着时由于呼吸受阻而发出的粗重的呼吸声；鼾声。,〈口语〉睡着时由于呼吸受阻而发出的粗重的呼吸声；鼾声。,名词。〈口语〉睡着时由于呼吸受阻而发出的粗重的呼吸声；鼾声。,打呼噜。,36,1,0,1.0,,,,,
267,101,1,命题,mìng//tí,mìngtí,"<entry id=""36254""><hwg><hw>命题<sup>1</sup></hw><pinyin>mìng//tí</pinyin></hwg><def><ps>动</ps>出题目：<ex>～作文｜统一～。</ex></def>",动词。,动词,出题目。,出题目。,动词。出题目。,统一命题。,14,0,0,1.0,,,,,
268,101,2,命题,mìngtí,mìngtí,"<entry id=""36255""><hwg><hw>命题<sup>2</sup></hw><pinyin>mìngtí</pinyin></hwg><def><ps>名</ps>逻辑学指表达判断的语言形式，由系词把主词和宾词联系而成。例如：“北京是中国的首都”，这个句子就是一个命题。</def>",名词。,名词,逻辑学指表达判断的语言形式，由系词把主词和宾词联系而成。,逻辑学指表达判断的语言形式，由系词把主词和宾词联系而成。,名词。逻辑学指表达判断的语言形式，由系词把主词和宾词联系而成。,哲学是人类永恒的命题。,44,0,0,,,,,1.0,
269,102,1,咕叽,gūjī,gūjī,"<entry id=""18203""><hwg><hw>咕叽</hw><pinyin>gūjī</pinyin></hwg><def><ps>拟声</ps>形容水受压力而向外排出的声音：<ex>他在雨地里走着，脚底下～～地直响。</ex>也作咕唧。</def>",拟声词。,拟声词,形容水受压力而向外排出的声音。,形容水受压力而向外排出的声音。,拟声词。形容水受压力而向外排出的声音。,他在雨地里走着，脚底下咕叽咕叽地直响。,40,1,0,1.0,,,,,
270,102,2,咕叽,gū·ji,gūji,"<entry id=""18204""><hwg><hw>咕叽</hw><pinyin>gū·ji</pinyin></hwg><def><ps>动</ps>小声交谈或自言自语：<ex>他们俩交头接耳地～了半天｜他一边想心事，一边～。</ex>也作咕唧。</def>",动词。,动词,小声交谈或自言自语。,小声交谈或自言自语。,动词。小声交谈或自言自语。,他们俩交头接耳地咕叽了半天。,29,1,0,1.0,,,,,
271,103,1,咕噜,gūlū,gūlū,"<entry id=""18208""><hwg><hw>咕噜</hw><pinyin>gūlū</pinyin></hwg><def><ps>拟声</ps>形容水流动或东西滚动的声音：<ex>他端起一杯水～一口就喝完了｜石头～～滚下去了。</ex></def>",拟声词。,拟声词,形容水流动或东西滚动的声音。,形容水流动或东西滚动的声音。,拟声词。形容水流动或东西滚动的声音。,他端起一杯水咕噜一口就喝完了。,35,1,0,1.0,,,,,
272,103,2,咕噜,gū·lu,gūlu,"<entry id=""18209""><hwg><hw>咕噜</hw><pinyin>gū·lu</pinyin></hwg><def><ps>动</ps>咕哝。</def>",动词。,动词,咕哝。,咕哝。,动词。咕哝。,他在睡梦中咕噜着一些听不清的话，似乎在做着一个美好的梦。,36,1,0,1.0,,,,,
273,104,1,哈喇,hā·la,hāla,"<entry id=""19814""><hwg><hw>哈喇<sup>1</sup></hw><pinyin>hā·la</pinyin></hwg><def>〈口〉<ps>形</ps>食油或含油食物日久味道变坏：<ex>～味<small>儿</small>｜点心～了，不能吃了。</ex></def>",形容词。,形容词,〈口〉食油或含油食物日久味道变坏。,〈口语〉食油或含油食物日久味道变坏。,形容词。〈口语〉食油或含油食物日久味道变坏。,点心哈喇了，不能吃了。,35,0,0,1.0,,,,,
274,104,2,哈喇,hā·la,hāla,"<entry id=""19815""><hwg><hw>哈喇<sup>2</sup></hw><pinyin>hā·la</pinyin></hwg><def><ps>动</ps>杀死（多见于早期白话）：<ex>不如只一刀～了他。</ex>［蒙］</def><ci><div class=""title"">词语</div><div class=""cont""><a href=""entry://哈喇子"">哈喇子</a></div></ci>",动词。,动词,杀死（多见于早期白话）。,杀死（多见于早期白话）。,动词。杀死（多见于早期白话）。,不如只一刀哈喇了他。,27,0,0,1.0,,,,,
275,105,1,哑然,yǎrán,yǎrán,"<entry id=""59251""><hwg><hw>哑然<sup>1</sup></hw><pinyin>yǎrán</pinyin></hwg><def>〈书〉<ps>形</ps></def><def><num>❶</num> 形容寂静：<ex>～无声｜全场～。</ex></def><def><num>❷</num> 形容惊异得说不出话来：<ex>～失惊。</ex></def>",形容词。,形容词,〈书〉形容寂静。,〈书面语〉形容寂静。,形容词。〈书面语〉形容寂静。,全场哑然。,21,0,1,1.0,,,,,
276,105,2,哑然,yǎrán,yǎrán,"<entry id=""59251""><hwg><hw>哑然<sup>1</sup></hw><pinyin>yǎrán</pinyin></hwg><def>〈书〉<ps>形</ps></def><def><num>❶</num> 形容寂静：<ex>～无声｜全场～。</ex></def><def><num>❷</num> 形容惊异得说不出话来：<ex>～失惊。</ex></def>",形容词。,形容词,〈书〉形容惊异得说不出话来。,〈书面语〉形容惊异得说不出话来。,形容词。〈书面语〉形容惊异得说不出话来。,哑然失惊。,27,1,1,1.0,,,,,
277,105,3,哑然,yǎrán（“哑”旧读è）,yǎrán,"<entry id=""59252""><hwg><hw>哑然<sup>2</sup></hw><pinyin>yǎrán（“哑”旧读è）</pinyin></hwg><def>〈书〉<ps>形</ps>形容笑声：<ex>～失笑。</ex></def>",形容词。,形容词,〈书〉形容笑声。,〈书面语〉形容笑声。,形容词。〈书面语〉形容笑声。,哑然失笑。,21,0,0,1.0,,,,,
278,106,1,唱名,chàng//míng,chàngmíng,"<entry id=""05951""><hwg><hw>唱名<sup>1</sup></hw><pinyin>chàng//míng</pinyin></hwg><def><ps>动</ps>高声点名。</def>",动词。,动词,高声点名。,高声点名。,动词。高声点名。,投完票，过一会就唱名计票。,23,0,0,,1.0,,,,
279,106,2,唱名,chàngmíng,chàngmíng,"<entry id=""05952""><hwg><hw>唱名<sup>2</sup></hw><pinyin>chàngmíng</pinyin></hwg><def><ps>名</ps>指唱歌时所用的do、re、mi、fa、sol、la、si（或ti）七个固定音节。</def>",名词。,名词,指唱歌时所用的do、re、mi、fa、sol、la、si（或ti）七个固定音节。,指唱歌时所用的do、re、mi、fa、sol、la、si（或ti）七个固定音节。,名词。指唱歌时所用的do、re、mi、fa、sol、la、si（或ti）七个固定音节。,在音乐课上，老师教导我们如何使用唱名来准确地唱出旋律。,72,0,0,,,,,1.0,
280,107,1,喁喁,yóngyóng,yóngyóng,"<entry id=""62459""><hwg><hw>喁喁</hw><pinyin>yóngyóng</pinyin></hwg><def>〈书〉<ps>形</ps>形容众人景仰归向的样子。</def><def>　另见<pinyin>yúyú</pinyin>。</def>",形容词。,形容词,〈书〉形容众人景仰归向的样子。,〈书面语〉形容众人景仰归向的样子。,形容词。〈书面语〉形容众人景仰归向的样子。,大家喁喁地盼望着开仓。,34,1,0,,1.0,,,,
281,107,2,喁喁,yúyú,yúyú,"<entry id=""63306""><hwg><hw>喁喁</hw><pinyin>yúyú</pinyin></hwg><def>〈书〉</def><def><num>❶</num> <ps>动</ps>随声附和。</def><def><num>❷</num> <ps>拟声</ps>形容说话的声音（多用于小声说话）：<ex>～私语。</ex></def><def>　另见<pinyin>yóngyóng</pinyin>。</def>",动词。,动词,〈书〉随声附和。,〈书面语〉随声附和。,动词。〈书面语〉随声附和。,在会议上，一些人喁喁着领导的观点，缺乏独立的思考和见解。,43,1,1,,,,,1.0,
282,107,3,喁喁,yúyú,yúyú,"<entry id=""63306""><hwg><hw>喁喁</hw><pinyin>yúyú</pinyin></hwg><def>〈书〉</def><def><num>❶</num> <ps>动</ps>随声附和。</def><def><num>❷</num> <ps>拟声</ps>形容说话的声音（多用于小声说话）：<ex>～私语。</ex></def><def>　另见<pinyin>yóngyóng</pinyin>。</def>",拟声词。,拟声词,〈书〉形容说话的声音（多用于小声说话）。,〈书面语〉形容说话的声音（多用于小声说话）。,拟声词。〈书面语〉形容说话的声音（多用于小声说话）。,喁喁私语。,33,1,1,1.0,,,,,
283,108,1,喳喳,chāchā,chāchā,"<entry id=""05288""><hwg><hw>喳喳</hw><pinyin>chāchā</pinyin></hwg><def><ps>拟声</ps>形容小声说话的声音：<ex>嘁嘁～。</ex></def>",拟声词。,拟声词,形容小声说话的声音。,形容小声说话的声音。,拟声词。形容小声说话的声音。,嘁嘁喳喳。,21,1,0,1.0,,,,,
284,108,2,喳喳,chā·cha,chācha,"<entry id=""05289""><hwg><hw>喳喳</hw><pinyin>chā·cha</pinyin></hwg><def><ps>动</ps>小声说话：<ex>打～｜他在老伴<small>儿</small>的耳边～了两句。</ex></def>",动词。,动词,小声说话。,小声说话。,动词。小声说话。,他在老伴儿的耳边喳喳了两句。,24,1,0,1.0,,,,,
285,109,1,四体,sìtǐ,sìtǐ,"<entry id=""48855""><hwg><hw>四体<sup>1</sup></hw><pinyin>sìtǐ</pinyin></hwg><def>〈书〉<ps>名</ps>指人的四肢：<ex>～不勤，五谷不分。</ex></def>",名词。,名词,〈书〉指人的四肢。,〈书面语〉指人的四肢。,名词。〈书面语〉指人的四肢。,四体不勤，五谷不分。,26,0,0,1.0,,,,,
286,109,2,四体,sìtǐ,sìtǐ,"<entry id=""48856""><hwg><hw>四体<sup>2</sup></hw><pinyin>sìtǐ</pinyin></hwg><def><ps>名</ps>汉字的四种主要字体，即楷、草、隶、篆。</def>",名词。,名词,汉字的四种主要字体，即楷、草、隶、篆。,汉字的四种主要字体，即楷、草、隶、篆。,名词。汉字的四种主要字体，即楷、草、隶、篆。,学习书法，需从四体入手，掌握其各自的特点与精髓，方能融会贯通，自成一家。,60,0,0,,,,,1.0,
287,110,1,四方,sìfāng,sìfāng,"<entry id=""48818""><hwg><hw>四方<sup>1</sup></hw><pinyin>sìfāng</pinyin></hwg><def><ps>名</ps>东、南、西、北，泛指各处：<ex>～响应｜奔走～。</ex></def>",名词。,名词,东、南、西、北，泛指各处。,东、南、西、北，泛指各处。,名词。东、南、西、北，泛指各处。,奔走四方。,23,0,0,1.0,,,,,
288,110,2,四方,sìfāng,sìfāng,"<entry id=""48819""><hwg><hw>四方<sup>2</sup></hw><pinyin>sìfāng</pinyin></hwg><def><ps>形</ps>属性词。正方形或立方体的：<ex>～的木头匣子｜四四方方的大脸。</ex></def><ci><div class=""title"">词语</div><div class=""cont""><a href=""entry://四方步"">四方步</a></div></ci>",形容词；属性词。,形容词,正方形或立方体的。,正方形或立方体的。,形容词；属性词。正方形或立方体的。,四方的木头匣子。,27,0,0,1.0,,,,,
289,111,1,回去,huí//·qù,huíqù,"<entry id=""22837""><hwg><hw>回去</hw><pinyin>huí//·qù</pinyin></hwg><def><ps>动</ps>从别处到原来的地方去：<ex>离开家乡十年，一次也没～过｜事情没办完，一时回不去。</ex></def>",动词。,动词,从别处到原来的地方去。,从别处到原来的地方去。,动词。从别处到原来的地方去。,离开家乡十年，一次也没回去过。,31,0,0,1.0,,,,,
290,111,2,回去,//·huí//·qù,huíqù,"<entry id=""22838""><hwg><hw>回去</hw><pinyin>//·huí//·qù</pinyin></hwg><def><ps>动</ps>趋向动词。用在动词后，表示到原来的地方去：<ex>跑～｜给家寄回一点<small>儿</small>钱去。</ex></def>",动词；趋向动词。,动词,用在动词后，表示到原来的地方去。,用在动词后，表示到原来的地方去。,动词；趋向动词。用在动词后，表示到原来的地方去。,跑回去。,30,0,0,1.0,,,,,
291,112,1,回来,huí//·lái,huílái,"<entry id=""22813""><hwg><hw>回来</hw><pinyin>huí//·lái</pinyin></hwg><def><ps>动</ps>从别处到原来的地方来：<ex>他刚从外地～｜他刚出去，一时半会<small>儿</small>还回不来。</ex></def>",动词。,动词,从别处到原来的地方来。,从别处到原来的地方来。,动词。从别处到原来的地方来。,他刚从外地回来。,24,0,0,1.0,,,,,
292,112,2,回来,//·huí//·lái,huílái,"<entry id=""22814""><hwg><hw>回来</hw><pinyin>//·huí//·lái</pinyin></hwg><def><ps>动</ps>趋向动词。用在动词后，表示到原来的地方来：<ex>跑～｜买回一条鱼来。</ex></def>",动词；趋向动词。,动词,用在动词后，表示到原来的地方来。,用在动词后，表示到原来的地方来。,动词；趋向动词。用在动词后，表示到原来的地方来。,跑回来。,30,0,0,1.0,,,,,
293,113,1,回生,huíshēng,huíshēng,"<entry id=""22843""><hwg><hw>回生<sup>1</sup></hw><pinyin>huíshēng</pinyin></hwg><def><ps>动</ps>死后再活过来：<ex>起死～。</ex></def>",动词。,动词,死后再活过来。,死后再活过来。,动词。死后再活过来。,起死回生。,17,0,0,1.0,,,,,
294,113,2,回生,huíshēng,huíshēng,"<entry id=""22844""><hwg><hw>回生<sup>2</sup></hw><pinyin>huíshēng</pinyin></hwg><def><ps>动</ps>对前一阶段已经学会的东西又感到生疏：<ex>几天不练琴，手指就～。</ex></def>",动词。,动词,对前一阶段已经学会的东西又感到生疏。,对前一阶段已经学会的东西又感到生疏。,动词。对前一阶段已经学会的东西又感到生疏。,几天不练琴，手指就回生。,35,0,0,1.0,,,,,
295,114,1,国故,guógù,guógù,"<entry id=""19517""><hwg><hw>国故<sup>1</sup></hw><pinyin>guógù</pinyin></hwg><def><ps>名</ps>我国固有的文化（多指语言文字、文学、历史等）：<ex>整理～。</ex></def>",名词。,名词,我国固有的文化（多指语言文字、文学、历史等）。,我国固有的文化（多指语言文字、文学、历史等）。,名词。我国固有的文化（多指语言文字、文学、历史等）。,什么保存国故，什么振兴道德，什么维持公理，什么整顿学风…心里可真是这样想？,65,0,0,,1.0,,,,
296,114,2,国故,guógù,guógù,"<entry id=""19518""><hwg><hw>国故<sup>2</sup></hw><pinyin>guógù</pinyin></hwg><def>〈书〉<ps>名</ps>国家遭受的灾荒、瘟疫、战争等重大变故。</def>",名词。,名词,〈书〉国家遭受的灾荒、瘟疫、战争等重大变故。,〈书面语〉国家遭受的灾荒、瘟疫、战争等重大变故。,名词。〈书面语〉国家遭受的灾荒、瘟疫、战争等重大变故。,那段动荡的岁月被视为国家发展历程中的一段惨痛国故。,54,0,0,,,,,1.0,
297,115,1,土方,tǔfāng,tǔfāng,"<entry id=""52147""><hwg><hw>土方<sup>1</sup></hw><pinyin>tǔfāng</pinyin></hwg><def><ps>名</ps></def><def><num>❶</num> 土方工程的工作量通常都用立方米计算，一立方米称为一个土方。</def><def><num>❷</num> 土方工程的简称。</def>",名词。,名词,土方工程的工作量通常都用立方米计算，一立方米称为一个土方。,土方工程的工作量通常都用立方米计算，一立方米称为一个土方。,名词。土方工程的工作量通常都用立方米计算，一立方米称为一个土方。,要从上滩中间斜着往村边开，最深处只是一丈，并且距离也短，能省好多土方。,69,0,1,,1.0,,,,
298,115,2,土方,tǔfāng,tǔfāng,"<entry id=""52147""><hwg><hw>土方<sup>1</sup></hw><pinyin>tǔfāng</pinyin></hwg><def><ps>名</ps></def><def><num>❶</num> 土方工程的工作量通常都用立方米计算，一立方米称为一个土方。</def><def><num>❷</num> 土方工程的简称。</def>",名词。,名词,土方工程的简称。,土方工程的简称。,名词。土方工程的简称。,借口说自己包的土方完工了，来和嫂子拉拉家常。,35,0,1,,1.0,,,,
299,115,3,土方,tǔfāng,tǔfāng,"<entry id=""52148""><hwg><hw>土方<sup>2</sup></hw><pinyin>tǔfāng</pinyin></hwg><def>（～<small>儿</small>）<ps>名</ps>民间流传的、不见于医药专门著作的药方。</def><ci><div class=""title"">词语</div><div class=""cont""><a href=""entry://土方工程"">土方工程</a></div></ci>",名词。,名词,（土方儿）民间流传的、不见于医药专门著作的药方。,民间流传的、不见于医药专门著作的药方。,名词。民间流传的、不见于医药专门著作的药方。,石得富怕土方子越弄越坏，叫她们问队伍上的同志。,47,0,0,,1.0,,,,
300,116,1,地下,dìxià,dìxià,"<entry id=""11368""><hwg><hw>地下</hw><pinyin>dìxià</pinyin></hwg><def><num>❶</num> <ps>名</ps>地面之下；地层内部：<ex>～水｜～铁道｜～商场。</ex></def><def><num>❷</num> <ps>形</ps>属性词。秘密活动的；不公开的：<ex>～党｜～工作｜转入～。</ex></def>",名词。,名词,地面之下；地层内部。,地面之下；地层内部。,名词。地面之下；地层内部。,地下商场。,20,1,1,1.0,,,,,
301,116,2,地下,dìxià,dìxià,"<entry id=""11368""><hwg><hw>地下</hw><pinyin>dìxià</pinyin></hwg><def><num>❶</num> <ps>名</ps>地面之下；地层内部：<ex>～水｜～铁道｜～商场。</ex></def><def><num>❷</num> <ps>形</ps>属性词。秘密活动的；不公开的：<ex>～党｜～工作｜转入～。</ex></def>",形容词；属性词。,形容词,秘密活动的；不公开的。,秘密活动的；不公开的。,形容词；属性词。秘密活动的；不公开的。,地下工作。,26,1,1,1.0,,,,,
302,116,3,地下,dì·xia,dìxia,"<entry id=""11369""><hwg><hw>地下</hw><pinyin>dì·xia</pinyin></hwg><def><ps>名</ps>地面上：<ex>钢笔掉在～｜～一点<small>儿</small>灰尘都没有，像洗过的一样。</ex></def><ci><div class=""title"">词语</div><div class=""cont""><a href=""entry://地下河"">地下河</a><a href=""entry://地下茎"">地下茎</a><a href=""entry://地下室"">地下室</a><a href=""entry://地下水"">地下水</a><a href=""entry://地下铁道"">地下铁道</a></div></ci>",名词。,名词,地面上。,地面上。,名词。地面上。,钢笔掉在地下。,16,1,0,1.0,,,,,
303,117,1,地头,dìtóu,dìtóu,"<entry id=""11359""><hwg><hw>地头<sup>1</sup></hw><pinyin>dìtóu</pinyin></hwg><def><ps>名</ps></def><def><num>❶</num> （～<small>儿</small>）田地的两端：<ex>请大家在～休息一会<small>儿</small>。</ex></def><def><num>❷</num> 〈方〉目的地：<ex>快到～了，你准备下车吧。</ex></def><def><num>❸</num> （～<small>儿</small>）〈方〉本地；当地：<ex>你～<small>儿</small>熟，联系起来方便。</ex></def>",名词。,名词,（地头儿）田地的两端。,田地的两端。,名词。田地的两端。,请大家在地头休息一会儿。,23,0,0,1.0,,,,,
304,117,2,地头,dìtóu,dìtóu,"<entry id=""11360""><hwg><hw>地头<sup>2</sup></hw><pinyin>dìtóu</pinyin></hwg><def><ps>名</ps>书页下端的空白处。参看〖<a href=""entry://天地头"">天地头</a>〗。</def><ci><div class=""title"">词语</div><div class=""cont""><a href=""entry://地头蛇"">地头蛇</a></div></ci>",名词。,名词,书页下端的空白处。参看〖天地头〗。,书页下端的空白处。,名词。书页下端的空白处。,这书地头太窄了。,30,0,0,,,,,1.0,
305,118,1,地道,dìdào,dìdào,"<entry id=""11274""><hwg><hw>地道</hw><pinyin>dìdào</pinyin></hwg><def><ps>名</ps>在地面下掘成的交通坑道（多用于军事）。</def>",名词。,名词,在地面下掘成的交通坑道（多用于军事）。,在地面下掘成的交通坑道（多用于军事）。,名词。在地面下掘成的交通坑道（多用于军事）。,地道战。,28,1,0,,1.0,,,,
306,118,2,地道,dì·dao,dìdao,"<entry id=""11275""><hwg><hw>地道</hw><pinyin>dì·dao</pinyin></hwg><def><ps>形</ps></def><def><num>❶</num> 真正是有名产地出产的：<ex>～药材。</ex></def><def><num>❷</num> 真正的；纯粹：<ex>她的普通话说得真～。</ex></def><def><num>❸</num> （工作或材料的质量）实在；够标准：<ex>他干的活<small>儿</small>真～。</ex></def>",形容词。,形容词,真正是有名产地出产的。,真正是有名产地出产的。,形容词。真正是有名产地出产的。,地道药材。,22,1,1,1.0,,,,,
307,118,3,地道,dì·dao,dìdao,"<entry id=""11275""><hwg><hw>地道</hw><pinyin>dì·dao</pinyin></hwg><def><ps>形</ps></def><def><num>❶</num> 真正是有名产地出产的：<ex>～药材。</ex></def><def><num>❷</num> 真正的；纯粹：<ex>她的普通话说得真～。</ex></def><def><num>❸</num> （工作或材料的质量）实在；够标准：<ex>他干的活<small>儿</small>真～。</ex></def>",形容词。,形容词,真正的；纯粹。,真正的；纯粹。,形容词。真正的；纯粹。,她的普通话说得真地道。,24,1,1,1.0,,,,,
308,118,4,地道,dì·dao,dìdao,"<entry id=""11275""><hwg><hw>地道</hw><pinyin>dì·dao</pinyin></hwg><def><ps>形</ps></def><def><num>❶</num> 真正是有名产地出产的：<ex>～药材。</ex></def><def><num>❷</num> 真正的；纯粹：<ex>她的普通话说得真～。</ex></def><def><num>❸</num> （工作或材料的质量）实在；够标准：<ex>他干的活<small>儿</small>真～。</ex></def>",形容词。,形容词,（工作或材料的质量）实在；够标准。,（工作或材料的质量）实在；够标准。,形容词。（工作或材料的质量）实在；够标准。,他干的活儿真地道。,32,1,1,1.0,,,,,
309,119,1,坠子,zhuì·zi,zhuìzi,"<entry id=""68520""><hwg><hw>坠子<sup>1</sup></hw><pinyin>zhuì·zi</pinyin></hwg><def>〈口〉<ps>名</ps>坠③，特指耳坠子。</def>",名词。,名词,〈口〉坠，特指耳坠子。,〈口语〉坠，特指耳坠子。,名词。〈口语〉坠，特指耳坠子。,她烫了发，抹了胭脂口红，耳朵下垂着水钻坠子。,39,0,0,,1.0,,,,
310,119,2,坠子,zhuì·zi,zhuìzi,"<entry id=""68521""><hwg><hw>坠子<sup>2</sup></hw><pinyin>zhuì·zi</pinyin></hwg><def><ps>名</ps></def><def><num>❶</num> 坠琴。</def><def><num>❷</num> 流行于河南的一种曲艺，因主要伴奏乐器是坠琴而得名。通称河南坠子。</def>",名词。,名词,坠琴。,坠琴。,名词。坠琴。,只要咱喉咙不坏，带一个坠子，哪儿的饭不好吃啊？,31,0,1,,1.0,,,,
311,119,3,坠子,zhuì·zi,zhuìzi,"<entry id=""68521""><hwg><hw>坠子<sup>2</sup></hw><pinyin>zhuì·zi</pinyin></hwg><def><ps>名</ps></def><def><num>❶</num> 坠琴。</def><def><num>❷</num> 流行于河南的一种曲艺，因主要伴奏乐器是坠琴而得名。通称河南坠子。</def>",名词。,名词,流行于河南的一种曲艺，因主要伴奏乐器是坠琴而得名。通称河南坠子。,流行于河南的一种曲艺，因主要伴奏乐器是坠琴而得名。通称河南坠子。,名词。流行于河南的一种曲艺，因主要伴奏乐器是坠琴而得名。通称河南坠子。,"吴有又告诉他…赵瞎子串乡说坠子了，”金蛤蟆""主演《铡美案》的戏报也贴到县城十字街了。",79,0,1,,1.0,,,,
312,120,1,垛口,duǒkǒu,duǒkǒu,"<entry id=""13313""><hwg><hw>垛口</hw><pinyin>duǒkǒu</pinyin></hwg><def><ps>名</ps>城墙上呈凹凸形的短墙。</def><def>　另见<pinyin>duòkǒu</pinyin>。</def>",名词。,名词,城墙上呈凹凸形的短墙。,城墙上呈凹凸形的短墙。,名词。城墙上呈凹凸形的短墙。,看飞奔的列车，已驶过古长城的垛口。,33,1,0,,1.0,,,,
313,120,2,垛口,duòkǒu,duòkǒu,"<entry id=""13335""><hwg><hw>垛口</hw><pinyin>duòkǒu</pinyin></hwg><def><ps>动</ps>指曲艺演员将好几句押韵的唱词一句紧接一句地唱出来。</def><def>　另见<pinyin>duǒkǒu</pinyin>。</def>",动词。,动词,指曲艺演员将好几句押韵的唱词一句紧接一句地唱出来。,指曲艺演员将好几句押韵的唱词一句紧接一句地唱出来。,动词。指曲艺演员将好几句押韵的唱词一句紧接一句地唱出来。,他在表演中垛口唱出了整段戏曲，赢得了观众的阵阵掌声。,56,1,0,,,,,1.0,
314,121,1,垛子,duǒ·zi,duǒzi,"<entry id=""13314""><hwg><hw>垛子</hw><pinyin>duǒ·zi</pinyin></hwg><def><ps>名</ps>墙上向外或向上突出的部分：<ex>门～｜城～。</ex></def><def>　另见<pinyin>duò·zi</pinyin>。</def>",名词。,名词,墙上向外或向上突出的部分。,墙上向外或向上突出的部分。,名词。墙上向外或向上突出的部分。,门垛子。,22,1,0,1.0,,,,,
315,121,2,垛子,duò·zi,duòzi,"<entry id=""13336""><hwg><hw>垛子</hw><pinyin>duò·zi</pinyin></hwg><def><ps>名</ps>整齐地堆成的堆：<ex>麦秸～。</ex></def><def>　另见<pinyin>duǒ·zi</pinyin>。</def>",名词。,名词,整齐地堆成的堆。,整齐地堆成的堆。,名词。整齐地堆成的堆。,麦秸垛子。,18,1,0,1.0,,,,,
316,122,1,垫圈,diàn//juàn,diànjuàn,"<entry id=""11799""><hwg><hw>垫圈</hw><pinyin>diàn//juàn</pinyin></hwg><def><ps>动</ps>给牲畜的圈铺垫干土、碎草等。</def>",动词。,动词,给牲畜的圈铺垫干土、碎草等。,给牲畜的圈铺垫干土、碎草等。,动词。给牲畜的圈铺垫干土、碎草等。,除了放猪，还得喂鸡、喂狗、扫院子、垫圈。,39,1,0,,1.0,,,,
317,122,2,垫圈,diànquān,diànquān,"<entry id=""11800""><hwg><hw>垫圈</hw><pinyin>diànquān</pinyin></hwg><def>（～<small>儿</small>）<ps>名</ps>垫在被连接件与螺母之间的零件，一般为扁平形的金属环。</def>",名词。,名词,（垫圈儿）垫在被连接件与螺母之间的零件，一般为扁平形的金属环。,垫在被连接件与螺母之间的零件，一般为扁平形的金属环。,名词。垫在被连接件与螺母之间的零件，一般为扁平形的金属环。,为了防止水管漏水，工人们在接口处安装了新的垫圈。,55,1,0,,,,,1.0,
318,123,1,填房,tián//fáng,tiánfáng,"<entry id=""50990""><hwg><hw>填房</hw><pinyin>tián//fáng</pinyin></hwg><def><ps>动</ps>指女子嫁给死了妻子的人。</def>",动词。,动词,指女子嫁给死了妻子的人。,指女子嫁给死了妻子的人。,动词。指女子嫁给死了妻子的人。,没有”父母之命媒妁之言”，便毫无办法。而且过了二十，嫁出去也只能给人家”填房”。,57,1,0,,1.0,,,,
319,123,2,填房,tián·fang,tiánfang,"<entry id=""50991""><hwg><hw>填房</hw><pinyin>tián·fang</pinyin></hwg><def><ps>名</ps>指前妻死后续娶的妻子。</def>",名词。,名词,指前妻死后续娶的妻子。,指前妻死后续娶的妻子。,名词。指前妻死后续娶的妻子。,做填房如果遇见前妻的子女好倒也罢了。,34,1,0,,1.0,,,,
320,124,1,外带,wàidài,wàidài,"<entry id=""52754""><hwg><hw>外带<sup>1</sup></hw><pinyin>wàidài</pinyin></hwg><def><ps>名</ps>外胎的通称。</def>",名词。,名词,外胎的通称。,外胎的通称。,名词。外胎的通称。,这辆摩托车的外带磨损严重，需要及时更换。,31,0,0,,,,,1.0,
321,124,2,外带,wàidài,wàidài,"<entry id=""52755""><hwg><hw>外带<sup>2</sup></hw><pinyin>wàidài</pinyin></hwg><def><ps>动</ps>又加上；外加：<ex>她要洗衣、做饭，～照顾老人，没有时间干别的事了。</ex></def>",动词。,动词,又加上；外加。,又加上；外加。,动词。又加上；外加。,她要洗衣、做饭，外带照顾老人，没有时间干别的事了。,37,0,0,1.0,,,,,
322,125,1,外心,wàixīn,wàixīn,"<entry id=""52874""><hwg><hw>外心<sup>1</sup></hw><pinyin>wàixīn</pinyin></hwg><def><ps>名</ps>由于爱上了别人而产生的对自己的配偶不忠诚的念头，旧时也指臣子勾结外国的念头。</def>",名词。,名词,由于爱上了别人而产生的对自己的配偶不忠诚的念头，旧时也指臣子勾结外国的念头。,由于爱上了别人而产生的对自己的配偶不忠诚的念头，旧时也指臣子勾结外国的念头。,名词。由于爱上了别人而产生的对自己的配偶不忠诚的念头，旧时也指臣子勾结外国的念头。,“他从今年开春起，就跟我要打离婚。”…”他是不是有外心啦？”金丝瞅着她问。,80,0,0,,1.0,,,,
323,125,2,外心,wàixīn,wàixīn,"<entry id=""52875""><hwg><hw>外心<sup>2</sup></hw><pinyin>wàixīn</pinyin></hwg><def><ps>名</ps>三角形三条边的垂直平分线相交于一点，这个点叫作三角形的外心。外心也是三角形外接圆的圆心。</def>",名词。,名词,三角形三条边的垂直平分线相交于一点，这个点叫作三角形的外心。外心也是三角形外接圆的圆心。,三角形三条边的垂直平分线相交于一点，这个点叫作三角形的外心。外心也是三角形外接圆的圆心。,名词。三角形三条边的垂直平分线相交于一点，这个点叫作三角形的外心。外心也是三角形外接圆的圆心。,在几何学中，三角形的外心是一个重要的概念，它是三角形三边的垂直平分线的交点，也是三角形外接圆的圆心。,99,0,0,,,,,1.0,
324,126,1,外道,wàidào,wàidào,"<entry id=""52756""><hwg><hw>外道</hw><pinyin>wàidào</pinyin></hwg><def><ps>名</ps>佛教称其他宗教和学说为外道。</def>",名词。,名词,佛教称其他宗教和学说为外道。,佛教称其他宗教和学说为外道。,名词。佛教称其他宗教和学说为外道。,在佛教盛行的时期，许多外道也逐渐融入了佛教的文化和哲学体系中。,50,1,0,,,,,1.0,
325,126,2,外道,wài·dao,wàidao,"<entry id=""52757""><hwg><hw>外道</hw><pinyin>wài·dao</pinyin></hwg><def><ps>形</ps>指礼节过于客套周到反而显得疏远；见外：<ex>你再谦让，就显得～了。</ex></def>",形容词。,形容词,指礼节过于客套周到反而显得疏远；见外。,指礼节过于客套周到反而显得疏远；见外。,形容词。指礼节过于客套周到反而显得疏远；见外。,你再谦让，就显得外道了。,37,1,0,1.0,,,,,
326,127,1,多少,duōshǎo,duōshǎo,"<entry id=""13250""><hwg><hw>多少</hw><pinyin>duōshǎo</pinyin></hwg><def><num>❶</num> <ps>名</ps>指数量的大小：<ex>～不等，长短不齐。</ex></def><def><num>❷</num> <ps>副</ps>或多或少：<ex>这句话～有点<small>儿</small>道理。</ex></def><def><num>❸</num> <ps>副</ps>稍微：<ex>一立秋，天气～有点<small>儿</small>凉意了。</ex></def>",名词。,名词,指数量的大小。,指数量的大小。,名词。指数量的大小。,多少不等，长短不齐。,22,1,1,1.0,,,,,
327,127,2,多少,duōshǎo,duōshǎo,"<entry id=""13250""><hwg><hw>多少</hw><pinyin>duōshǎo</pinyin></hwg><def><num>❶</num> <ps>名</ps>指数量的大小：<ex>～不等，长短不齐。</ex></def><def><num>❷</num> <ps>副</ps>或多或少：<ex>这句话～有点<small>儿</small>道理。</ex></def><def><num>❸</num> <ps>副</ps>稍微：<ex>一立秋，天气～有点<small>儿</small>凉意了。</ex></def>",副词。,副词,或多或少。,或多或少。,副词。或多或少。,这句话多少有点儿道理。,21,1,1,1.0,,,,,
328,127,3,多少,duōshǎo,duōshǎo,"<entry id=""13250""><hwg><hw>多少</hw><pinyin>duōshǎo</pinyin></hwg><def><num>❶</num> <ps>名</ps>指数量的大小：<ex>～不等，长短不齐。</ex></def><def><num>❷</num> <ps>副</ps>或多或少：<ex>这句话～有点<small>儿</small>道理。</ex></def><def><num>❸</num> <ps>副</ps>稍微：<ex>一立秋，天气～有点<small>儿</small>凉意了。</ex></def>",副词。,副词,稍微。,稍微。,副词。稍微。,一立秋，天气多少有点儿凉意了。,23,1,1,1.0,,,,,
329,127,4,多少,duō·shao,duōshao,"<entry id=""13251""><hwg><hw>多少</hw><pinyin>duō·shao</pinyin></hwg><def><ps>代</ps>疑问代词。</def><def><num>❶</num> 问数量：<ex>这个村子有～人家？｜今年收了～粮食？</ex></def><def><num>❷</num> 表示不定的数量：<ex>我知道～说～｜有～人，准备～工具。</ex></def>",代词；疑问代词。,代词,问数量。,问数量。,代词；疑问代词。问数量。,这个村子有多少人家？,24,1,1,1.0,,,,,
330,127,5,多少,duō·shao,duōshao,"<entry id=""13251""><hwg><hw>多少</hw><pinyin>duō·shao</pinyin></hwg><def><ps>代</ps>疑问代词。</def><def><num>❶</num> 问数量：<ex>这个村子有～人家？｜今年收了～粮食？</ex></def><def><num>❷</num> 表示不定的数量：<ex>我知道～说～｜有～人，准备～工具。</ex></def>",代词；疑问代词。,代词,表示不定的数量。,表示不定的数量。,代词；疑问代词。表示不定的数量。,我知道多少说多少。,27,1,1,1.0,,,,,
331,128,1,大举,dàjǔ,dàjǔ,"<entry id=""09701""><hwg><hw>大举<sup>1</sup></hw><pinyin>dàjǔ</pinyin></hwg><def>〈书〉<ps>名</ps>重大的举动：<ex>共商～。</ex></def>",名词。,名词,〈书〉重大的举动。,〈书面语〉重大的举动。,名词。〈书面语〉重大的举动。,共商大举。,21,0,0,1.0,,,,,
332,128,2,大举,dàjǔ,dàjǔ,"<entry id=""09702""><hwg><hw>大举<sup>2</sup></hw><pinyin>dàjǔ</pinyin></hwg><def><ps>副</ps>大规模地进行（多用于军事行动）：<ex>～进攻。</ex></def>",副词。,副词,大规模地进行（多用于军事行动）。,大规模地进行（多用于军事行动）。,副词。大规模地进行（多用于军事行动）。,大举进攻。,26,0,0,1.0,,,,,
333,129,1,大事,dàshì,dàshì,"<entry id=""09834""><hwg><hw>大事<sup>1</sup></hw><pinyin>dàshì</pinyin></hwg><def><ps>名</ps>重大的或重要的事情：<ex>国家～｜终身～。</ex></def>",名词。,名词,重大的或重要的事情。,重大的或重要的事情。,名词。重大的或重要的事情。,国家大事。,20,0,0,1.0,,,,,
334,129,2,大事,dàshì,dàshì,"<entry id=""09835""><hwg><hw>大事<sup>2</sup></hw><pinyin>dàshì</pinyin></hwg><def><ps>副</ps>大力从事：<ex>～渲染。</ex></def><ci><div class=""title"">词语</div><div class=""cont""><a href=""entry://大事记"">大事记</a></div></ci>",副词。,副词,大力从事。,大力从事。,副词。大力从事。,大事渲染。,15,0,0,1.0,,,,,
335,130,1,大作,dàzuò,dàzuò,"<entry id=""09957""><hwg><hw>大作<sup>1</sup></hw><pinyin>dàzuò</pinyin></hwg><def><ps>名</ps>敬辞，称对方的著作：<ex>拜读～｜～有不少创见。</ex></def>",名词。,名词,敬辞，称对方的著作。,敬辞，称对方的著作。,名词。敬辞，称对方的著作。,拜读大作。,20,0,0,1.0,,,,,
336,130,2,大作,dàzuò,dàzuò,"<entry id=""09958""><hwg><hw>大作<sup>2</sup></hw><pinyin>dàzuò</pinyin></hwg><def><ps>动</ps>猛烈发作或发生：<ex>狂风～｜鼓乐～。</ex></def>",动词。,动词,猛烈发作或发生。,猛烈发作或发生。,动词。猛烈发作或发生。,狂风大作。,18,0,0,1.0,,,,,
337,131,1,大号,dàhào,dàhào,"<entry id=""09652""><hwg><hw>大号<sup>1</sup></hw><pinyin>dàhào</pinyin></hwg><def><ps>名</ps>尊称他人的名字。</def>",名词。,名词,尊称他人的名字。,尊称他人的名字。,名词。尊称他人的名字。,从上小学那天起他就只准别人(包括他的妈妈在内)叫他的大号：朱汉明。,46,0,0,,1.0,,,,
338,131,2,大号,dàhào,dàhào,"<entry id=""09653""><hwg><hw>大号<sup>2</sup></hw><pinyin>dàhào</pinyin></hwg><def>（～<small>儿</small>）<ps>形</ps>属性词。型号较大的：<ex>～皮鞋。</ex></def>",形容词。,形容词,（大号儿）属性词。型号较大的。,属性词。型号较大的。,形容词；属性词。型号较大的。,大号皮鞋。,21,0,0,1.0,,,,,
339,131,3,大号,dàhào,dàhào,"<entry id=""09654""><hwg><hw>大号<sup>3</sup></hw><pinyin>dàhào</pinyin></hwg><def><ps>名</ps>管乐器，装有四个或五个活塞。吹奏时声音低沉雄浑。</def>",名词。,名词,管乐器，装有四个或五个活塞。吹奏时声音低沉雄浑。,管乐器，装有四个或五个活塞。吹奏时声音低沉雄浑。,名词。管乐器，装有四个或五个活塞。吹奏时声音低沉雄浑。,他今天要去参加大号演奏比赛。,43,0,0,,,,,1.0,
340,132,1,大大,dàdà,dàdà,"<entry id=""09585""><hwg><hw>大大</hw><pinyin>dàdà</pinyin></hwg><def><ps>副</ps>强调数量很大或程度很深：<ex>费用～超过了预算｜室内有了通风装置，温度～降低了。</ex></def>",副词。,副词,强调数量很大或程度很深。,强调数量很大或程度很深。,副词。强调数量很大或程度很深。,费用大大超过了预算。,27,1,0,1.0,,,,,
341,132,2,大大,dà·da,dàda,"<entry id=""09586""><hwg><hw>大大</hw><pinyin>dà·da</pinyin></hwg><def>〈口〉<ps>名</ps></def><def><num>❶</num> 伯父。</def><def><num>❷</num> 尊称年长的男子（一般指年纪大于父亲的）。</def>",名词。,名词,〈口〉伯父。,〈口语〉伯父。,名词。〈口语〉伯父。,她听到大大去世的消息，不禁潸然泪下。,30,1,1,,,,,1.0,
342,132,3,大大,dà·da,dàda,"<entry id=""09586""><hwg><hw>大大</hw><pinyin>dà·da</pinyin></hwg><def>〈口〉<ps>名</ps></def><def><num>❶</num> 伯父。</def><def><num>❷</num> 尊称年长的男子（一般指年纪大于父亲的）。</def>",名词。,名词,〈口〉尊称年长的男子（一般指年纪大于父亲的）。,〈口语〉尊称年长的男子（一般指年纪大于父亲的）。,名词。〈口语〉尊称年长的男子（一般指年纪大于父亲的）。,小时候，我常常去大大家里玩，他总会给我讲很多有趣的故事。,57,1,1,,,,,1.0,
343,133,1,大方,dàfāng,dàfāng,"<entry id=""09617""><hwg><hw>大方<sup>1</sup></hw><pinyin>dàfāng</pinyin></hwg><def>〈书〉<ps>名</ps>指专家学者；内行人：<ex>～之家｜贻笑～。</ex></def>",名词。,名词,〈书〉指专家学者；内行人。,〈书面语〉指专家学者；内行人。,名词。〈书面语〉指专家学者；内行人。,大方之家。,25,1,0,1.0,,,,,
344,133,2,大方,dàfāng,dàfāng,"<entry id=""09618""><hwg><hw>大方<sup>2</sup></hw><pinyin>dàfāng</pinyin></hwg><def><ps>名</ps>绿茶的一种，产于安徽歙县、浙江淳安等地。</def>",名词。,名词,绿茶的一种，产于安徽歙县、浙江淳安等地。,绿茶的一种，产于安徽歙县、浙江淳安等地。,名词。绿茶的一种，产于安徽歙县、浙江淳安等地。,这款大方绿茶真是让人惊艳，它的口感醇厚而细腻，香气清新持久，每一口都让人仿佛置身于茶园的清新之中。,74,1,0,,,,,1.0,
345,133,3,大方,dà·fang,dàfang,"<entry id=""09619""><hwg><hw>大方</hw><pinyin>dà·fang</pinyin></hwg><def><ps>形</ps></def><def><num>❶</num> 对于财物不计较；不吝啬：<ex>出手～｜他很～，不会计较这几个钱。</ex></def><def><num>❷</num> （言谈、举止）自然；不拘束：<ex>举止～｜可以大大方方的，用不着拘束。</ex></def><def><num>❸</num> （样式、颜色等）不俗气：<ex>陈设～｜这种布的颜色和花样看着很～。</ex></def>",形容词。,形容词,对于财物不计较；不吝啬。,对于财物不计较；不吝啬。,形容词。对于财物不计较；不吝啬。,他很大方，不会计较这几个钱。,32,1,1,1.0,,,,,
346,133,4,大方,dà·fang,dàfang,"<entry id=""09619""><hwg><hw>大方</hw><pinyin>dà·fang</pinyin></hwg><def><ps>形</ps></def><def><num>❶</num> 对于财物不计较；不吝啬：<ex>出手～｜他很～，不会计较这几个钱。</ex></def><def><num>❷</num> （言谈、举止）自然；不拘束：<ex>举止～｜可以大大方方的，用不着拘束。</ex></def><def><num>❸</num> （样式、颜色等）不俗气：<ex>陈设～｜这种布的颜色和花样看着很～。</ex></def>",形容词。,形容词,（言谈、举止）自然；不拘束。,（言谈、举止）自然；不拘束。,形容词。（言谈、举止）自然；不拘束。,举止大方。,25,1,1,1.0,,,,,
347,133,5,大方,dà·fang,dàfang,"<entry id=""09619""><hwg><hw>大方</hw><pinyin>dà·fang</pinyin></hwg><def><ps>形</ps></def><def><num>❶</num> 对于财物不计较；不吝啬：<ex>出手～｜他很～，不会计较这几个钱。</ex></def><def><num>❷</num> （言谈、举止）自然；不拘束：<ex>举止～｜可以大大方方的，用不着拘束。</ex></def><def><num>❸</num> （样式、颜色等）不俗气：<ex>陈设～｜这种布的颜色和花样看着很～。</ex></def>",形容词。,形容词,（样式、颜色等）不俗气。,（样式、颜色等）不俗气。,形容词。（样式、颜色等）不俗气。,这种布的颜色和花样看着很大方。,33,1,1,1.0,,,,,
348,134,1,大气,dàqì,dàqì,"<entry id=""09784""><hwg><hw>大气<sup>1</sup></hw><pinyin>dàqì</pinyin></hwg><def><ps>名</ps>包围地球的气体，是干燥空气、水汽、微尘等的混合物。</def>",名词。,名词,包围地球的气体，是干燥空气、水汽、微尘等的混合物。,包围地球的气体，是干燥空气、水汽、微尘等的混合物。,名词。包围地球的气体，是干燥空气、水汽、微尘等的混合物。,不到十分钟，那声音就变得非常宏大，仿佛包笼着宇宙，吞吐着大气。,61,0,0,,,,,1.0,
349,134,2,大气,dàqì,dàqì,"<entry id=""09785""><hwg><hw>大气<sup>2</sup></hw><pinyin>dàqì</pinyin></hwg><def><ps>名</ps>大的气度；大的气势：<ex>～磅礴。</ex></def>",名词。,名词,大的气度；大的气势。,大的气度；大的气势。,名词。大的气度；大的气势。,大气磅礴。,20,0,0,1.0,,,,,
350,134,3,大气,dà·qì,dàqì,"<entry id=""09786""><hwg><hw>大气</hw><pinyin>dà·qì</pinyin></hwg><def><ps>形</ps></def><def><num>❶</num> 气度大；气势大：<ex>开阔～。</ex></def><def><num>❷</num> （样式、颜色等）大方，不俗气：<ex>～得体。</ex></def><ci><div class=""title"">词语</div><div class=""cont""><a href=""entry://大气层"">大气层</a><a href=""entry://大气候"">大气候</a><a href=""entry://大气科学"">大气科学</a><a href=""entry://大气磅礴"">大气磅礴</a><a href=""entry://大气圈"">大气圈</a><a href=""entry://大气儿"">大气儿</a><a href=""entry://大气污染"">大气污染</a><a href=""entry://大气压"">大气压</a></div></ci>",形容词。,形容词,气度大；气势大。,气度大；气势大。,形容词。气度大；气势大。,开阔大气。,19,0,1,1.0,,,,,
351,134,4,大气,dà·qì,dàqì,"<entry id=""09786""><hwg><hw>大气</hw><pinyin>dà·qì</pinyin></hwg><def><ps>形</ps></def><def><num>❶</num> 气度大；气势大：<ex>开阔～。</ex></def><def><num>❷</num> （样式、颜色等）大方，不俗气：<ex>～得体。</ex></def><ci><div class=""title"">词语</div><div class=""cont""><a href=""entry://大气层"">大气层</a><a href=""entry://大气候"">大气候</a><a href=""entry://大气科学"">大气科学</a><a href=""entry://大气磅礴"">大气磅礴</a><a href=""entry://大气圈"">大气圈</a><a href=""entry://大气儿"">大气儿</a><a href=""entry://大气污染"">大气污染</a><a href=""entry://大气压"">大气压</a></div></ci>",形容词。,形容词,（样式、颜色等）大方，不俗气。,（样式、颜色等）大方，不俗气。,形容词。（样式、颜色等）大方，不俗气。,大气得体。,26,0,1,1.0,,,,,
352,135,1,大爷,dàyé,dàyé,"<entry id=""09909""><hwg><hw>大爷</hw><pinyin>dàyé</pinyin></hwg><def><ps>名</ps>指不好劳动、傲慢任性的男子：<ex>～作风｜～脾气｜你别在我面前充～。</ex></def>",名词。,名词,指不好劳动、傲慢任性的男子。,指不好劳动、傲慢任性的男子。,名词。指不好劳动、傲慢任性的男子。,你别在我面前充大爷。,29,1,0,1.0,,,,,
353,135,2,大爷,dà·ye,dàye,"<entry id=""09910""><hwg><hw>大爷</hw><pinyin>dà·ye</pinyin></hwg><def>〈口〉<ps>名</ps></def><def><num>❶</num> 伯父。</def><def><num>❷</num> 尊称年长的男子（一般指年纪大于父亲的）。</def>",名词。,名词,〈口〉伯父。,〈口语〉伯父。,名词。〈口语〉伯父。,我每年春节都会去拜访大爷，和他一起聊聊家常，感受亲情的温暖。,42,1,1,,,,,1.0,
354,135,3,大爷,dà·ye,dàye,"<entry id=""09910""><hwg><hw>大爷</hw><pinyin>dà·ye</pinyin></hwg><def>〈口〉<ps>名</ps></def><def><num>❶</num> 伯父。</def><def><num>❷</num> 尊称年长的男子（一般指年纪大于父亲的）。</def>",名词。,名词,〈口〉尊称年长的男子（一般指年纪大于父亲的）。,〈口语〉尊称年长的男子（一般指年纪大于父亲的）。,名词。〈口语〉尊称年长的男子（一般指年纪大于父亲的）。,在公交车上，我给那位白发苍苍的大爷让了座，他微笑着表示感谢。,59,1,1,,,,,1.0,
355,136,1,大王,dàwáng,dàwáng,"<entry id=""09866""><hwg><hw>大王</hw><pinyin>dàwáng</pinyin></hwg><def><ps>名</ps></def><def><num>❶</num> 古代对国君、诸侯王的尊称。</def><def><num>❷</num> 指垄断某种经济事业的财阀：<ex>石油～｜钢铁～。</ex></def><def><num>❸</num> 指长于某种事情的人：<ex>王师傅被称为爆破～。</ex></def><def>　另见<pinyin>dài·wang</pinyin>。</def>",名词。,名词,古代对国君、诸侯王的尊称。,古代对国君、诸侯王的尊称。,名词。古代对国君、诸侯王的尊称。,大王今天巡视了城池，百姓们纷纷前来观看。,38,1,1,,,,,1.0,
356,136,2,大王,dàwáng,dàwáng,"<entry id=""09866""><hwg><hw>大王</hw><pinyin>dàwáng</pinyin></hwg><def><ps>名</ps></def><def><num>❶</num> 古代对国君、诸侯王的尊称。</def><def><num>❷</num> 指垄断某种经济事业的财阀：<ex>石油～｜钢铁～。</ex></def><def><num>❸</num> 指长于某种事情的人：<ex>王师傅被称为爆破～。</ex></def><def>　另见<pinyin>dài·wang</pinyin>。</def>",名词。,名词,指垄断某种经济事业的财阀。,指垄断某种经济事业的财阀。,名词。指垄断某种经济事业的财阀。,石油大王。,23,1,1,1.0,,,,,
357,136,3,大王,dàwáng,dàwáng,"<entry id=""09866""><hwg><hw>大王</hw><pinyin>dàwáng</pinyin></hwg><def><ps>名</ps></def><def><num>❶</num> 古代对国君、诸侯王的尊称。</def><def><num>❷</num> 指垄断某种经济事业的财阀：<ex>石油～｜钢铁～。</ex></def><def><num>❸</num> 指长于某种事情的人：<ex>王师傅被称为爆破～。</ex></def><def>　另见<pinyin>dài·wang</pinyin>。</def>",名词。,名词,指长于某种事情的人。,指长于某种事情的人。,名词。指长于某种事情的人。,王师傅被称为爆破大王。,26,1,1,1.0,,,,,
358,136,4,大王,dài·wang,dàiwang,"<entry id=""09988""><hwg><hw>大王</hw><pinyin>dài·wang</pinyin></hwg><def><ps>名</ps>戏曲、旧小说中对国王或强盗首领的称呼。</def><def>　另见<pinyin>dàwáng</pinyin>。</def>",名词。,名词,戏曲、旧小说中对国王或强盗首领的称呼。,戏曲、旧小说中对国王或强盗首领的称呼。,名词。戏曲、旧小说中对国王或强盗首领的称呼。,近来山上有两个大王，扎了寨栅，聚集着五七百人，打家劫舍。,52,1,0,,,1.0,,1.0,
359,137,1,大略,dàlüè,dàlüè,"<entry id=""09736""><hwg><hw>大略<sup>1</sup></hw><pinyin>dàlüè</pinyin></hwg><def><num>❶</num> <ps>名</ps>大致的情况或内容：<ex>这个厂的问题我只知道个～。</ex></def><def><num>❷</num> <ps>副</ps>大概；大致：<ex>时间不多了，你～说说吧。</ex></def>",名词。,名词,大致的情况或内容。,大致的情况或内容。,名词。大致的情况或内容。,这个厂的问题我只知道个大略。,28,0,1,1.0,,,,,
360,137,2,大略,dàlüè,dàlüè,"<entry id=""09736""><hwg><hw>大略<sup>1</sup></hw><pinyin>dàlüè</pinyin></hwg><def><num>❶</num> <ps>名</ps>大致的情况或内容：<ex>这个厂的问题我只知道个～。</ex></def><def><num>❷</num> <ps>副</ps>大概；大致：<ex>时间不多了，你～说说吧。</ex></def>",副词。,副词,大概；大致。,大概；大致。,副词。大概；大致。,时间不多了，你大略说说吧。,24,0,1,1.0,,,,,
361,137,3,大略,dàlüè,dàlüè,"<entry id=""09737""><hwg><hw>大略<sup>2</sup></hw><pinyin>dàlüè</pinyin></hwg><def><ps>名</ps>宏大的谋略：<ex>雄才～。</ex></def>",名词。,名词,宏大的谋略。,宏大的谋略。,名词。宏大的谋略。,雄才大略。,16,0,0,1.0,,,,,
362,138,1,大车,dàchē,dàchē,"<entry id=""09565""><hwg><hw>大车<sup>1</sup></hw><pinyin>dàchē</pinyin></hwg><def><ps>名</ps>牲口拉的两轮或四轮载重车。</def>",名词。,名词,牲口拉的两轮或四轮载重车。,牲口拉的两轮或四轮载重车。,名词。牲口拉的两轮或四轮载重车。,老爷一辆太平车，太太一辆河南棚车，其余家人都是半装半坐的大车。,49,0,0,,,1.0,,,
363,138,2,大车,dàchē,dàchē,"<entry id=""09566""><hwg><hw>大车<sup>2</sup></hw><pinyin>dàchē</pinyin></hwg><def><ps>名</ps>对火车司机或轮船上负责管理机器的人的尊称。也作大伡。</def>",名词。,名词,对火车司机或轮船上负责管理机器的人的尊称。也作大伡。,对火车司机或轮船上负责管理机器的人的尊称。也作大伡。,名词。对火车司机或轮船上负责管理机器的人的尊称。也作大伡。,公司船多，必须有总船主，总大车，分别治理。,52,0,0,,,1.0,,,
364,139,1,天体,tiāntǐ,tiāntǐ,"<entry id=""50836""><hwg><hw>天体<sup>1</sup></hw><pinyin>tiāntǐ</pinyin></hwg><def><ps>名</ps>太阳、地球、月球和其他恒星、行星、卫星以及彗星、流星、宇宙尘、星云、星团等的统称。</def>",名词。,名词,太阳、地球、月球和其他恒星、行星、卫星以及彗星、流星、宇宙尘、星云、星团等的统称。,太阳、地球、月球和其他恒星、行星、卫星以及彗星、流星、宇宙尘、星云、星团等的统称。,名词。太阳、地球、月球和其他恒星、行星、卫星以及彗星、流星、宇宙尘、星云、星团等的统称。,天文学家们通过观测和研究各种天体，试图解开宇宙起源和演化的奥秘。,78,0,0,,,,,1.0,
365,139,2,天体,tiāntǐ,tiāntǐ,"<entry id=""50837""><hwg><hw>天体<sup>2</sup></hw><pinyin>tiāntǐ</pinyin></hwg><def><ps>名</ps>裸体②。</def>",名词。,名词,裸体。,裸体。,名词。裸体。,这个小岛上有个天体海滩，人们可以无拘无束地享受日光浴。,35,0,0,,,,,1.0,
366,140,1,奔命,bēnmìng,bēnmìng,"<entry id=""02302""><hwg><hw>奔命</hw><pinyin>bēnmìng</pinyin></hwg><def><ps>动</ps>奉命奔走。参看〖<a href=""entry://疲于奔命"">疲于奔命</a>〗。</def><def>　另见<pinyin>bèn</pinyin>//<pinyin>mìng</pinyin>。</def>",动词。,动词,奉命奔走。,奉命奔走。,动词。奉命奔走。,疲于奔命。,15,1,0,,1.0,,,,
367,140,2,奔命,bèn//mìng,bènmìng,"<entry id=""02401""><hwg><hw>奔命</hw><pinyin>bèn//mìng</pinyin></hwg><def>〈口〉<ps>动</ps>拼命赶路或做事：<ex>一路～，连续行军一百二十多里。</ex></def><def>　另见<pinyin>bēnmìng</pinyin>。</def>",动词。,动词,〈口〉拼命赶路或做事。,〈口语〉拼命赶路或做事。,动词。〈口语〉拼命赶路或做事。,一路奔命，连续行军一百二十多里。,33,1,0,1.0,,,,,
368,141,1,套播,tàobō,tàobō,"<entry id=""50298""><hwg><hw>套播<sup>1</sup></hw><pinyin>tàobō</pinyin></hwg><def><ps>动</ps>套作。</def>",动词。,动词,套作。,套作。,动词。套作。,他计划套播玉米一百亩。,19,0,0,,,,,1.0,
369,141,2,套播,tàobō,tàobō,"<entry id=""50299""><hwg><hw>套播<sup>2</sup></hw><pinyin>tàobō</pinyin></hwg><def><ps>动</ps>电台、电视台在固定时间和固定栏目中重复地播放（广告等）。</def>",动词。,动词,电台、电视台在固定时间和固定栏目中重复地播放（广告等）。,电台、电视台在固定时间和固定栏目中重复地播放（广告等）。,动词。电台、电视台在固定时间和固定栏目中重复地播放（广告等）。,在2024年的广告市场中，许多品牌开始采用套播策略，将多个相关产品的广告在同一时间段内连续播放，以形成品牌联动效应，增强消费者的记忆点。,101,0,0,,,,,1.0,
370,142,1,女人,nǚrén,nǚrén,"<entry id=""37995""><hwg><hw>女人</hw><pinyin>nǚrén</pinyin></hwg><def><ps>名</ps>女性的成年人。</def>",名词。,名词,女性的成年人。,女性的成年人。,名词。女性的成年人。,女人的名字不应该是弱者。,24,1,0,,1.0,,,,
371,142,2,女人,nǚ·ren,nǚren,"<entry id=""37996""><hwg><hw>女人</hw><pinyin>nǚ·ren</pinyin></hwg><def>〈口〉<ps>名</ps>妻子（<pinyin>qī·zi</pinyin>）。</def>",名词。,名词,〈口〉妻子。,〈口语〉妻子。,名词。〈口语〉妻子。,这钻不出来的原因，我想是一定为了我的女人和两个孩子的吵闹。,41,1,0,,1.0,,,,
372,143,1,好事,hǎoshì,hǎoshì,"<entry id=""20411""><hwg><hw>好事</hw><pinyin>hǎoshì</pinyin></hwg><def><ps>名</ps></def><def><num>❶</num> 好事情；有益的事情：<ex>好人～。</ex></def><def><num>❷</num> 指僧道拜忏、打醮等事。</def><def><num>❸</num> 指慈善的事情。</def><def><num>❹</num> 喜庆事。</def><def>　另见<pinyin>hàoshì</pinyin>。</def><ci><div class=""title"">词语</div><div class=""cont""><a href=""entry://好事多磨"">好事多磨</a></div></ci>",名词。,名词,好事情；有益的事情。,好事情；有益的事情。,名词。好事情；有益的事情。,好人好事。,20,1,1,1.0,,,,,
373,143,2,好事,hǎoshì,hǎoshì,"<entry id=""20411""><hwg><hw>好事</hw><pinyin>hǎoshì</pinyin></hwg><def><ps>名</ps></def><def><num>❶</num> 好事情；有益的事情：<ex>好人～。</ex></def><def><num>❷</num> 指僧道拜忏、打醮等事。</def><def><num>❸</num> 指慈善的事情。</def><def><num>❹</num> 喜庆事。</def><def>　另见<pinyin>hàoshì</pinyin>。</def><ci><div class=""title"">词语</div><div class=""cont""><a href=""entry://好事多磨"">好事多磨</a></div></ci>",名词。,名词,指僧道拜忏、打醮等事。,指僧道拜忏、打醮等事。,名词。指僧道拜忏、打醮等事。,天师在东京禁院做了七昼夜好事，普施符箓，禳救灾病。,41,1,1,,,1.0,,,
374,143,3,好事,hǎoshì,hǎoshì,"<entry id=""20411""><hwg><hw>好事</hw><pinyin>hǎoshì</pinyin></hwg><def><ps>名</ps></def><def><num>❶</num> 好事情；有益的事情：<ex>好人～。</ex></def><def><num>❷</num> 指僧道拜忏、打醮等事。</def><def><num>❸</num> 指慈善的事情。</def><def><num>❹</num> 喜庆事。</def><def>　另见<pinyin>hàoshì</pinyin>。</def><ci><div class=""title"">词语</div><div class=""cont""><a href=""entry://好事多磨"">好事多磨</a></div></ci>",名词。,名词,指慈善的事情。,指慈善的事情。,名词。指慈善的事情。,老太太信教，常到济贫院为穷人做好事。,30,1,1,,1.0,,,,
375,143,4,好事,hǎoshì,hǎoshì,"<entry id=""20411""><hwg><hw>好事</hw><pinyin>hǎoshì</pinyin></hwg><def><ps>名</ps></def><def><num>❶</num> 好事情；有益的事情：<ex>好人～。</ex></def><def><num>❷</num> 指僧道拜忏、打醮等事。</def><def><num>❸</num> 指慈善的事情。</def><def><num>❹</num> 喜庆事。</def><def>　另见<pinyin>hàoshì</pinyin>。</def><ci><div class=""title"">词语</div><div class=""cont""><a href=""entry://好事多磨"">好事多磨</a></div></ci>",名词。,名词,喜庆事。,喜庆事。,名词。喜庆事。,少爷考上大学，这是大好事，太太为何落泪？,29,1,1,,1.0,,,,
376,143,5,好事,hàoshì,hàoshì,"<entry id=""20468""><hwg><hw>好事</hw><pinyin>hàoshì</pinyin></hwg><def><ps>形</ps>好管闲事；喜欢多事：<ex>～之徒。</ex></def><def>　另见<pinyin>hǎoshì</pinyin>。</def>",形容词。,形容词,好管闲事；喜欢多事。,好管闲事；喜欢多事。,形容词。好管闲事；喜欢多事。,好事之徒。,21,1,0,1.0,,,,,
377,144,1,妇道,fùdào,fùdào,"<entry id=""16071""><hwg><hw>妇道</hw><pinyin>fùdào</pinyin></hwg><def><ps>名</ps>旧时指妇女应该遵守的行为准则：<ex>克尽～｜谨守～。</ex></def>",名词。,名词,旧时指妇女应该遵守的行为准则。,旧时指妇女应该遵守的行为准则。,名词。旧时指妇女应该遵守的行为准则。,谨守妇道。,25,1,0,1.0,,,,,
378,144,2,妇道,fù·dao,fùdao,"<entry id=""16072""><hwg><hw>妇道</hw><pinyin>fù·dao</pinyin></hwg><def><ps>名</ps>指妇女：<ex>～人家。</ex></def>",名词。,名词,指妇女。,指妇女。,名词。指妇女。,妇道人家。,14,1,0,1.0,,,,,
379,145,1,婉辞,wǎncí,wǎncí,"<entry id=""53069""><hwg><hw>婉辞<sup>1</sup></hw><pinyin>wǎncí</pinyin></hwg><def><ps>名</ps>婉言。也作婉词。</def>",名词。,名词,婉言。也作婉词。,婉言。也作婉词。,名词。婉言。也作婉词。,婉辞告退。,18,0,0,,1.0,,,,
380,145,2,婉辞,wǎncí,wǎncí,"<entry id=""53070""><hwg><hw>婉辞<sup>2</sup></hw><pinyin>wǎncí</pinyin></hwg><def><ps>动</ps>婉言拒绝：<ex>他～了对方的邀请。</ex></def>",动词。,动词,婉言拒绝。,婉言拒绝。,动词。婉言拒绝。,他婉辞了对方的邀请。,20,0,0,1.0,,,,,
381,146,1,婵媛,chányuán,chányuán,"<entry id=""05541""><hwg><hw>婵媛<sup>1</sup></hw><pinyin>chányuán</pinyin></hwg><def>〈书〉<ps>形</ps>婵娟①。</def>",形容词。,形容词,〈书〉婵娟。,〈书面语〉婵娟。,形容词。〈书面语〉婵娟。,她在月光下翩翩起舞，身姿婵媛，仿佛仙子下凡。,36,0,0,,,,,1.0,
382,146,2,婵媛,chányuán,chányuán,"<entry id=""05542""><hwg><hw>婵媛<sup>2</sup></hw><pinyin>chányuán</pinyin></hwg><def>〈书〉<ps>动</ps>牵连；相连：<ex>垂条～。</ex></def>",动词。,动词,〈书〉牵连；相连。,〈书面语〉牵连；相连。,动词。〈书面语〉牵连；相连。,这些柳枝婵媛交错，构成了一幅美丽的画卷。,36,0,0,,,,,1.0,
383,147,1,字号,zìhào,zìhào,"<entry id=""69106""><hwg><hw>字号</hw><pinyin>zìhào</pinyin></hwg><def><ps>名</ps></def><def><num>❶</num> 表示事物次序的文字和数码：<ex>给展品编上～。</ex></def><def><num>❷</num> 排版印刷上用来标示汉字大小的编号。从初号到八号，初号字最大，八号字最小，最常用的是五号字。</def>",名词。,名词,表示事物次序的文字和数码。,表示事物次序的文字和数码。,名词。表示事物次序的文字和数码。,给展品编上字号。,26,1,1,1.0,,,,,
384,147,2,字号,zìhào,zìhào,"<entry id=""69106""><hwg><hw>字号</hw><pinyin>zìhào</pinyin></hwg><def><ps>名</ps></def><def><num>❶</num> 表示事物次序的文字和数码：<ex>给展品编上～。</ex></def><def><num>❷</num> 排版印刷上用来标示汉字大小的编号。从初号到八号，初号字最大，八号字最小，最常用的是五号字。</def>",名词。,名词,排版印刷上用来标示汉字大小的编号。从初号到八号，初号字最大，八号字最小，最常用的是五号字。,排版印刷上用来标示汉字大小的编号。从初号到八号，初号字最大，八号字最小，最常用的是五号字。,名词。排版印刷上用来标示汉字大小的编号。从初号到八号，初号字最大，八号字最小，最常用的是五号字。,在编辑文档时，请确保所有段落都使用统一的字号，以保持格式的一致性。,83,1,1,,,,,1.0,
385,147,3,字号,zì·hao,zìhao,"<entry id=""69107""><hwg><hw>字号</hw><pinyin>zì·hao</pinyin></hwg><def><ps>名</ps></def><def><num>❶</num> 商店的名称：<ex>这家商店是什么～？</ex></def><def><num>❷</num> 指商店：<ex>这是一家老～｜这家～名气大。</ex></def>",名词。,名词,商店的名称。,商店的名称。,名词。商店的名称。,这家商店是什么字号？,21,1,1,1.0,,,,,
386,147,4,字号,zì·hao,zìhao,"<entry id=""69107""><hwg><hw>字号</hw><pinyin>zì·hao</pinyin></hwg><def><ps>名</ps></def><def><num>❶</num> 商店的名称：<ex>这家商店是什么～？</ex></def><def><num>❷</num> 指商店：<ex>这是一家老～｜这家～名气大。</ex></def>",名词。,名词,指商店。,指商店。,名词。指商店。,这是一家老字号。,17,1,1,1.0,,,,,
387,148,1,孩儿,hái’ér,hái’ér,"<entry id=""19846""><hwg><hw>孩儿</hw><pinyin>hái’ér</pinyin></hwg><def><ps>名</ps>父母称呼儿女或儿女对父母的自称（多见于早期白话）。</def>",名词。,名词,父母称呼儿女或儿女对父母的自称（多见于早期白话）。,父母称呼儿女或儿女对父母的自称（多见于早期白话）。,名词。父母称呼儿女或儿女对父母的自称（多见于早期白话）。,瑞虹见父亲立意要去，便道：“爹爹既然要去，把酒来戒了，孩儿方才放心。”,65,1,0,,,1.0,,,
388,148,2,孩儿,háir,háir,"<entry id=""19847""><hwg><hw>孩<small>儿</small></hw><pinyin>háir</pinyin></hwg><def><ps>名</ps>孩子：<ex>男～｜女～｜这对夫妻只有一个～。</ex></def>",名词。,名词,孩子。,孩子。,名词。孩子。,这对夫妻只有一个孩儿。,19,1,0,1.0,,,,,
389,149,1,完了,wán·le,wánle,"<entry id=""52951""><hwg><hw>完了</hw><pinyin>wán·le</pinyin></hwg><def>〈口〉<ps>连</ps>用在句中，表示两件事相承接，依次发生：<ex>下了班先接孩子，～还得买菜。</ex></def><def>　另见<pinyin>wánliǎo</pinyin>。</def>",连词。,连词,〈口〉用在句中，表示两件事相承接，依次发生。,〈口语〉用在句中，表示两件事相承接，依次发生。,连词。〈口语〉用在句中，表示两件事相承接，依次发生。,下了班先接孩子，完了还得买菜。,43,1,0,1.0,,,,,
390,149,2,完了,wánliǎo,wánliǎo,"<entry id=""52953""><hwg><hw>完了</hw><pinyin>wánliǎo</pinyin></hwg><def><ps>动</ps>（事情）完结；结束：<ex>等此事～，我再找你细说。</ex></def><def>　另见<pinyin>wán·le</pinyin>。</def>",动词。,动词,（事情）完结；结束。,（事情）完结；结束。,动词。（事情）完结；结束。,等此事完了，我再找你细说。,28,1,0,1.0,,,,,
391,150,1,宗法,zōngfǎ,zōngfǎ,"<entry id=""69151""><hwg><hw>宗法<sup>1</sup></hw><pinyin>zōngfǎ</pinyin></hwg><def><ps>名</ps>旧时以家族为中心，按血统远近区别亲疏的法则：<ex>～制度｜～社会。</ex></def>",名词。,名词,旧时以家族为中心，按血统远近区别亲疏的法则。,旧时以家族为中心，按血统远近区别亲疏的法则。,名词。旧时以家族为中心，按血统远近区别亲疏的法则。,宗法制度。,32,0,0,1.0,,,,,
392,150,2,宗法,zōngfǎ,zōngfǎ,"<entry id=""69152""><hwg><hw>宗法<sup>2</sup></hw><pinyin>zōngfǎ</pinyin></hwg><def><ps>动</ps>师法；效法：<ex>他的字～柳体。</ex></def>",动词。,动词,师法；效法。,师法；效法。,动词。师法；效法。,他的字宗法柳体。,19,0,0,1.0,,,,,
393,151,1,家居,jiājū,jiājū,"<entry id=""24625""><hwg><hw>家居<sup>1</sup></hw><pinyin>jiājū</pinyin></hwg><def><ps>动</ps>没有就业，在家里闲住。</def>",动词。,动词,没有就业，在家里闲住。,没有就业，在家里闲住。,动词。没有就业，在家里闲住。,他常常失业家居。,24,0,0,,1.0,,,,
394,151,2,家居,jiājū,jiājū,"<entry id=""24626""><hwg><hw>家居<sup>2</sup></hw><pinyin>jiājū</pinyin></hwg><def><ps>名</ps>指家庭居室：<ex>装点～｜～陈设。</ex></def>",名词。,名词,指家庭居室。,指家庭居室。,名词。指家庭居室。,家居陈设。,16,0,0,1.0,,,,,
395,152,1,对号,duì//hào,duìhào,"<entry id=""13066""><hwg><hw>对号<sup>1</sup></hw><pinyin>duì//hào</pinyin></hwg><def>（～<small>儿</small>）<ps>动</ps></def><def><num>❶</num> 查对相合的号数：<ex>～入座。</ex></def><def><num>❷</num> 与有关事物、情况对照，相互符合：<ex>理论要与现实～｜他说的与实际对不上号。</ex></def>",动词。,动词,（对号儿）查对相合的号数。,查对相合的号数。,动词。查对相合的号数。,对号入座。,18,0,1,1.0,,,,,
396,152,2,对号,duì//hào,duìhào,"<entry id=""13066""><hwg><hw>对号<sup>1</sup></hw><pinyin>duì//hào</pinyin></hwg><def>（～<small>儿</small>）<ps>动</ps></def><def><num>❶</num> 查对相合的号数：<ex>～入座。</ex></def><def><num>❷</num> 与有关事物、情况对照，相互符合：<ex>理论要与现实～｜他说的与实际对不上号。</ex></def>",动词。,动词,（对号儿）与有关事物、情况对照，相互符合。,与有关事物、情况对照，相互符合。,动词。与有关事物、情况对照，相互符合。,理论要与现实对号。,30,0,1,1.0,,,,,
397,152,3,对号,duìhào,duìhào,"<entry id=""13067""><hwg><hw>对号<sup>2</sup></hw><pinyin>duìhào</pinyin></hwg><def>（～<small>儿</small>）<ps>名</ps>表示正确的符号，用于批改学生作业或试卷。如“○”、“√”等。</def><ci><div class=""title"">词语</div><div class=""cont""><a href=""entry://对号入座"">对号入座</a></div></ci>",名词。,名词,（对号儿）表示正确的符号，用于批改学生作业或试卷。如“○”、“√”等。,表示正确的符号，用于批改学生作业或试卷。如“○”、“√”等。,名词。表示正确的符号，用于批改学生作业或试卷。如“○”、“√”等。,在考试中，学生完成答题卡或试卷后，老师会使用对号来标记正确的答案。,68,0,0,,,,,1.0,
398,153,1,对头,duìtóu,duìtóu,"<entry id=""13112""><hwg><hw>对头</hw><pinyin>duìtóu</pinyin></hwg><def><ps>形</ps></def><def><num>❶</num> 正确；合适：<ex>方法～，效率就高。</ex></def><def><num>❷</num> 正常（多用于否定式）：<ex>他的脸色不～，恐怕是病了。</ex></def><def><num>❸</num> 合得来（多用于否定式）：<ex>两个人脾气不～，处不好。</ex></def>",形容词。,形容词,正确；合适。,正确；合适。,形容词。正确；合适。,方法对头，效率就高。,22,1,1,1.0,,,,,
399,153,2,对头,duìtóu,duìtóu,"<entry id=""13112""><hwg><hw>对头</hw><pinyin>duìtóu</pinyin></hwg><def><ps>形</ps></def><def><num>❶</num> 正确；合适：<ex>方法～，效率就高。</ex></def><def><num>❷</num> 正常（多用于否定式）：<ex>他的脸色不～，恐怕是病了。</ex></def><def><num>❸</num> 合得来（多用于否定式）：<ex>两个人脾气不～，处不好。</ex></def>",形容词。,形容词,正常（多用于否定式）。,正常（多用于否定式）。,形容词。正常（多用于否定式）。,他的脸色不对头，恐怕是病了。,31,1,1,1.0,,,,,
400,153,3,对头,duìtóu,duìtóu,"<entry id=""13112""><hwg><hw>对头</hw><pinyin>duìtóu</pinyin></hwg><def><ps>形</ps></def><def><num>❶</num> 正确；合适：<ex>方法～，效率就高。</ex></def><def><num>❷</num> 正常（多用于否定式）：<ex>他的脸色不～，恐怕是病了。</ex></def><def><num>❸</num> 合得来（多用于否定式）：<ex>两个人脾气不～，处不好。</ex></def>",形容词。,形容词,合得来（多用于否定式）。,合得来（多用于否定式）。,形容词。合得来（多用于否定式）。,两个人脾气不对头，处不好。,31,1,1,1.0,,,,,
401,153,4,对头,duì·tou,duìtou,"<entry id=""13113""><hwg><hw>对头</hw><pinyin>duì·tou</pinyin></hwg><def><ps>名</ps></def><def><num>❶</num> 仇敌；敌对的方面：<ex>死～｜冤家～。</ex></def><def><num>❷</num> 对手。</def>",名词。,名词,仇敌；敌对的方面。,仇敌；敌对的方面。,名词。仇敌；敌对的方面。,冤家对头。,19,1,1,1.0,,,,,
402,153,5,对头,duì·tou,duìtou,"<entry id=""13113""><hwg><hw>对头</hw><pinyin>duì·tou</pinyin></hwg><def><ps>名</ps></def><def><num>❶</num> 仇敌；敌对的方面：<ex>死～｜冤家～。</ex></def><def><num>❷</num> 对手。</def>",名词。,名词,对手。,对手。,名词。对手。,这两家公司一直是商业上的对头，竞争非常激烈。,30,1,1,,,,,1.0,
403,154,1,对开,duìkāi,duìkāi,"<entry id=""13082""><hwg><hw>对开<sup>1</sup></hw><pinyin>duìkāi</pinyin></hwg><def><ps>动</ps>（车船等）由两个地点相向开行。</def>",动词。,动词,（车船等）由两个地点相向开行。,（车船等）由两个地点相向开行。,动词。（车船等）由两个地点相向开行。,广州和九龙对开的火车必须停在桥的两端，等两方面的旅客互相换完车后，火车便各自驶回原站。,63,0,0,,1.0,,,,
404,154,2,对开,duìkāi,duìkāi,"<entry id=""13083""><hwg><hw>对开<sup>2</sup></hw><pinyin>duìkāi</pinyin></hwg><def><num>❶</num> <ps>形</ps>属性词。印刷上指相当于整张纸的二分之一的（纸）。</def><def><num>❷</num> <ps>动</ps>对半分配，即双方各占一半。</def>",形容词；属性词。,形容词,印刷上指相当于整张纸的二分之一的（纸）。,印刷上指相当于整张纸的二分之一的（纸）。,形容词；属性词。印刷上指相当于整张纸的二分之一的（纸）。,这种纸是对开大小，正好符合我的绘画需求。,50,0,1,,,,,1.0,
405,154,3,对开,duìkāi,duìkāi,"<entry id=""13083""><hwg><hw>对开<sup>2</sup></hw><pinyin>duìkāi</pinyin></hwg><def><num>❶</num> <ps>形</ps>属性词。印刷上指相当于整张纸的二分之一的（纸）。</def><def><num>❷</num> <ps>动</ps>对半分配，即双方各占一半。</def>",动词。,动词,对半分配，即双方各占一半。,对半分配，即双方各占一半。,动词。对半分配，即双方各占一半。,在分配这个月的预算时，我们决定对开，一半用于日常开销，一半用于储蓄和投资。,55,0,1,,,,,1.0,
406,155,1,对眼,duì//yǎn,duìyǎn,"<entry id=""13120""><hwg><hw>对眼<sup>1</sup></hw><pinyin>duì//yǎn</pinyin></hwg><def>〈口〉<ps>形</ps>合乎自己的眼光；满意：<ex>几块花布看着都不～。</ex></def>",形容词。,形容词,〈口〉合乎自己的眼光；满意。,〈口语〉合乎自己的眼光；满意。,形容词。〈口语〉合乎自己的眼光；满意。,几块花布看着都不对眼。,32,0,0,1.0,,,,,
407,155,2,对眼,duìyǎn,duìyǎn,"<entry id=""13121""><hwg><hw>对眼<sup>2</sup></hw><pinyin>duìyǎn</pinyin></hwg><def>（～<small>儿</small>）〈口〉<ps>名</ps></def><def><num>❶</num> 患内斜视的眼睛。</def><def><num>❷</num> 指患内斜视的人。</def>",名词。,名词,（对眼儿）〈口〉患内斜视的眼睛。,〈口语〉患内斜视的眼睛。,名词。〈口语〉患内斜视的眼睛。,小明因为患有对眼，看东西时两眼瞳孔总是向中间偏斜，这给他的日常生活带来了一些不便。,58,0,1,,,,,1.0,
408,155,3,对眼,duìyǎn,duìyǎn,"<entry id=""13121""><hwg><hw>对眼<sup>2</sup></hw><pinyin>duìyǎn</pinyin></hwg><def>（～<small>儿</small>）〈口〉<ps>名</ps></def><def><num>❶</num> 患内斜视的眼睛。</def><def><num>❷</num> 指患内斜视的人。</def>",名词。,名词,（对眼儿）〈口〉指患内斜视的人。,〈口语〉指患内斜视的人。,名词。〈口语〉指患内斜视的人。,小时候，邻居家的小明因为患有轻微的内斜视，常常被人误解为是对眼，但实际上他是个非常聪明可爱的孩子，只是需要一点时间和专业的治疗来恢复正常的视力。,89,0,1,,,,,1.0,
409,156,1,小儿,xiǎo’ér,xiǎo’ér,"<entry id=""56758""><hwg><hw>小儿</hw><pinyin>xiǎo’ér</pinyin></hwg><def><ps>名</ps></def><def><num>❶</num> 儿童。</def><def><num>❷</num> 谦称自己的儿子。参看〖<a href=""entry://小儿"">小<small>儿</small></a>〗（<pinyin>xiǎor</pinyin>）。</def><ci><div class=""title"">词语</div><div class=""cont""><a href=""entry://小儿科"">小儿科</a><a href=""entry://小儿麻痹症"">小儿麻痹症</a></div></ci>",名词。,名词,儿童。,儿童。,名词。儿童。,管家走到门口，只见一个小儿开门出来，手里拿了一个筲箕出去买米。,39,1,1,,,1.0,,,
410,156,2,小儿,xiǎo’ér,xiǎo’ér,"<entry id=""56758""><hwg><hw>小儿</hw><pinyin>xiǎo’ér</pinyin></hwg><def><ps>名</ps></def><def><num>❶</num> 儿童。</def><def><num>❷</num> 谦称自己的儿子。参看〖<a href=""entry://小儿"">小<small>儿</small></a>〗（<pinyin>xiǎor</pinyin>）。</def><ci><div class=""title"">词语</div><div class=""cont""><a href=""entry://小儿科"">小儿科</a><a href=""entry://小儿麻痹症"">小儿麻痹症</a></div></ci>",名词。,名词,谦称自己的儿子。参看〖小儿〗。,谦称自己的儿子。,名词。谦称自己的儿子。,这是我的小儿，他尚年幼，若有不当之处，还请各位多多包涵。,48,1,1,,,,,1.0,
411,156,3,小儿,xiǎor,xiǎor,"<entry id=""56867""><hwg><hw>小<small>儿</small></hw><pinyin>xiǎor</pinyin></hwg><def>〈口〉<ps>名</ps></def><def><num>❶</num> 指幼年：<ex>从～｜自～。</ex></def><def><num>❷</num> 男孩子：<ex>胖～。</ex>参看〖<a href=""entry://小儿"">小儿</a>〗（<pinyin>xiǎo’ér</pinyin>）。</def>",名词。,名词,〈口〉指幼年。,〈口语〉指幼年。,名词。〈口语〉指幼年。,我从小儿就喜欢在院子里追逐蝴蝶，享受大自然的乐趣。,38,1,1,,,,,1.0,
412,156,4,小儿,xiǎor,xiǎor,"<entry id=""56867""><hwg><hw>小<small>儿</small></hw><pinyin>xiǎor</pinyin></hwg><def>〈口〉<ps>名</ps></def><def><num>❶</num> 指幼年：<ex>从～｜自～。</ex></def><def><num>❷</num> 男孩子：<ex>胖～。</ex>参看〖<a href=""entry://小儿"">小儿</a>〗（<pinyin>xiǎo’ér</pinyin>）。</def>",名词。,名词,〈口〉男孩子。,〈口语〉男孩子。,名词。〈口语〉男孩子。,胖小儿。,17,1,1,1.0,,,,,
413,157,1,小号,xiǎohào,xiǎohào,"<entry id=""56774""><hwg><hw>小号<sup>1</sup></hw><pinyin>xiǎohào</pinyin></hwg><def><num>❶</num> （～<small>儿</small>）<ps>形</ps>属性词。型号较小的：<ex>～中山装。</ex></def><def><num>❷</num> <ps>名</ps>商人谦称自己的铺子。</def>",形容词。,形容词,（小号儿）属性词。型号较小的。,属性词。型号较小的。,形容词。属性词。型号较小的。,小号中山装。,22,0,1,1.0,,,,,
414,157,2,小号,xiǎohào,xiǎohào,"<entry id=""56774""><hwg><hw>小号<sup>1</sup></hw><pinyin>xiǎohào</pinyin></hwg><def><num>❶</num> （～<small>儿</small>）<ps>形</ps>属性词。型号较小的：<ex>～中山装。</ex></def><def><num>❷</num> <ps>名</ps>商人谦称自己的铺子。</def>",名词。,名词,商人谦称自己的铺子。,商人谦称自己的铺子。,名词。商人谦称自己的铺子。,郭掌柜道：他可是小号的老主顾。,30,0,1,,,1.0,,,
415,157,3,小号,xiǎohào,xiǎohào,"<entry id=""56775""><hwg><hw>小号<sup>2</sup></hw><pinyin>xiǎohào</pinyin></hwg><def><ps>名</ps>管乐器，号嘴呈碗形，一般有活塞，吹奏时声音响亮。</def>",名词。,名词,管乐器，号嘴呈碗形，一般有活塞，吹奏时声音响亮。,管乐器，号嘴呈碗形，一般有活塞，吹奏时声音响亮。,名词。管乐器，号嘴呈碗形，一般有活塞，吹奏时声音响亮。,多壮美的轰鸣声，隆隆地带着一种清脆的呼哨，是黑管？是小号？是铜笛？,62,0,0,,,1.0,,,
416,158,1,小子,xiǎozǐ,xiǎozǐ,"<entry id=""56963""><hwg><hw>小子</hw><pinyin>xiǎozǐ</pinyin></hwg><def><ps>名</ps></def><def><num>❶</num> 〈书〉年幼的人：<ex>后生～。</ex></def><def><num>❷</num> 旧时长辈称晚辈；晚辈对尊长的自称：<ex>～识之！｜～不敏。</ex></def>",名词。,名词,〈书〉年幼的人。,〈书面语〉年幼的人。,名词。〈书面语〉年幼的人。,后生小子。,20,1,1,1.0,,,,,
417,158,2,小子,xiǎozǐ,xiǎozǐ,"<entry id=""56963""><hwg><hw>小子</hw><pinyin>xiǎozǐ</pinyin></hwg><def><ps>名</ps></def><def><num>❶</num> 〈书〉年幼的人：<ex>后生～。</ex></def><def><num>❷</num> 旧时长辈称晚辈；晚辈对尊长的自称：<ex>～识之！｜～不敏。</ex></def>",名词。,名词,旧时长辈称晚辈；晚辈对尊长的自称。,旧时长辈称晚辈；晚辈对尊长的自称。,名词。旧时长辈称晚辈；晚辈对尊长的自称。,小子不敏。,27,1,1,1.0,,,,,
418,158,3,小子,xiǎo·zi,xiǎozi,"<entry id=""56964""><hwg><hw>小子</hw><pinyin>xiǎo·zi</pinyin></hwg><def>〈口〉<ps>名</ps></def><def><num>❶</num> 男孩子：<ex>大～｜二～｜小～｜胖～。</ex></def><def><num>❷</num> 人（用于男性，含轻蔑意）：<ex>这～真坏！｜～！你敢骂人！</ex></def>",名词。,名词,〈口〉男孩子。,〈口语〉男孩子。,名词。〈口语〉男孩子。,胖小子。,17,1,1,1.0,,,,,
419,158,4,小子,xiǎo·zi,xiǎozi,"<entry id=""56964""><hwg><hw>小子</hw><pinyin>xiǎo·zi</pinyin></hwg><def>〈口〉<ps>名</ps></def><def><num>❶</num> 男孩子：<ex>大～｜二～｜小～｜胖～。</ex></def><def><num>❷</num> 人（用于男性，含轻蔑意）：<ex>这～真坏！｜～！你敢骂人！</ex></def>",名词。,名词,〈口〉人（用于男性，含轻蔑意）。,〈口语〉人（用于男性，含轻蔑意）。,名词。〈口语〉人（用于男性，含轻蔑意）。,这小子真坏！,28,1,1,1.0,,,,,
420,159,1,小曲,xiǎoqū,xiǎoqū,"<entry id=""56863""><hwg><hw>小曲</hw><pinyin>xiǎoqū</pinyin></hwg><def><ps>名</ps>酿造白酒、黄酒或江米酒用的一种曲，块<small>儿</small>比大曲小。也叫酒药。</def>",名词。,名词,酿造白酒、黄酒或江米酒用的一种曲，块儿比大曲小。也叫酒药。,酿造白酒、黄酒或江米酒用的一种曲，块儿比大曲小。也叫酒药。,名词。酿造白酒、黄酒或江米酒用的一种曲，块儿比大曲小。也叫酒药。,酿造黄酒时，需要加入一种特殊的小曲，它的块儿比大曲小，但却能够引导糖化和发酵过程，使黄酒具有独特的风味。,86,1,0,,,,,1.0,
421,159,2,小曲,xiǎoqǔ,xiǎoqǔ,"<entry id=""56864""><hwg><hw>小曲</hw><pinyin>xiǎoqǔ</pinyin></hwg><def>（～<small>儿</small>）<ps>名</ps>小调。</def>",名词。,名词,（小曲儿）小调。,小调。,名词。小调。,他们一路上唱着淫荡的小曲。,21,1,0,,1.0,,,,
422,160,1,小月,xiǎoyuè,xiǎoyuè,"<entry id=""56949""><hwg><hw>小月</hw><pinyin>xiǎoyuè</pinyin></hwg><def><ps>名</ps>阳历只有30天或农历只有29天的月份。</def>",名词。,名词,阳历只有天或农历只有天的月份。,阳历只有天或农历只有天的月份。,名词。阳历只有天或农历只有天的月份。,每个月的日历上，小月和大月的天数都有所不同，这让我们在安排时间时要多加留意。,58,0,0,,,,,1.0,
423,160,2,小月,xiǎo·yuè,xiǎoyuè,"<entry id=""56950""><hwg><hw>小月</hw><pinyin>xiǎo·yuè</pinyin></hwg><def>〈口〉<ps>动</ps>流产①。</def>",动词。,动词,〈口〉流产。,〈口语〉流产。,动词。〈口语〉流产。,她因过年时太操劳，一不注意，便小月了。,31,0,0,,1.0,,,,
424,161,1,小节,xiǎojié,xiǎojié,"<entry id=""56799""><hwg><hw>小节<sup>1</sup></hw><pinyin>xiǎojié</pinyin></hwg><def><ps>名</ps>指与原则无关的琐碎的事情：<ex>不拘～｜生活～。</ex></def>",名词。,名词,指与原则无关的琐碎的事情。,指与原则无关的琐碎的事情。,名词。指与原则无关的琐碎的事情。,不拘小节。,23,0,0,1.0,,,,,
425,161,2,小节,xiǎojié,xiǎojié,"<entry id=""56800""><hwg><hw>小节<sup>2</sup></hw><pinyin>xiǎojié</pinyin></hwg><def><ps>名</ps>音乐节拍的段落，乐谱中用一竖线隔开。</def>",名词。,名词,音乐节拍的段落，乐谱中用一竖线隔开。,音乐节拍的段落，乐谱中用一竖线隔开。,名词。音乐节拍的段落，乐谱中用一竖线隔开。,演奏这首曲子时，要注意每个小节之间的转换，确保节奏的准确。,52,0,0,,,,,1.0,
426,162,1,尽量,jǐnliàng,jǐnliàng,"<entry id=""26811""><hwg><hw>尽量</hw><pinyin>jǐnliàng</pinyin></hwg><def><ps>副</ps>表示力求在一定范围内达到最大限度：<ex>把你知道的～告诉给大家｜工作虽然忙，学习的时间仍然要～保证｜写文章要～简明一些。</ex></def><def>　另见<pinyin>jìnliàng</pinyin>。</def>",副词。,副词,表示力求在一定范围内达到最大限度。,表示力求在一定范围内达到最大限度。,副词。表示力求在一定范围内达到最大限度。,把你知道的尽量告诉给大家。,35,1,0,1.0,,,,,
427,162,2,尽量,jìnliàng,jìnliàng,"<entry id=""26867""><hwg><hw>尽量</hw><pinyin>jìnliàng</pinyin></hwg><def><ps>动</ps>达到最大限度：<ex>喝了半斤白酒，还没～。</ex></def><def>　另见<pinyin>jǐnliàng</pinyin>。</def>",动词。,动词,达到最大限度。,达到最大限度。,动词。达到最大限度。,喝了半斤白酒，还没尽量。,24,1,0,1.0,,,,,
428,163,1,局子,jú·zi,júzi,"<entry id=""27905""><hwg><hw>局子<sup>1</sup></hw><pinyin>jú·zi</pinyin></hwg><def>〈口〉<ps>名</ps></def><def><num>❶</num> 旧时指警察局。现在也指公安局或派出所。</def><def><num>❷</num> 指镖局等。</def>",名词。,名词,〈口〉旧时指警察局。现在也指公安局或派出所。,〈口语〉旧时指警察局。现在也指公安局或派出所。,名词。〈口语〉旧时指警察局。现在也指公安局或派出所。,莫征当过小偷，进过局子。,40,0,1,,1.0,1.0,,,
429,163,2,局子,jú·zi,júzi,"<entry id=""27905""><hwg><hw>局子<sup>1</sup></hw><pinyin>jú·zi</pinyin></hwg><def>〈口〉<ps>名</ps></def><def><num>❶</num> 旧时指警察局。现在也指公安局或派出所。</def><def><num>❷</num> 指镖局等。</def>",名词。,名词,〈口〉指镖局等。,〈口语〉指镖局等。,名词。〈口语〉指镖局等。,古代的局子超级多，有镖局，拳局等。,31,0,1,,,,,1.0,
430,163,3,局子,jú·zi,júzi,"<entry id=""27906""><hwg><hw>局子<sup>2</sup></hw><pinyin>jú·zi</pinyin></hwg><def><ps>名</ps>圈套（多见于早期白话）。</def>",名词。,名词,圈套（多见于早期白话）。,圈套（多见于早期白话）。,名词。圈套（多见于早期白话）。,岂不知，从一开头这件事就是徐焕章和刑部主事等几个人做好了的局子。,49,0,0,,1.0,,,,
431,164,1,居处,jūchǔ,jūchǔ,"<entry id=""27832""><hwg><hw>居处</hw><pinyin>jūchǔ</pinyin></hwg><def><ps>动</ps>居住（在某个地方）：<ex>～陋巷。</ex></def>",动词。,动词,居住（在某个地方）。,居住（在某个地方）。,动词。居住（在某个地方）。,居处陋巷。,20,1,0,1.0,,,,,
432,164,2,居处,jūchù,jūchù,"<entry id=""27833""><hwg><hw>居处</hw><pinyin>jūchù</pinyin></hwg><def><ps>名</ps>住所；住处：<ex>～狭小。</ex></def>",名词。,名词,住所；住处。,住所；住处。,名词。住所；住处。,居处狭小。,16,1,0,1.0,,,,,
433,165,1,展期,zhǎnqī,zhǎnqī,"<entry id=""65288""><hwg><hw>展期<sup>1</sup></hw><pinyin>zhǎnqī</pinyin></hwg><def><ps>动</ps>把预定的日期往后推迟或延长：<ex>报名工作～至五月底结束。</ex></def>",动词。,动词,把预定的日期往后推迟或延长。,把预定的日期往后推迟或延长。,动词。把预定的日期往后推迟或延长。,报名工作展期至五月底结束。,32,0,0,1.0,,,,,
434,165,2,展期,zhǎnqī,zhǎnqī,"<entry id=""65289""><hwg><hw>展期<sup>2</sup></hw><pinyin>zhǎnqī</pinyin></hwg><def><ps>名</ps>展览的时期；展览的期限：<ex>～为十五天。</ex></def>",名词。,名词,展览的时期；展览的期限。,展览的时期；展览的期限。,名词。展览的时期；展览的期限。,展期为十五天。,24,0,0,1.0,,,,,
435,166,1,差使,chāishǐ,chāishǐ,"<entry id=""05485""><hwg><hw>差使</hw><pinyin>chāishǐ</pinyin></hwg><def><ps>动</ps>差遣；派遣：<ex>～人去送信。</ex></def>",动词。,动词,差遣；派遣。,差遣；派遣。,动词。差遣；派遣。,差使人去送信。,18,1,0,1.0,,,,,
436,166,2,差使,chāi·shi,chāishi,"<entry id=""05486""><hwg><hw>差使</hw><pinyin>chāi·shi</pinyin></hwg><def><ps>名</ps>旧时指官场中临时委任的职务，后来也泛指职务或官职。也作差事。</def>",名词。,名词,旧时指官场中临时委任的职务，后来也泛指职务或官职。也作差事。,旧时指官场中临时委任的职务，后来也泛指职务或官职。也作差事。,名词。旧时指官场中临时委任的职务，后来也泛指职务或官职。也作差事。,"帮着提提药葫芦,都感到是很美的差使。",53,1,0,,,,,1.0,
437,167,1,师弟,shīdì,shīdì,"<entry id=""46325""><hwg><hw>师弟<sup>1</sup></hw><pinyin>shīdì</pinyin></hwg><def><ps>名</ps></def><def><num>❶</num> 称同从一个师傅或老师学习而从师的时间在自己之后的男子。</def><def><num>❷</num> 称师傅或老师的儿子或父亲的男弟子中年龄比自己小的人。</def>",名词。,名词,称同从一个师傅或老师学习而从师的时间在自己之后的男子。,称同从一个师傅或老师学习而从师的时间在自己之后的男子。,名词。称同从一个师傅或老师学习而从师的时间在自己之后的男子。,我有一个师弟，现在东京大相国寺住持。,50,0,1,,1.0,,,,
438,167,2,师弟,shīdì,shīdì,"<entry id=""46325""><hwg><hw>师弟<sup>1</sup></hw><pinyin>shīdì</pinyin></hwg><def><ps>名</ps></def><def><num>❶</num> 称同从一个师傅或老师学习而从师的时间在自己之后的男子。</def><def><num>❷</num> 称师傅或老师的儿子或父亲的男弟子中年龄比自己小的人。</def>",名词。,名词,称师傅或老师的儿子或父亲的男弟子中年龄比自己小的人。,称师傅或老师的儿子或父亲的男弟子中年龄比自己小的人。,名词。称师傅或老师的儿子或父亲的男弟子中年龄比自己小的人。,师弟初来乍到，对很多事情还不太熟悉。,49,0,1,,,,,1.0,
439,167,3,师弟,shīdì,shīdì,"<entry id=""46326""><hwg><hw>师弟<sup>2</sup></hw><pinyin>shīdì</pinyin></hwg><def>〈书〉<ps>名</ps>老师和学生（弟：弟子）：<ex>～之谊。</ex></def>",名词。,名词,〈书〉老师和学生。,〈书面语〉老师和学生。,名词。〈书面语〉老师和学生。,师弟之谊。,21,0,0,1.0,,,,,
440,168,1,师爷,shīyé,shīyé,"<entry id=""46340""><hwg><hw>师爷</hw><pinyin>shīyé</pinyin></hwg><def><ps>名</ps>称师傅的父亲或师傅。</def>",名词。,名词,称师傅的父亲或师傅。,称师傅的父亲或师傅。,名词。称师傅的父亲或师傅。,师爷在学堂里威望极高，学生们都愿意听从他的教诲。,39,1,0,,,,,1.0,
441,168,2,师爷,shī·ye,shīye,"<entry id=""46341""><hwg><hw>师爷</hw><pinyin>shī·ye</pinyin></hwg><def><ps>名</ps>幕友的俗称：<ex>钱粮～｜刑名～｜包揽词讼的～。</ex></def>",名词。,名词,幕友的俗称。,幕友的俗称。,名词。幕友的俗称。,包揽词讼的师爷。,19,1,0,1.0,,,,,
442,169,1,干将,gānjiāng,gānjiāng,"<entry id=""16540""><hwg><hw>干将</hw><pinyin>gānjiāng</pinyin></hwg><def><ps>名</ps>古代宝剑名，常跟“<a href=""entry://镆铘"">镆铘</a>”并说，泛指宝剑。</def><def>　另见<pinyin>gànjiàng</pinyin>。</def>",名词。,名词,古代宝剑名，常跟“镆铘”并说，泛指宝剑。,古代宝剑名，常跟“镆铘”并说，泛指宝剑。,名词。古代宝剑名，常跟“镆铘”并说，泛指宝剑。,这把剑虽没有干将莫邪那一双古剑有名，却也是难得的武器。,52,1,0,,,,,1.0,
443,169,2,干将,gànjiàng,gànjiàng,"<entry id=""16764""><hwg><hw>干将</hw><pinyin>gànjiàng</pinyin></hwg><def><ps>名</ps>能干的或敢干的人：<ex>得力～｜一员～。</ex></def><def>　另见<pinyin>gānjiāng</pinyin>。</def>",名词。,名词,能干的或敢干的人。,能干的或敢干的人。,名词。能干的或敢干的人。,得力干将。,19,1,0,1.0,,,,,
444,170,1,库藏,kùcáng,kùcáng,"<entry id=""29842""><hwg><hw>库藏</hw><pinyin>kùcáng</pinyin></hwg><def><num>❶</num> <ps>动</ps>在库房里储藏：<ex>清点～物资｜～图书三十万册。</ex></def><def><num>❷</num> <ps>名</ps>库房里储藏的东西：<ex>清理～。</ex></def><def>　另见<pinyin>kùzàng</pinyin>。</def>",动词。,动词,在库房里储藏。,在库房里储藏。,动词。在库房里储藏。,清点库藏物资。,19,1,1,1.0,,,,,
445,170,2,库藏,kùcáng,kùcáng,"<entry id=""29842""><hwg><hw>库藏</hw><pinyin>kùcáng</pinyin></hwg><def><num>❶</num> <ps>动</ps>在库房里储藏：<ex>清点～物资｜～图书三十万册。</ex></def><def><num>❷</num> <ps>名</ps>库房里储藏的东西：<ex>清理～。</ex></def><def>　另见<pinyin>kùzàng</pinyin>。</def>",名词。,名词,库房里储藏的东西。,库房里储藏的东西。,名词。库房里储藏的东西。,清理库藏。,19,1,1,1.0,,,,,
446,170,3,库藏,kùzàng,kùzàng,"<entry id=""29851""><hwg><hw>库藏</hw><pinyin>kùzàng</pinyin></hwg><def>〈书〉<ps>名</ps>仓库。</def><def>　另见<pinyin>kùcáng</pinyin>。</def>",名词。,名词,〈书〉仓库。,〈书面语〉仓库。,名词。〈书面语〉仓库。,打开库藏。,18,1,0,1.0,,,,,
447,171,1,应变,yìngbiàn,yìngbiàn,"<entry id=""62289""><hwg><hw>应变<sup>1</sup></hw><pinyin>yìngbiàn</pinyin></hwg><def><ps>动</ps>应付突然发生的情况：<ex>随机～｜他的～能力很强。</ex></def>",动词。,动词,应付突然发生的情况。,应付突然发生的情况。,动词。应付突然发生的情况。,他的应变能力很强。,24,0,0,1.0,,,,,
448,171,2,应变,yìngbiàn,yìngbiàn,"<entry id=""62290""><hwg><hw>应变<sup>2</sup></hw><pinyin>yìngbiàn</pinyin></hwg><def><ps>名</ps>物体由于外因（受力、温度变化等）或内在缺陷，它的形状尺寸所发生的相对改变。</def>",名词。,名词,物体由于外因（受力、温度变化等）或内在缺陷，它的形状尺寸所发生的相对改变。,物体由于外因（受力、温度变化等）或内在缺陷，它的形状尺寸所发生的相对改变。,名词。物体由于外因（受力、温度变化等）或内在缺陷，它的形状尺寸所发生的相对改变。,他曾经运用了从单一区域的扭动形式来查明应变形迹的方法，阐明了英格兰的隐伏煤田。,81,0,0,,1.0,,,,
449,172,1,应声,yīng//shēng,yīngshēng,"<entry id=""62076""><hwg><hw>应声</hw><pinyin>yīng//shēng</pinyin></hwg><def>（～<small>儿</small>）〈口〉<ps>动</ps>出声回答：<ex>敲了一阵门，里边没有人～<small>儿</small>｜问了半天，你也该应一声。</ex></def><def>　另见<pinyin>yìngshēng</pinyin>。</def>",动词。,动词,（应声儿）〈口〉出声回答。,〈口语〉出声回答。,动词。〈口语〉出声回答。,敲了一阵门，里边没有人应声儿。,29,1,0,1.0,,,,,
450,172,2,应声,yìngshēng,yìngshēng,"<entry id=""62316""><hwg><hw>应声</hw><pinyin>yìngshēng</pinyin></hwg><def><ps>副</ps>随着声音：<ex>～而至｜一枪打去，匪首～倒下。</ex></def><def>　另见<pinyin>yīng</pinyin>//<pinyin>shēng</pinyin>。</def><ci><div class=""title"">词语</div><div class=""cont""><a href=""entry://应声虫"">应声虫</a></div></ci>",副词。,副词,随着声音。,随着声音。,副词。随着声音。,一枪打去，匪首应声倒下。,22,1,0,1.0,,,,,
451,173,1,座机,zuòjī,zuòjī,"<entry id=""69814""><hwg><hw>座机<sup>1</sup></hw><pinyin>zuòjī</pinyin></hwg><def><ps>名</ps>指专供某人乘坐的飞机。</def>",名词。,名词,指专供某人乘坐的飞机。,指专供某人乘坐的飞机。,名词。指专供某人乘坐的飞机。,这位总统乘坐座机访问其他国家。,31,0,0,,,,,1.0,
452,173,2,座机,zuòjī,zuòjī,"<entry id=""69815""><hwg><hw>座机<sup>2</sup></hw><pinyin>zuòjī</pinyin></hwg><def><ps>名</ps>固定电话（对“手机”而言）。</def>",名词。,名词,固定电话（对“手机”而言）。,固定电话（对“手机”而言）。,名词。固定电话（对“手机”而言）。,他给我们留的联系方式是一个座机号码。,37,0,0,,,,,1.0,
453,174,1,开化,kāihuà,kāihuà,"<entry id=""28644""><hwg><hw>开化<sup>1</sup></hw><pinyin>kāihuà</pinyin></hwg><def><num>❶</num> <ps>动</ps>由原始的状态进入文明的状态。</def><def><num>❷</num> <ps>形</ps>思想开通，不封建不守旧：<ex>脑筋不～。</ex></def>",动词。,动词,由原始的状态进入文明的状态。,由原始的状态进入文明的状态。,动词。由原始的状态进入文明的状态。,我国是四千年来的古国，开化最早，一切礼教文物，都超越乎泰西诸邦。,51,0,1,,1.0,,,,
454,174,2,开化,kāihuà,kāihuà,"<entry id=""28644""><hwg><hw>开化<sup>1</sup></hw><pinyin>kāihuà</pinyin></hwg><def><num>❶</num> <ps>动</ps>由原始的状态进入文明的状态。</def><def><num>❷</num> <ps>形</ps>思想开通，不封建不守旧：<ex>脑筋不～。</ex></def>",形容词。,形容词,思想开通，不封建不守旧。,思想开通，不封建不守旧。,形容词。思想开通，不封建不守旧。,脑筋不开化。,24,0,1,1.0,,,,,
455,174,3,开化,kāihuà,kāihuà,"<entry id=""28645""><hwg><hw>开化<sup>2</sup></hw><pinyin>kāihuà</pinyin></hwg><def><ps>动</ps>冰、雪开始融化。</def>",动词。,动词,冰、雪开始融化。,冰、雪开始融化。,动词。冰、雪开始融化。,立春以后，河里的冰冻慢慢地开化了。,30,0,0,,1.0,,,,
456,175,1,开口,kāikǒu,kāikǒu,"<entry id=""28674""><hwg><hw>开口<sup>1</sup></hw><pinyin>kāikǒu</pinyin></hwg><def><num>❶</num> （-//-）<ps>动</ps>张开嘴说话：<ex>没等我～，他就抢先替我说了。</ex></def><def><num>❷</num> （-//-）<ps>动</ps>挖开缺口；裂开口子：<ex>～放水｜～榛子。</ex></def><def><num>❸</num> <ps>名</ps>挖开或裂开的口子：<ex>衣领的～太大｜鞋子有个～。</ex></def>",动词。,动词,张开嘴说话。,张开嘴说话。,动词。张开嘴说话。,没等我开口，他就抢先替我说了。,26,0,1,1.0,,,,,
457,175,2,开口,kāikǒu,kāikǒu,"<entry id=""28674""><hwg><hw>开口<sup>1</sup></hw><pinyin>kāikǒu</pinyin></hwg><def><num>❶</num> （-//-）<ps>动</ps>张开嘴说话：<ex>没等我～，他就抢先替我说了。</ex></def><def><num>❷</num> （-//-）<ps>动</ps>挖开缺口；裂开口子：<ex>～放水｜～榛子。</ex></def><def><num>❸</num> <ps>名</ps>挖开或裂开的口子：<ex>衣领的～太大｜鞋子有个～。</ex></def>",动词。,动词,挖开缺口；裂开口子。,挖开缺口；裂开口子。,动词。挖开缺口；裂开口子。,开口放水。,20,0,1,1.0,,,,,
458,175,3,开口,kāikǒu,kāikǒu,"<entry id=""28674""><hwg><hw>开口<sup>1</sup></hw><pinyin>kāikǒu</pinyin></hwg><def><num>❶</num> （-//-）<ps>动</ps>张开嘴说话：<ex>没等我～，他就抢先替我说了。</ex></def><def><num>❷</num> （-//-）<ps>动</ps>挖开缺口；裂开口子：<ex>～放水｜～榛子。</ex></def><def><num>❸</num> <ps>名</ps>挖开或裂开的口子：<ex>衣领的～太大｜鞋子有个～。</ex></def>",名词。,名词,挖开或裂开的口子。,挖开或裂开的口子。,名词。挖开或裂开的口子。,衣领的开口太大。,22,0,1,1.0,,,,,
459,175,4,开口,kāi//kǒu,kāikǒu,"<entry id=""28675""><hwg><hw>开口<sup>2</sup></hw><pinyin>kāi//kǒu</pinyin></hwg><def><ps>动</ps>开刃<small>儿</small>。</def><ci><div class=""title"">词语</div><div class=""cont""><a href=""entry://开口饭"">开口饭</a><a href=""entry://开口呼"">开口呼</a><a href=""entry://开口子"">开口子</a></div></ci>",动词。,动词,开刃儿。,开刃儿。,动词。开刃儿。,这把刀还没有开口。,18,0,0,,1.0,,,,
460,176,1,开展,kāizhǎn,kāizhǎn,"<entry id=""28770""><hwg><hw>开展<sup>1</sup></hw><pinyin>kāizhǎn</pinyin></hwg><def><num>❶</num> <ps>动</ps>使从小向大发展；使展开：<ex>～批评与自我批评｜～科学技术交流活动。</ex></def><def><num>❷</num> <ps>动</ps>从小向大发展：<ex>植树造林活动已在全国～起来。</ex></def><def><num>❸</num> <ps>形</ps>开朗；开豁：<ex>思想～。</ex></def>",动词。,动词,使从小向大发展；使展开。,使从小向大发展；使展开。,动词。使从小向大发展；使展开。,开展批评与自我批评。,27,0,1,1.0,,,,,
461,176,2,开展,kāizhǎn,kāizhǎn,"<entry id=""28770""><hwg><hw>开展<sup>1</sup></hw><pinyin>kāizhǎn</pinyin></hwg><def><num>❶</num> <ps>动</ps>使从小向大发展；使展开：<ex>～批评与自我批评｜～科学技术交流活动。</ex></def><def><num>❷</num> <ps>动</ps>从小向大发展：<ex>植树造林活动已在全国～起来。</ex></def><def><num>❸</num> <ps>形</ps>开朗；开豁：<ex>思想～。</ex></def>",动词。,动词,从小向大发展。,从小向大发展。,动词。从小向大发展。,植树造林活动已在全国开展起来。,27,0,1,1.0,,,,,
462,176,3,开展,kāizhǎn,kāizhǎn,"<entry id=""28770""><hwg><hw>开展<sup>1</sup></hw><pinyin>kāizhǎn</pinyin></hwg><def><num>❶</num> <ps>动</ps>使从小向大发展；使展开：<ex>～批评与自我批评｜～科学技术交流活动。</ex></def><def><num>❷</num> <ps>动</ps>从小向大发展：<ex>植树造林活动已在全国～起来。</ex></def><def><num>❸</num> <ps>形</ps>开朗；开豁：<ex>思想～。</ex></def>",形容词。,形容词,开朗；开豁。,开朗；开豁。,形容词。开朗；开豁。,思想开展。,17,0,1,1.0,,,,,
463,176,4,开展,kāizhǎn,kāizhǎn,"<entry id=""28771""><hwg><hw>开展<sup>2</sup></hw><pinyin>kāizhǎn</pinyin></hwg><def><ps>动</ps>展览会开始展出：<ex>一年一度的春节花展明天～。</ex></def>",动词。,动词,展览会开始展出。,展览会开始展出。,动词。展览会开始展出。,一年一度的春节花展明天开展。,27,0,0,1.0,,,,,
464,177,1,开拍,kāipāi,kāipāi,"<entry id=""28701""><hwg><hw>开拍<sup>1</sup></hw><pinyin>kāipāi</pinyin></hwg><def><ps>动</ps>开始拍摄（影视片等）：<ex>这部影片由去年初～，直至今年底才停机。</ex></def>",动词。,动词,开始拍摄（影视片等）。,开始拍摄（影视片等）。,动词。开始拍摄（影视片等）。,这部影片由去年初开拍，直至今年底才停机。,36,0,0,1.0,,,,,
465,177,2,开拍,kāipāi,kāipāi,"<entry id=""28702""><hwg><hw>开拍<sup>2</sup></hw><pinyin>kāipāi</pinyin></hwg><def><ps>动</ps>（物品）开始拍卖。</def>",动词。,动词,（物品）开始拍卖。,（物品）开始拍卖。,动词。（物品）开始拍卖。,那件珍贵的古董花瓶在拍卖行准时开拍，吸引了众多收藏家的目光。,44,0,0,,,,,1.0,
466,177,3,开拍,kāipāi,kāipāi,"<entry id=""28703""><hwg><hw>开拍<sup>3</sup></hw><pinyin>kāipāi</pinyin></hwg><def><ps>动</ps>（网球、羽毛球、乒乓球等）开始比赛。</def>",动词。,动词,（网球、羽毛球、乒乓球等）开始比赛。,（网球、羽毛球、乒乓球等）开始比赛。,动词。（网球、羽毛球、乒乓球等）开始比赛。,随着裁判的哨声响起，这场精彩的乒乓球比赛正式开拍。,48,0,0,,,,,1.0,
467,178,1,开播,kāibō,kāibō,"<entry id=""28594""><hwg><hw>开播<sup>1</sup></hw><pinyin>kāibō</pinyin></hwg><def><ps>动</ps>开始播种。</def>",动词。,动词,开始播种。,开始播种。,动词。开始播种。,农民们已经准备好了种子和农具，准备在今天开播。,33,0,0,,,,,1.0,
468,178,2,开播,kāibō,kāibō,"<entry id=""28595""><hwg><hw>开播<sup>2</sup></hw><pinyin>kāibō</pinyin></hwg><def><ps>动</ps></def><def><num>❶</num> 广播电台、电视台正式播放节目：<ex>庆祝电视台～二十周年。</ex></def><def><num>❷</num> 某一节目开始播放：<ex>这部电视连续剧～后收到不少观众来信｜春节联欢晚会今晚八点～。</ex></def>",动词。,动词,广播电台、电视台正式播放节目。,广播电台、电视台正式播放节目。,动词。广播电台、电视台正式播放节目。,庆祝电视台开播二十周年。,32,0,1,1.0,,,,,
469,178,3,开播,kāibō,kāibō,"<entry id=""28595""><hwg><hw>开播<sup>2</sup></hw><pinyin>kāibō</pinyin></hwg><def><ps>动</ps></def><def><num>❶</num> 广播电台、电视台正式播放节目：<ex>庆祝电视台～二十周年。</ex></def><def><num>❷</num> 某一节目开始播放：<ex>这部电视连续剧～后收到不少观众来信｜春节联欢晚会今晚八点～。</ex></def>",动词。,动词,某一节目开始播放。,某一节目开始播放。,动词。某一节目开始播放。,春节联欢晚会今晚八点开播。,27,0,1,1.0,,,,,
470,179,1,开方,kāi//fāng,kāifāng,"<entry id=""28625""><hwg><hw>开方<sup>1</sup></hw><pinyin>kāi//fāng</pinyin></hwg><def>（～<small>儿</small>）<ps>动</ps>开药方。也说开方子。</def>",动词。,动词,（开方儿）开药方。也说开方子。,开药方。也说开方子。,动词。开药方。也说开方子。,因为开方的医生是最有名的，以此所用的药引也奇特。,39,0,0,,1.0,,,,
471,179,2,开方,kāi//fāng,kāifāng,"<entry id=""28626""><hwg><hw>开方<sup>2</sup></hw><pinyin>kāi//fāng</pinyin></hwg><def><ps>动</ps>求一个数的方根的运算，如81开4次方得±3。</def>",动词。,动词,求一个数的方根的运算，如81开4次方得±3。,求一个数的方根的运算，如81开4次方得±3。,动词。求一个数的方根的运算，如81开4次方得±3。,数学老师在黑板上为我们演示了如何进行开方运算。,50,0,0,,,,,1.0,
472,180,1,开河,kāi//hé,kāihé,"<entry id=""28639""><hwg><hw>开河<sup>1</sup></hw><pinyin>kāi//hé</pinyin></hwg><def><ps>动</ps>河流解冻。</def>",动词。,动词,河流解冻。,河流解冻。,动词。河流解冻。,即将开河时，禁止冰上通行。,23,0,0,,1.0,,,,
473,180,2,开河,kāi//hé,kāihé,"<entry id=""28640""><hwg><hw>开河<sup>2</sup></hw><pinyin>kāi//hé</pinyin></hwg><def><ps>动</ps>开辟河道。</def>",动词。,动词,开辟河道。,开辟河道。,动词。开辟河道。,什么时候动工开河。,19,0,0,,1.0,,,,
474,181,1,开通,kāitōng,kāitōng,"<entry id=""28738""><hwg><hw>开通</hw><pinyin>kāitōng</pinyin></hwg><def><ps>动</ps></def><def><num>❶</num> 使原来闭塞的（如思想、风气等）不闭塞：<ex>～风气｜～民智。</ex></def><def><num>❷</num> 交通、通信等线路开始使用：<ex>国内卫星通信网昨天～｜这条公路已经竣工并～使用。</ex></def>",动词。,动词,使原来闭塞的（如思想、风气等）不闭塞。,使原来闭塞的（如思想、风气等）不闭塞。,动词。使原来闭塞的（如思想、风气等）不闭塞。,开通风气。,29,1,1,1.0,,,,,
475,181,2,开通,kāitōng,kāitōng,"<entry id=""28738""><hwg><hw>开通</hw><pinyin>kāitōng</pinyin></hwg><def><ps>动</ps></def><def><num>❶</num> 使原来闭塞的（如思想、风气等）不闭塞：<ex>～风气｜～民智。</ex></def><def><num>❷</num> 交通、通信等线路开始使用：<ex>国内卫星通信网昨天～｜这条公路已经竣工并～使用。</ex></def>",动词。,动词,交通、通信等线路开始使用。,交通、通信等线路开始使用。,动词。交通、通信等线路开始使用。,国内卫星通信网昨天开通。,30,1,1,1.0,,,,,
476,181,3,开通,kāi·tong,kāitong,"<entry id=""28739""><hwg><hw>开通</hw><pinyin>kāi·tong</pinyin></hwg><def><num>❶</num> <ps>形</ps>（思想）不守旧；不拘谨固执：<ex>思想～｜老人经常参加社区活动，脑筋更～了。</ex></def><def><num>❷</num> <ps>动</ps>使开通：<ex>让他多到外面去看看，～～他的思想。</ex></def>",形容词。,形容词,（思想）不守旧；不拘谨固执。,（思想）不守旧；不拘谨固执。,形容词。（思想）不守旧；不拘谨固执。,老人经常参加社区活动，脑筋更开通了。,38,1,1,1.0,,,,,
477,181,4,开通,kāi·tong,kāitong,"<entry id=""28739""><hwg><hw>开通</hw><pinyin>kāi·tong</pinyin></hwg><def><num>❶</num> <ps>形</ps>（思想）不守旧；不拘谨固执：<ex>思想～｜老人经常参加社区活动，脑筋更～了。</ex></def><def><num>❷</num> <ps>动</ps>使开通：<ex>让他多到外面去看看，～～他的思想。</ex></def>",动词。,动词,使开通。,使开通。,动词。使开通。,让他多到外面去看看，开通开通他的思想。,28,1,1,1.0,,,,,
478,182,1,引水,yǐnshuǐ,yǐnshuǐ,"<entry id=""61928""><hwg><hw>引水<sup>1</sup></hw><pinyin>yǐnshuǐ</pinyin></hwg><def><ps>动</ps>把水从一处调到另一处：<ex>～上山｜～灌溉。</ex></def>",动词。,动词,把水从一处调到另一处。,把水从一处调到另一处。,动词。把水从一处调到另一处。,引水上山。,21,0,0,1.0,,,,,
479,182,2,引水,yǐnshuǐ,yǐnshuǐ,"<entry id=""61929""><hwg><hw>引水<sup>2</sup></hw><pinyin>yǐnshuǐ</pinyin></hwg><def><ps>动</ps>引航的旧称。</def>",动词。,动词,引航的旧称。,引航的旧称。,动词。引航的旧称。,经验丰富的引航员小心翼翼地引水着巨型油轮，避开暗礁与浅滩，安全地将其带入了繁忙的港口。,54,0,0,,,,,1.0,
480,183,1,引种,yǐnzhǒng,yǐnzhǒng,"<entry id=""61943""><hwg><hw>引种</hw><pinyin>yǐnzhǒng</pinyin></hwg><def><ps>动</ps>把别的地区的动植物优良品种引入本地区，选择适于本地区条件的加以繁殖推广。</def>",动词。,动词,把别的地区的动植物优良品种引入本地区，选择适于本地区条件的加以繁殖推广。,把别的地区的动植物优良品种引入本地区，选择适于本地区条件的加以繁殖推广。,动词。把别的地区的动植物优良品种引入本地区，选择适于本地区条件的加以繁殖推广。,考虑到当地的气候和土壤条件，专家们精心挑选了一批适合引种的作物。,73,1,0,,,,,1.0,
481,183,2,引种,yǐnzhòng,yǐnzhòng,"<entry id=""61944""><hwg><hw>引种</hw><pinyin>yǐnzhòng</pinyin></hwg><def><ps>动</ps>把外地的优良品种引入本地种植。</def>",动词。,动词,把外地的优良品种引入本地种植。,把外地的优良品种引入本地种植。,动词。把外地的优良品种引入本地种植。,农民们通过引种，成功改良了本地的种植结构，使得本地农业取得了显著的发展。,56,1,0,,,,,1.0,
482,184,1,引领,yǐnlǐng,yǐnlǐng,"<entry id=""61916""><hwg><hw>引领<sup>1</sup></hw><pinyin>yǐnlǐng</pinyin></hwg><def><ps>动</ps>引导；带领：<ex>由当地人～，穿过密林。</ex></def>",动词。,动词,引导；带领。,引导；带领。,动词。引导；带领。,由当地人引领，穿过密林。,23,0,0,1.0,,,,,
483,184,2,引领,yǐnlǐng,yǐnlǐng,"<entry id=""61917""><hwg><hw>引领<sup>2</sup></hw><pinyin>yǐnlǐng</pinyin></hwg><def>〈书〉<ps>动</ps>伸直脖子（远望），形容盼望殷切。</def>",动词。,动词,〈书〉伸直脖子（远望），形容盼望殷切。,〈书面语〉伸直脖子（远望），形容盼望殷切。,动词。〈书面语〉伸直脖子（远望），形容盼望殷切。,引领东向，遥望亲人。,36,0,0,,1.0,,,,
484,185,1,强项,qiángxiàng,qiángxiàng,"<entry id=""41260""><hwg><hw>强项<sup>1</sup></hw><pinyin>qiángxiàng</pinyin></hwg><def><ps>名</ps>实力强的项目（多指体育比赛项目）。</def>",名词。,名词,实力强的项目（多指体育比赛项目）。,实力强的项目（多指体育比赛项目）。,名词。实力强的项目（多指体育比赛项目）。,但中国没有参加拳击、跆拳道、保龄球、曲棍球和马术5项比赛，这5项就有40块金牌，其中有4项是南朝鲜的强项。,75,0,0,,1.0,,,,
485,185,2,强项,qiángxiàng,qiángxiàng,"<entry id=""41261""><hwg><hw>强项<sup>2</sup></hw><pinyin>qiángxiàng</pinyin></hwg><def>〈书〉<ps>形</ps>不肯低头，形容刚强正直不屈服（项：脖颈<small>儿</small>）。</def>",形容词。,形容词,〈书〉不肯低头，形容刚强正直不屈服（项：脖颈儿）。,〈书面语〉不肯低头，形容刚强正直不屈服（项：脖颈儿）。,形容词。〈书面语〉不肯低头，形容刚强正直不屈服（项：脖颈儿）。,将来回国，有什么交涉，就可以据理力争，虽然不中用，也落一个强项之名。,67,0,0,,1.0,,,,
486,186,1,当头,dāngtóu,dāngtóu,"<entry id=""10412""><hwg><hw>当头</hw><pinyin>dāngtóu</pinyin></hwg><def><num>❶</num> <ps>副</ps>正对着头；迎头：<ex>～一棒。</ex></def><def><num>❷</num> <ps>动</ps>（事情）到了眼前；临头：<ex>那时国难～，全国人民同仇敌忾，奋起抗战。</ex></def><def><num>❸</num> <ps>动</ps>放在首位：<ex>敢字～｜不能遇事钱～。</ex></def><def>　另见<pinyin>dàng·tou</pinyin>。</def><ci><div class=""title"">词语</div><div class=""cont""><a href=""entry://当头棒喝"">当头棒喝</a><a href=""entry://当头一棒"">当头一棒</a></div></ci>",副词。,副词,正对着头；迎头。,正对着头；迎头。,副词。正对着头；迎头。,当头一棒。,18,1,1,1.0,,,,,
487,186,2,当头,dāngtóu,dāngtóu,"<entry id=""10412""><hwg><hw>当头</hw><pinyin>dāngtóu</pinyin></hwg><def><num>❶</num> <ps>副</ps>正对着头；迎头：<ex>～一棒。</ex></def><def><num>❷</num> <ps>动</ps>（事情）到了眼前；临头：<ex>那时国难～，全国人民同仇敌忾，奋起抗战。</ex></def><def><num>❸</num> <ps>动</ps>放在首位：<ex>敢字～｜不能遇事钱～。</ex></def><def>　另见<pinyin>dàng·tou</pinyin>。</def><ci><div class=""title"">词语</div><div class=""cont""><a href=""entry://当头棒喝"">当头棒喝</a><a href=""entry://当头一棒"">当头一棒</a></div></ci>",动词。,动词,（事情）到了眼前；临头。,（事情）到了眼前；临头。,动词。（事情）到了眼前；临头。,那时国难当头，全国人民同仇敌忾，奋起抗战。,38,1,1,1.0,,,,,
488,186,3,当头,dāngtóu,dāngtóu,"<entry id=""10412""><hwg><hw>当头</hw><pinyin>dāngtóu</pinyin></hwg><def><num>❶</num> <ps>副</ps>正对着头；迎头：<ex>～一棒。</ex></def><def><num>❷</num> <ps>动</ps>（事情）到了眼前；临头：<ex>那时国难～，全国人民同仇敌忾，奋起抗战。</ex></def><def><num>❸</num> <ps>动</ps>放在首位：<ex>敢字～｜不能遇事钱～。</ex></def><def>　另见<pinyin>dàng·tou</pinyin>。</def><ci><div class=""title"">词语</div><div class=""cont""><a href=""entry://当头棒喝"">当头棒喝</a><a href=""entry://当头一棒"">当头一棒</a></div></ci>",动词。,动词,放在首位。,放在首位。,动词。放在首位。,敢字当头。,15,1,1,1.0,,,,,
489,186,4,当头,dàng·tou,dàngtou,"<entry id=""10495""><hwg><hw>当头</hw><pinyin>dàng·tou</pinyin></hwg><def>〈口〉<ps>名</ps>向当铺借钱时所用的抵押品。</def><def>　另见<pinyin>dāngtóu</pinyin>。</def>",名词。,名词,〈口〉向当铺借钱时所用的抵押品。,〈口语〉向当铺借钱时所用的抵押品。,名词。〈口语〉向当铺借钱时所用的抵押品。,第一次从常州出门求学，亏得你当了当头借给我川资。,46,1,0,,1.0,,,,
490,187,1,当年,dāngnián,dāngnián,"<entry id=""10402""><hwg><hw>当年</hw><pinyin>dāngnián</pinyin></hwg><def><num>❶</num> <ps>名</ps>时间词。指过去某一时间：<ex>～旧事｜～我离开家的时候，这里还没通火车。</ex></def><def><num>❷</num> <ps>动</ps>指处于身强力壮的时期：<ex>他正～，干活<small>儿</small>一点<small>儿</small>也不觉得累。</ex></def><def>　另见<pinyin>dàngnián</pinyin>。</def>",名词。,名词,时间词；指过去某一时间。,时间词；指过去某一时间。,名词。时间词；指过去某一时间。,当年我离开家的时候，这里还没通火车。,35,1,1,1.0,,,,,
491,187,2,当年,dāngnián,dāngnián,"<entry id=""10402""><hwg><hw>当年</hw><pinyin>dāngnián</pinyin></hwg><def><num>❶</num> <ps>名</ps>时间词。指过去某一时间：<ex>～旧事｜～我离开家的时候，这里还没通火车。</ex></def><def><num>❷</num> <ps>动</ps>指处于身强力壮的时期：<ex>他正～，干活<small>儿</small>一点<small>儿</small>也不觉得累。</ex></def><def>　另见<pinyin>dàngnián</pinyin>。</def>",动词。,动词,指处于身强力壮的时期。,指处于身强力壮的时期。,动词。指处于身强力壮的时期。,他正当年，干活儿一点儿也不觉得累。,33,1,1,1.0,,,,,
492,187,3,当年,dàngnián,dàngnián,"<entry id=""10489""><hwg><hw>当年</hw><pinyin>dàngnián</pinyin></hwg><def><ps>名</ps>时间词。本年；同一年：<ex>这个工厂～兴建，～投产。</ex></def><def>　另见<pinyin>dāngnián</pinyin>。</def>",名词；时间词。,名词,本年；同一年。,本年；同一年。,名词；时间词。本年；同一年。,这个工厂当年兴建，当年投产。,30,1,0,1.0,,,,,
493,188,1,当日,dāngrì,dāngrì,"<entry id=""10408""><hwg><hw>当日</hw><pinyin>dāngrì</pinyin></hwg><def><ps>名</ps>时间词。当（<pinyin>dāng</pinyin>）时：<ex>这位老艺术家年过古稀，仍不减～风采。</ex></def><def>　另见<pinyin>dàngrì</pinyin>。</def>",名词；时间词。,名词,当时。,当时。,名词；时间词。当时。,这位老艺术家年过古稀，仍不减当日风采。,31,1,0,1.0,,,,,
494,188,2,当日,dàngrì,dàngrì,"<entry id=""10492""><hwg><hw>当日</hw><pinyin>dàngrì</pinyin></hwg><def><ps>名</ps>时间词。当（<pinyin>dàng</pinyin>）天：<ex>～的事，～做完。</ex></def><def>　另见<pinyin>dāngrì</pinyin>。</def>",名词；时间词。,名词,当天。,当天。,名词；时间词。当天。,当日的事，当日做完。,22,1,0,1.0,,,,,
495,189,1,得了,dé·le,déle,"<entry id=""10825""><hwg><hw>得了</hw><pinyin>dé·le</pinyin></hwg><def><num>❶</num> <ps>动</ps>表示制止或同意：<ex>～，别再说了｜～，就按你说的办吧！</ex></def><def><num>❷</num> <ps>助</ps>用于陈述句，表示肯定，有加强语气的作用：<ex>你走～，不用挂念家里的事｜你要喜欢，就给你～。</ex></def><def>　另见<pinyin>déliǎo</pinyin>。</def>",动词。,动词,表示制止或同意。,表示制止或同意。,动词。表示制止或同意。,得了，别再说了。,21,1,1,1.0,,,,,
496,189,2,得了,dé·le,déle,"<entry id=""10825""><hwg><hw>得了</hw><pinyin>dé·le</pinyin></hwg><def><num>❶</num> <ps>动</ps>表示制止或同意：<ex>～，别再说了｜～，就按你说的办吧！</ex></def><def><num>❷</num> <ps>助</ps>用于陈述句，表示肯定，有加强语气的作用：<ex>你走～，不用挂念家里的事｜你要喜欢，就给你～。</ex></def><def>　另见<pinyin>déliǎo</pinyin>。</def>",助词。,助词,用于陈述句，表示肯定，有加强语气的作用。,用于陈述句，表示肯定，有加强语气的作用。,助词。用于陈述句，表示肯定，有加强语气的作用。,你要喜欢，就给你得了。,36,1,1,1.0,,,,,
497,189,3,得了,déliǎo,déliǎo,"<entry id=""10827""><hwg><hw>得了</hw><pinyin>déliǎo</pinyin></hwg><def><ps>形</ps>表示情况很严重（用于反问或否定式）：<ex>这还～吗？｜不～啦，出了事故啦！</ex></def><def>　另见<pinyin>dé·le</pinyin>。</def>",形容词。,形容词,表示情况很严重（用于反问或否定式）。,表示情况很严重（用于反问或否定式）。,形容词。表示情况很严重（用于反问或否定式）。,不得了啦，出了事故啦！,35,1,0,1.0,,,,,
498,190,1,忽闪,hūshǎn,hūshǎn,"<entry id=""21528""><hwg><hw>忽闪</hw><pinyin>hūshǎn</pinyin></hwg><def><num>❶</num> <ps>动</ps>形容闪光：<ex>闪光弹～一亮，又～一亮。</ex></def><def><num>❷</num> 〈方〉<ps>名</ps>闪电。</def>",动词。,动词,形容闪光。,形容闪光。,动词。形容闪光。,闪光弹忽闪一亮，又忽闪一亮。,24,1,0,1.0,,,,,
499,190,2,忽闪,hū·shan,hūshan,"<entry id=""21529""><hwg><hw>忽闪</hw><pinyin>hū·shan</pinyin></hwg><def><ps>动</ps>闪耀；闪动：<ex>小姑娘～着大眼睛看着妈妈。</ex></def>",动词。,动词,闪耀；闪动。,闪耀；闪动。,动词。闪耀；闪动。,小姑娘忽闪着大眼睛看着妈妈。,25,1,0,1.0,,,,,
500,191,1,急难,jí//nàn,jínàn,"<entry id=""24032""><hwg><hw>急难<sup>1</sup></hw><pinyin>jí//nàn</pinyin></hwg><def>〈书〉<ps>动</ps>热心地帮助别人摆脱患难：<ex>扶危～｜急群众之难。</ex></def>",动词。,动词,〈书〉热心地帮助别人摆脱患难。,〈书面语〉热心地帮助别人摆脱患难。,动词。〈书面语〉热心地帮助别人摆脱患难。,扶危急难。,27,0,0,1.0,,,,,
501,191,2,急难,jínàn,jínàn,"<entry id=""24033""><hwg><hw>急难<sup>2</sup></hw><pinyin>jínàn</pinyin></hwg><def><ps>名</ps>危急的事；危难：<ex>～之中见人心。</ex></def>",名词。,名词,危急的事；危难。,危急的事；危难。,名词。危急的事；危难。,急难之中见人心。,21,0,0,1.0,,,,,
502,192,1,息影,xīyǐng,xīyǐng,"<entry id=""55063""><hwg><hw>息影<sup>1</sup></hw><pinyin>xīyǐng</pinyin></hwg><def>〈书〉<ps>动</ps>指退隐闲居：<ex>～家园｜杜门～。</ex></def>",动词。,动词,〈书〉指退隐闲居。,〈书面语〉指退隐闲居。,动词。〈书面语〉指退隐闲居。,息影家园。,21,0,0,1.0,,,,,
503,192,2,息影,xīyǐng,xīyǐng,"<entry id=""55064""><hwg><hw>息影<sup>2</sup></hw><pinyin>xīyǐng</pinyin></hwg><def><ps>动</ps>指影视演员结束演艺生涯，不再拍戏。</def>",动词。,动词,指影视演员结束演艺生涯，不再拍戏。,指影视演员结束演艺生涯，不再拍戏。,动词。指影视演员结束演艺生涯，不再拍戏。,自从她结婚后，就宣布息影，专心于家庭生活。,43,0,0,,,,,1.0,
504,193,1,恰恰,qiàqià,qiàqià,"<entry id=""40774""><hwg><hw>恰恰<sup>1</sup></hw><pinyin>qiàqià</pinyin></hwg><def><ps>副</ps>刚好；正：<ex>～相反｜我跑到那里～十二点。</ex></def>",副词。,副词,刚好；正。,刚好；正。,副词。刚好；正。,恰恰相反。,15,0,0,1.0,,,,,
505,193,2,恰恰,qiàqià,qiàqià,"<entry id=""40775""><hwg><hw>恰恰<sup>2</sup></hw><pinyin>qiàqià</pinyin></hwg><def><ps>名</ps>拉丁舞的一种，源于墨西哥。4/4拍，舞曲节奏轻快，胯部摆动明显，舞姿诙谐风趣。［英cha-cha］</def>",名词。,名词,拉丁舞的一种，源于墨西哥。4/4拍，舞曲节奏轻快，胯部摆动明显，舞姿诙谐风趣。［英cha-cha］,拉丁舞的一种，源于墨西哥。4/4拍，舞曲节奏轻快，胯部摆动明显，舞姿诙谐风趣。［英cha-cha］,名词。拉丁舞的一种，源于墨西哥。4/4拍，舞曲节奏轻快，胯部摆动明显，舞姿诙谐风趣。［英cha-cha］,周末晚上，我和朋友们一起去学习恰恰舞，感觉既有趣又能锻炼身体。,85,0,0,,,,,1.0,
506,194,1,悉数,xīshǔ,xīshǔ,"<entry id=""55080""><hwg><hw>悉数</hw><pinyin>xīshǔ</pinyin></hwg><def>〈书〉<ps>动</ps>全部数出；完全列举：<ex>不可～。</ex></def>",动词。,动词,〈书〉全部数出；完全列举。,〈书面语〉全部数出；完全列举。,动词。〈书面语〉全部数出；完全列举。,不可悉数。,25,1,0,1.0,,,,,
507,194,2,悉数,xīshù,xīshù,"<entry id=""55081""><hwg><hw>悉数</hw><pinyin>xīshù</pinyin></hwg><def>〈书〉<ps>副</ps>全数；全部：<ex>～奉还｜～上缴。</ex></def>",副词。,副词,〈书〉全数；全部。,〈书面语〉全数；全部。,副词。〈书面语〉全数；全部。,悉数奉还。,21,1,0,1.0,,,,,
508,195,1,惊醒,jīngxǐng,jīngxǐng,"<entry id=""27187""><hwg><hw>惊醒</hw><pinyin>jīngxǐng</pinyin></hwg><def><ps>动</ps></def><def><num>❶</num> 受惊动而醒来：<ex>突然从梦中～◇在大家的批评帮助下，他才～过来。</ex></def><def><num>❷</num> 使惊醒：<ex>别～了孩子。</ex></def>",动词。,动词,受惊动而醒来。,受惊动而醒来。,动词。受惊动而醒来。,突然从梦中惊醒。,20,1,1,1.0,,,,,
509,195,2,惊醒,jīngxǐng,jīngxǐng,"<entry id=""27187""><hwg><hw>惊醒</hw><pinyin>jīngxǐng</pinyin></hwg><def><ps>动</ps></def><def><num>❶</num> 受惊动而醒来：<ex>突然从梦中～◇在大家的批评帮助下，他才～过来。</ex></def><def><num>❷</num> 使惊醒：<ex>别～了孩子。</ex></def>",动词。,动词,使惊醒。,使惊醒。,动词。使惊醒。,别惊醒了孩子。,16,1,1,1.0,,,,,
510,195,3,惊醒,jīng·xing,jīngxing,"<entry id=""27188""><hwg><hw>惊醒</hw><pinyin>jīng·xing</pinyin></hwg><def><ps>形</ps>睡眠时容易醒来：<ex>他睡觉很～，有点<small>儿</small>响动都知道。</ex></def>",形容词。,形容词,睡眠时容易醒来。,睡眠时容易醒来。,形容词。睡眠时容易醒来。,他睡觉很惊醒，有点儿响动都知道。,30,1,0,1.0,,,,,
511,196,1,成家,chéng//jiā,chéngjiā,"<entry id=""06544""><hwg><hw>成家<sup>1</sup></hw><pinyin>chéng//jiā</pinyin></hwg><def><ps>动</ps>结婚（旧时多指男子）：<ex>～立业｜姐姐出嫁了，哥哥也成了家。</ex></def>",动词。,动词,结婚（旧时多指男子）。,结婚（旧时多指男子）。,动词。结婚（旧时多指男子）。,成家立业。,21,0,0,1.0,,,,,
512,196,2,成家,chéng//jiā,chéngjiā,"<entry id=""06545""><hwg><hw>成家<sup>2</sup></hw><pinyin>chéng//jiā</pinyin></hwg><def><ps>动</ps>成为专家：<ex>成名～。</ex></def><ci><div class=""title"">词语</div><div class=""cont""><a href=""entry://成家立业"">成家立业</a></div></ci>",动词。,动词,成为专家。,成为专家。,动词。成为专家。,成名成家。,15,0,0,1.0,,,,,
513,197,1,成年,chéngnián,chéngnián,"<entry id=""06559""><hwg><hw>成年<sup>1</sup></hw><pinyin>chéngnián</pinyin></hwg><def><ps>动</ps>指人发育到已经成熟的年龄，也指高等动物或树木发育到已经长成的时期：<ex>～人｜～树｜孩子已经～。</ex></def>",动词。,动词,指人发育到已经成熟的年龄，也指高等动物或树木发育到已经长成的时期。,指人发育到已经成熟的年龄，也指高等动物或树木发育到已经长成的时期。,动词。指人发育到已经成熟的年龄，也指高等动物或树木发育到已经长成的时期。,孩子已经成年。,45,0,0,1.0,,,,,
514,197,2,成年,chéngnián,chéngnián,"<entry id=""06560""><hwg><hw>成年<sup>2</sup></hw><pinyin>chéngnián</pinyin></hwg><def>〈口〉<ps>副</ps>整年：<ex>～累月｜～在外奔忙。</ex></def><ci><div class=""title"">词语</div><div class=""cont""><a href=""entry://成年累月"">成年累月</a></div></ci>",副词。,副词,〈口〉整年。,〈口语〉整年。,副词。〈口语〉整年。,成年在外奔忙。,19,0,0,1.0,,,,,
515,198,1,成数,chéngshù,chéngshù,"<entry id=""06583""><hwg><hw>成数<sup>1</sup></hw><pinyin>chéngshù</pinyin></hwg><def><ps>名</ps>不带零头的整数，如五十、二百、三千等。</def>",名词。,名词,不带零头的整数，如五十、二百、三千等。,不带零头的整数，如五十、二百、三千等。,名词。不带零头的整数，如五十、二百、三千等。,我们已写了知单去知会各同窗的朋友，多少大家集个成数出来。,52,0,0,,,1.0,,,
516,198,2,成数,chéngshù,chéngshù,"<entry id=""06584""><hwg><hw>成数<sup>2</sup></hw><pinyin>chéngshù</pinyin></hwg><def><ps>名</ps>一数为另一数的几成，泛指比率：<ex>应在生产组内找标准劳动力，互相比较，评～。</ex></def>",名词。,名词,一数为另一数的几成，泛指比率。,一数为另一数的几成，泛指比率。,名词。一数为另一数的几成，泛指比率。,应在生产组内找标准劳动力，互相比较，评成数。,42,0,0,1.0,,,,,
517,199,1,成服,chéngfú,chéngfú,"<entry id=""06534""><hwg><hw>成服<sup>1</sup></hw><pinyin>chéngfú</pinyin></hwg><def><ps>动</ps>旧俗丧礼中死者的亲属穿上丧服叫作成服：<ex>遵礼～。</ex></def>",动词。,动词,旧俗丧礼中死者的亲属穿上丧服叫作成服。,旧俗丧礼中死者的亲属穿上丧服叫作成服。,动词。旧俗丧礼中死者的亲属穿上丧服叫作成服。,遵礼成服。,29,0,0,1.0,,,,,
518,199,2,成服,chéngfú,chéngfú,"<entry id=""06535""><hwg><hw>成服<sup>2</sup></hw><pinyin>chéngfú</pinyin></hwg><def><ps>名</ps>制成后出售的服装：<ex>该厂年生产～12万件。</ex></def>",名词。,名词,制成后出售的服装。,制成后出售的服装。,名词。制成后出售的服装。,该厂年生产成服万件。,24,0,0,1.0,,,,,
519,200,1,扑打,pūdǎ,pūdǎ,"<entry id=""39934""><hwg><hw>扑打</hw><pinyin>pūdǎ</pinyin></hwg><def><ps>动</ps>用扁平的东西猛然朝下打：<ex>～蝗虫。</ex></def>",动词。,动词,用扁平的东西猛然朝下打。,用扁平的东西猛然朝下打。,动词。用扁平的东西猛然朝下打。,扑打蝗虫。,22,1,0,1.0,,,,,
520,200,2,扑打,pū·da,pūda,"<entry id=""39935""><hwg><hw>扑打</hw><pinyin>pū·da</pinyin></hwg><def><ps>动</ps>轻轻地拍：<ex>～身上的雪花。</ex></def>",动词。,动词,轻轻地拍。,轻轻地拍。,动词。轻轻地拍。,扑打身上的雪花。,18,1,0,1.0,,,,,
521,201,1,扑棱,pūlēng,pūlēng,"<entry id=""39941""><hwg><hw>扑棱</hw><pinyin>pūlēng</pinyin></hwg><def><ps>拟声</ps>形容翅膀抖动的声音：<ex>～一声，飞起一只小鸟。</ex></def>",拟声词。,拟声词,形容翅膀抖动的声音。,形容翅膀抖动的声音。,拟声词。形容翅膀抖动的声音。,扑棱一声，飞起一只小鸟。,28,1,0,1.0,,,,,
522,201,2,扑棱,pū·leng,pūleng,"<entry id=""39942""><hwg><hw>扑棱</hw><pinyin>pū·leng</pinyin></hwg><def><ps>动</ps>抖动或张开：<ex>鸽子翅膀一～，飞走了｜穗子～开像一把小伞。</ex></def>",动词。,动词,抖动或张开。,抖动或张开。,动词。抖动或张开。,鸽子翅膀一扑棱，飞走了。,23,1,0,1.0,,,,,
523,202,1,扑腾,pūtēng,pūtēng,"<entry id=""39951""><hwg><hw>扑腾</hw><pinyin>pūtēng</pinyin></hwg><def><ps>拟声</ps>形容重物落地的声音：<ex>小王～一声，从墙上跳下来。</ex></def>",拟声词。,拟声词,形容重物落地的声音。,形容重物落地的声音。,拟声词。形容重物落地的声音。,小王扑腾一声，从墙上跳下来。,30,1,0,1.0,,,,,
524,202,2,扑腾,pū·teng,pūteng,"<entry id=""39952""><hwg><hw>扑腾</hw><pinyin>pū·teng</pinyin></hwg><def><ps>动</ps></def><def><num>❶</num> 游泳时用脚打水。也说打扑腾。</def><def><num>❷</num> 跳动：<ex>他吓得心里直～｜鱼卡在冰窟窿口直～。</ex></def><def><num>❸</num> 〈方〉活动⑥：<ex>这个人路子广，挺能～。</ex></def><def><num>❹</num> 挥霍；浪费：<ex>钱全～完了。</ex></def>",动词。,动词,游泳时用脚打水。也说打扑腾。,游泳时用脚打水。也说打扑腾。,动词。游泳时用脚打水。也说打扑腾。,他在游泳池里欢快地扑腾着，享受游泳的乐趣，溅起一片片水花。,48,1,1,,,,,1.0,
525,202,3,扑腾,pū·teng,pūteng,"<entry id=""39952""><hwg><hw>扑腾</hw><pinyin>pū·teng</pinyin></hwg><def><ps>动</ps></def><def><num>❶</num> 游泳时用脚打水。也说打扑腾。</def><def><num>❷</num> 跳动：<ex>他吓得心里直～｜鱼卡在冰窟窿口直～。</ex></def><def><num>❸</num> 〈方〉活动⑥：<ex>这个人路子广，挺能～。</ex></def><def><num>❹</num> 挥霍；浪费：<ex>钱全～完了。</ex></def>",动词。,动词,跳动。,跳动。,动词。跳动。,他吓得心里直扑腾。,17,1,1,1.0,,,,,
526,202,4,扑腾,pū·teng,pūteng,"<entry id=""39952""><hwg><hw>扑腾</hw><pinyin>pū·teng</pinyin></hwg><def><ps>动</ps></def><def><num>❶</num> 游泳时用脚打水。也说打扑腾。</def><def><num>❷</num> 跳动：<ex>他吓得心里直～｜鱼卡在冰窟窿口直～。</ex></def><def><num>❸</num> 〈方〉活动⑥：<ex>这个人路子广，挺能～。</ex></def><def><num>❹</num> 挥霍；浪费：<ex>钱全～完了。</ex></def>",动词。,动词,挥霍；浪费。,挥霍；浪费。,动词。挥霍；浪费。,钱全扑腾完了。,18,1,1,1.0,,,,,
527,203,1,打头,dǎ//tóu,dǎtóu,"<entry id=""09469""><hwg><hw>打头<sup>1</sup></hw><pinyin>dǎ//tóu</pinyin></hwg><def>（～<small>儿</small>）<ps>动</ps>抽头。</def>",动词。,动词,（打头儿）抽头。,抽头。,动词。抽头。,他利用自己在职务上的便利，私下里打头获利，严重损害了公司的利益和声誉。,43,0,0,,,,,1.0,
528,203,2,打头,dǎ//tóu,dǎtóu,"<entry id=""09470""><hwg><hw>打头<sup>2</sup></hw><pinyin>dǎ//tóu</pinyin></hwg><def>（～<small>儿</small>）<ps>动</ps>带头；领先：<ex>谁先打个头｜～<small>儿</small>的都是小伙子。</ex></def>",动词。,动词,（打头儿）带头；领先。,带头；领先。,动词。带头；领先。,打头儿的都是小伙子。,21,0,0,1.0,,,,,
529,204,1,打尖,dǎ//jiān,dǎjiān,"<entry id=""09392""><hwg><hw>打尖<sup>1</sup></hw><pinyin>dǎ//jiān</pinyin></hwg><def><ps>动</ps>旅途中休息下来吃点<small>儿</small>东西：<ex>打过尖后再赶路。</ex></def>",动词。,动词,旅途中休息下来吃点儿东西。,旅途中休息下来吃点儿东西。,动词。旅途中休息下来吃点儿东西。,累了，来歇脚；饿了，来打尖。,31,0,0,,1.0,,,,
530,204,2,打尖,dǎ//jiān,dǎjiān,"<entry id=""09393""><hwg><hw>打尖<sup>2</sup></hw><pinyin>dǎ//jiān</pinyin></hwg><def>（～<small>儿</small>）<ps>动</ps>掐去棉花、番茄等植株的顶尖<small>儿</small>。</def>",动词。,动词,（打尖儿）掐去棉花、番茄等植株的顶尖儿。,掐去棉花、番茄等植株的顶尖儿。,动词。掐去棉花、番茄等植株的顶尖儿。,我自从放假后就一直在家给棉花打尖。,37,0,0,,,,,1.0,
531,205,1,打枪,dǎ//qiāng,dǎqiāng,"<entry id=""09439""><hwg><hw>打枪<sup>1</sup></hw><pinyin>dǎ//qiāng</pinyin></hwg><def><ps>动</ps>发射枪弹。</def>",动词。,动词,发射枪弹。,发射枪弹。,动词。发射枪弹。,军训期间，我们学习了如何正确地打枪，感受到了射击的乐趣。,38,0,0,,,,,1.0,
532,205,2,打枪,dǎqiāng,dǎqiāng,"<entry id=""09440""><hwg><hw>打枪<sup>2</sup></hw><pinyin>dǎqiāng</pinyin></hwg><def><ps>动</ps>枪替。</def>",动词。,动词,枪替。,枪替。,动词。枪替。,他因为打枪被学校发现了，结果受到了严重的纪律处分。,33,0,0,,,,,1.0,
533,206,1,打眼,dǎ//yǎn,dǎyǎn,"<entry id=""09491""><hwg><hw>打眼<sup>1</sup></hw><pinyin>dǎ//yǎn</pinyin></hwg><def>（～<small>儿</small>）<ps>动</ps>钻孔：<ex>往墙上打个眼<small>儿</small>｜～放炮。</ex></def>",动词。,动词,（打眼儿）钻孔。,钻孔。,动词。钻孔。,工人拿来一个电钻准备给墙打眼。,23,0,0,,,,,1.0,
534,206,2,打眼,dǎ//yǎn,dǎyǎn,"<entry id=""09492""><hwg><hw>打眼<sup>2</sup></hw><pinyin>dǎ//yǎn</pinyin></hwg><def><ps>动</ps>买东西没看出毛病，上了当：<ex>他没有经验，这件古董买～了。</ex></def>",动词。,动词,买东西没看出毛病，上了当。,买东西没看出毛病，上了当。,动词。买东西没看出毛病，上了当。,他没有经验，这件古董买打眼了。,33,0,0,1.0,,,,,
535,207,1,打食,dǎ//shí,dǎshí,"<entry id=""09452""><hwg><hw>打食<sup>1</sup></hw><pinyin>dǎ//shí</pinyin></hwg><def>（～<small>儿</small>）<ps>动</ps>（鸟兽）到窝外寻找食物。</def>",动词。,动词,（打食儿）（鸟兽）到窝外寻找食物。,（鸟兽）到窝外寻找食物。,动词。（鸟兽）到窝外寻找食物。,那儿的孔雀多得出奇，有的干脆养在人家里，跟鸡一样。天天黄昏，孔雀出来打食。,54,0,0,,1.0,,,,
536,207,2,打食,dǎ//shí,dǎshí,"<entry id=""09453""><hwg><hw>打食<sup>2</sup></hw><pinyin>dǎ//shí</pinyin></hwg><def><ps>动</ps>用药物帮助消化或使肠胃里停滞的东西排出体外。</def>",动词。,动词,用药物帮助消化或使肠胃里停滞的东西排出体外。,用药物帮助消化或使肠胃里停滞的东西排出体外。,动词。用药物帮助消化或使肠胃里停滞的东西排出体外。,小明最近感觉胃部不适，医生建议他服用一些消食片来打食。,54,0,0,,,,,1.0,
537,208,1,托福,tuō//fú,tuōfú,"<entry id=""52473""><hwg><hw>托福<sup>1</sup></hw><pinyin>tuō//fú</pinyin></hwg><def><ps>动</ps>客套话，意思是依赖别人的福气，使自己幸运（多用于回答别人的问候）：<ex>托您的福，家里人都挺好。</ex></def>",动词。,动词,客套话，意思是依赖别人的福气，使自己幸运（多用于回答别人的问候）。,客套话，意思是依赖别人的福气，使自己幸运（多用于回答别人的问候）。,动词。客套话，意思是依赖别人的福气，使自己幸运（多用于回答别人的问候）。,我们托福，一切如常。,48,0,0,,1.0,,,,
538,208,2,托福,tuōfú,tuōfú,"<entry id=""52474""><hwg><hw>托福<sup>2</sup></hw><pinyin>tuōfú</pinyin></hwg><def><ps>名</ps>美国“对非英语国家留学生的英语考试”（Test of English as a Foreign Language）英文缩写（TOEFL）的音译。</def>",名词。,名词,美国“对非英语国家留学生的英语考试”（Test of English as a Foreign Language）英文缩写（TOEFL）的音译。,美国“对非英语国家留学生的英语考试”（Test of English as a Foreign Language）英文缩写（TOEFL）的音译。,名词。美国“对非英语国家留学生的英语考试”（Test of English as a Foreign Language）英文缩写（TOEFL）的音译。,自费报考“托福”者，蜂拥而来。,92,0,0,,1.0,,,,
539,209,1,扶桑,fúsāng,fúsāng,"<entry id=""15696""><hwg><hw>扶桑<sup>1</sup></hw><pinyin>fúsāng</pinyin></hwg><def><ps>名</ps></def><def><num>❶</num> 神话中海外的大树，据说太阳从这里出来。</def><def><num>❷</num> （<pinyin>Fúsāng</pinyin>）传说中东方海中的古国名，旧时指日本。</def><def>‖也作榑桑。</def>",名词。,名词,神话中海外的大树，据说太阳从这里出来。,神话中海外的大树，据说太阳从这里出来。,名词。神话中海外的大树，据说太阳从这里出来。,这棵神话中的扶桑树，不仅是日出的象征，也寄托了古人对自然力量的敬畏与向往。,61,0,1,,,,,1.0,
540,209,2,扶桑,fúsāng,fúsāng,"<entry id=""15696""><hwg><hw>扶桑<sup>1</sup></hw><pinyin>fúsāng</pinyin></hwg><def><ps>名</ps></def><def><num>❶</num> 神话中海外的大树，据说太阳从这里出来。</def><def><num>❷</num> （<pinyin>Fúsāng</pinyin>）传说中东方海中的古国名，旧时指日本。</def><def>‖也作榑桑。</def>",名词。,名词,传说中东方海中的古国名，旧时指日本。也作榑桑。,传说中东方海中的古国名，旧时指日本。也作榑桑。,名词。传说中东方海中的古国名，旧时指日本。也作榑桑。,扶桑常被用来形容日本国土的美丽与神秘，如同神话中那棵照耀四方的神树一般，充满了无尽的想象与向往。,76,0,1,,,,,1.0,
541,209,3,扶桑,fúsāng,fúsāng,"<entry id=""15697""><hwg><hw>扶桑<sup>2</sup></hw><pinyin>fúsāng</pinyin></hwg><def><ps>名</ps>朱槿。</def>",名词。,名词,朱槿。,朱槿。,名词。朱槿。,园丁培育了一片扶桑作为花园的观赏花木。,27,0,0,,,,,1.0,
542,210,1,批号,pīhào,pīhào,"<entry id=""38920""><hwg><hw>批号<sup>1</sup></hw><pinyin>pīhào</pinyin></hwg><def><ps>名</ps>成批生产的产品的编号：<ex>生产～｜这些药品没有～、生产日期和产地。</ex></def>",名词。,名词,成批生产的产品的编号。,成批生产的产品的编号。,名词。成批生产的产品的编号。,这些药品没有批号、生产日期和产地。,33,0,0,1.0,,,,,
543,210,2,批号,pīhào,pīhào,"<entry id=""38921""><hwg><hw>批号<sup>2</sup></hw><pinyin>pīhào</pinyin></hwg><def><ps>名</ps>主管部门的批准文号：<ex>禁止使用过期～进行生产。</ex></def>",名词。,名词,主管部门的批准文号。,主管部门的批准文号。,名词。主管部门的批准文号。,禁止使用过期批号进行生产。,28,0,0,1.0,,,,,
544,211,1,把子,bǎ·zi,bǎzi,"<entry id=""00728""><hwg><hw>把子<sup>1</sup></hw><pinyin>bǎ·zi</pinyin></hwg><def><num>❶</num> <ps>名</ps>把东西扎在一起的捆子：<ex>秫秸～。</ex></def><def><num>❷</num> <ps>量</ps></def><def>a）人一群、一帮叫一把子（多含贬义）：<ex>一～土匪。</ex></def><def>b）一手抓起的数量，多用于长条形东西：<ex>一～韭菜。</ex></def><def>c）用于某些抽象的事物：<ex>加～劲<small>儿</small>。</ex></def>",名词。,名词,把东西扎在一起的捆子。,把东西扎在一起的捆子。,名词。把东西扎在一起的捆子。,秫秸把子。,21,1,1,1.0,,,,,
545,211,2,把子,bǎ·zi,bǎzi,"<entry id=""00728""><hwg><hw>把子<sup>1</sup></hw><pinyin>bǎ·zi</pinyin></hwg><def><num>❶</num> <ps>名</ps>把东西扎在一起的捆子：<ex>秫秸～。</ex></def><def><num>❷</num> <ps>量</ps></def><def>a）人一群、一帮叫一把子（多含贬义）：<ex>一～土匪。</ex></def><def>b）一手抓起的数量，多用于长条形东西：<ex>一～韭菜。</ex></def><def>c）用于某些抽象的事物：<ex>加～劲<small>儿</small>。</ex></def>",量词。,量词,人一群、一帮叫一把子（多含贬义）。,人一群、一帮叫一把子（多含贬义）。,量词。人一群、一帮叫一把子（多含贬义）。,一把子土匪。,28,1,1,1.0,,,,,
546,211,3,把子,bǎ·zi,bǎzi,"<entry id=""00728""><hwg><hw>把子<sup>1</sup></hw><pinyin>bǎ·zi</pinyin></hwg><def><num>❶</num> <ps>名</ps>把东西扎在一起的捆子：<ex>秫秸～。</ex></def><def><num>❷</num> <ps>量</ps></def><def>a）人一群、一帮叫一把子（多含贬义）：<ex>一～土匪。</ex></def><def>b）一手抓起的数量，多用于长条形东西：<ex>一～韭菜。</ex></def><def>c）用于某些抽象的事物：<ex>加～劲<small>儿</small>。</ex></def>",量词。,量词,一手抓起的数量，多用于长条形东西。,一手抓起的数量，多用于长条形东西。,量词。一手抓起的数量，多用于长条形东西。,一把子韭菜。,28,1,1,1.0,,,,,
547,211,4,把子,bǎ·zi,bǎzi,"<entry id=""00728""><hwg><hw>把子<sup>1</sup></hw><pinyin>bǎ·zi</pinyin></hwg><def><num>❶</num> <ps>名</ps>把东西扎在一起的捆子：<ex>秫秸～。</ex></def><def><num>❷</num> <ps>量</ps></def><def>a）人一群、一帮叫一把子（多含贬义）：<ex>一～土匪。</ex></def><def>b）一手抓起的数量，多用于长条形东西：<ex>一～韭菜。</ex></def><def>c）用于某些抽象的事物：<ex>加～劲<small>儿</small>。</ex></def>",量词。,量词,用于某些抽象的事物。,用于某些抽象的事物。,量词。用于某些抽象的事物。,加把子劲儿。,21,1,1,1.0,,,,,
548,211,5,把子,bǎ·zi,bǎzi,"<entry id=""00729""><hwg><hw>把子<sup>2</sup></hw><pinyin>bǎ·zi</pinyin></hwg><def><ps>名</ps>戏曲中所使用的武器的总称，也指开打的动作：<ex>练～｜单刀～。</ex></def>",名词。,名词,戏曲中所使用的武器的总称，也指开打的动作。,戏曲中所使用的武器的总称，也指开打的动作。,名词。戏曲中所使用的武器的总称，也指开打的动作。,练把子。,30,1,0,1.0,,,,,
549,211,6,把子,bǎ·zi,bǎzi,"<entry id=""00730""><hwg><hw>把子<sup>3</sup></hw><pinyin>bǎ·zi</pinyin></hwg><def><ps>名</ps>见〖<a href=""entry://拜把子"">拜把子</a>〗。</def><def>　另见<pinyin>bà·zi</pinyin>。</def>",名词。,名词,朋友结为兄弟姐妹。,朋友结为兄弟姐妹。,名词。朋友结为兄弟姐妹。,他们几个在江湖上拜了把子，从此相互照应。,34,1,0,,,,,1.0,
550,211,7,把子,bà·zi,bàzi,"<entry id=""00750""><hwg><hw>把子</hw><pinyin>bà·zi</pinyin></hwg><def><ps>名</ps>把（<pinyin>bà</pinyin>）①。</def><def>　另见<pinyin>bǎ·zi</pinyin>。</def>",名词。,名词,把，器具上便于用手拿的部分。,把，器具上便于用手拿的部分。,名词。把，器具上便于用手拿的部分。,他刚才一不小心，把茶壶打碎，就剩一个把子了。,41,1,0,,,,,1.0,
551,212,1,投注,tóuzhù,tóuzhù,"<entry id=""51962""><hwg><hw>投注<sup>1</sup></hw><pinyin>tóuzhù</pinyin></hwg><def><ps>动</ps></def><def><num>❶</num> （精神、力量等）集中；倾注：<ex>把全副精力～到扶贫工程中｜大家的目光都～在厂长身上。</ex></def><def><num>❷</num> 投放注入（资金等）。</def>",动词。,动词,（精神、力量等）集中；倾注。,（精神、力量等）集中；倾注。,动词。（精神、力量等）集中；倾注。,把全副精力投注到扶贫工程中。,33,0,1,1.0,,,,,
552,212,2,投注,tóuzhù,tóuzhù,"<entry id=""51962""><hwg><hw>投注<sup>1</sup></hw><pinyin>tóuzhù</pinyin></hwg><def><ps>动</ps></def><def><num>❶</num> （精神、力量等）集中；倾注：<ex>把全副精力～到扶贫工程中｜大家的目光都～在厂长身上。</ex></def><def><num>❷</num> 投放注入（资金等）。</def>",动词。,动词,投放注入（资金等）。,投放注入（资金等）。,动词。投放注入（资金等）。,第一次见面，林珊便痴情投注真爱。,31,0,1,,1.0,,,,
553,212,3,投注,tóu//zhù,tóuzhù,"<entry id=""51963""><hwg><hw>投注<sup>2</sup></hw><pinyin>tóu//zhù</pinyin></hwg><def><ps>动</ps>（在博彩活动中）投进去财物：<ex>彩票～站。</ex></def>",动词。,动词,（在博彩活动中）投进去财物。,（在博彩活动中）投进去财物。,动词。（在博彩活动中）投进去财物。,彩票投注站。,25,0,0,1.0,,,,,
554,213,1,抢拍,qiǎngpāi,qiǎngpāi,"<entry id=""41311""><hwg><hw>抢拍<sup>1</sup></hw><pinyin>qiǎngpāi</pinyin></hwg><def><ps>动</ps>拍摄变动状态的人或景物时，抓住时机及时拍摄：<ex>在战地采访时，他～了不少惊险的镜头。</ex></def>",动词。,动词,拍摄变动状态的人或景物时，抓住时机及时拍摄。,拍摄变动状态的人或景物时，抓住时机及时拍摄。,动词。拍摄变动状态的人或景物时，抓住时机及时拍摄。,在战地采访时，他抢拍了不少惊险的镜头。,46,0,0,1.0,,,,,
555,213,2,抢拍,qiǎngpāi,qiǎngpāi,"<entry id=""41312""><hwg><hw>抢拍<sup>2</sup></hw><pinyin>qiǎngpāi</pinyin></hwg><def><ps>动</ps>抢着买下拍品。</def>",动词。,动词,抢着买下拍品。,抢着买下拍品。,动词。抢着买下拍品。,那套位置优越、装修精美的二手房刚上架就被多位买家盯上，买家们进入了紧张的抢拍环节。,53,0,0,,,,,1.0,
556,214,1,抢点,qiǎngdiǎn,qiǎngdiǎn,"<entry id=""41296""><hwg><hw>抢点<sup>1</sup></hw><pinyin>qiǎngdiǎn</pinyin></hwg><def><ps>动</ps>晚点的车、船、飞机，为赶正点而加快行驶速度：<ex>列车正～运行。</ex></def>",动词。,动词,晚点的车、船、飞机，为赶正点而加快行驶速度。,晚点的车、船、飞机，为赶正点而加快行驶速度。,动词。晚点的车、船、飞机，为赶正点而加快行驶速度。,列车正抢点运行。,35,0,0,1.0,,,,,
557,214,2,抢点,qiǎngdiǎn,qiǎngdiǎn,"<entry id=""41297""><hwg><hw>抢点<sup>2</sup></hw><pinyin>qiǎngdiǎn</pinyin></hwg><def><ps>动</ps></def><def><num>❶</num> 足球等比赛时球员抢占有利于射门的位置：<ex>6号队员～射门。</ex></def><def><num>❷</num> 泛指抢先占据有利的位置：<ex>保险公司～寿险市场。</ex></def>",动词。,动词,足球等比赛时球员抢占有利于射门的位置。,足球等比赛时球员抢占有利于射门的位置。,动词。足球等比赛时球员抢占有利于射门的位置。,6号队员抢点射门。,33,0,1,1.0,,,,,
558,214,3,抢点,qiǎngdiǎn,qiǎngdiǎn,"<entry id=""41297""><hwg><hw>抢点<sup>2</sup></hw><pinyin>qiǎngdiǎn</pinyin></hwg><def><ps>动</ps></def><def><num>❶</num> 足球等比赛时球员抢占有利于射门的位置：<ex>6号队员～射门。</ex></def><def><num>❷</num> 泛指抢先占据有利的位置：<ex>保险公司～寿险市场。</ex></def>",动词。,动词,泛指抢先占据有利的位置。,泛指抢先占据有利的位置。,动词。泛指抢先占据有利的位置。,保险公司抢点寿险市场。,28,0,1,1.0,,,,,
559,215,1,抬杠,tái//gàng,táigàng,"<entry id=""49670""><hwg><hw>抬杠<sup>1</sup></hw><pinyin>tái//gàng</pinyin></hwg><def>〈口〉<ps>动</ps>争辩（多指无谓的）：<ex>～拌嘴。</ex></def>",动词。,动词,〈口〉争辩（多指无谓的）。,〈口语〉争辩（多指无谓的）。,动词。〈口语〉争辩（多指无谓的）。,抬杠拌嘴。,24,0,0,1.0,,,,,
560,215,2,抬杠,tái//gàng,táigàng,"<entry id=""49671""><hwg><hw>抬杠<sup>2</sup></hw><pinyin>tái//gàng</pinyin></hwg><def><ps>动</ps>指用杠子抬运灵柩。</def>",动词。,动词,指用杠子抬运灵柩。,指用杠子抬运灵柩。,动词。指用杠子抬运灵柩。,那四个长工里头，有一个原是抬杠的团头出身，只因有一膀好力气，认识邓九公，便投在他庄上。,57,0,0,,,1.0,,,
561,216,1,抽打,chōudǎ,chōudǎ,"<entry id=""07328""><hwg><hw>抽打</hw><pinyin>chōudǎ</pinyin></hwg><def><ps>动</ps>（用条状物）打：<ex>赶车人挥着鞭子，不时地～着牲口。</ex></def>",动词。,动词,（用条状物）打。,（用条状物）打。,动词。（用条状物）打。,赶车人挥着鞭子，不时地抽打着牲口。,30,1,0,1.0,,,,,
562,216,2,抽打,chōu·da,chōuda,"<entry id=""07329""><hwg><hw>抽打</hw><pinyin>chōu·da</pinyin></hwg><def><ps>动</ps>用掸子、毛巾等在衣物上打，以除掉灰尘：<ex>大衣上满是土，得～～。</ex></def>",动词。,动词,用掸子、毛巾等在衣物上打，以除掉灰尘。,用掸子、毛巾等在衣物上打，以除掉灰尘。,动词。用掸子、毛巾等在衣物上打，以除掉灰尘。,大衣上满是土，得抽打抽打。,37,1,0,1.0,,,,,
563,217,1,抽水,chōu//shuǐ,chōushuǐ,"<entry id=""07350""><hwg><hw>抽水<sup>1</sup></hw><pinyin>chōu//shuǐ</pinyin></hwg><def><ps>动</ps>用水泵吸水。</def>",动词。,动词,用水泵吸水。,用水泵吸水。,动词。用水泵吸水。,农民们用抽水机从河里抽水灌溉农田。,28,0,0,,,,,1.0,
564,217,2,抽水,chōushuǐ,chōushuǐ,"<entry id=""07351""><hwg><hw>抽水<sup>2</sup></hw><pinyin>chōushuǐ</pinyin></hwg><def><ps>动</ps>缩水②。</def><ci><div class=""title"">词语</div><div class=""cont""><a href=""entry://抽水机"">抽水机</a><a href=""entry://抽水马桶"">抽水马桶</a></div></ci>",动词。,动词,缩水。,缩水。,动词。缩水。,这件衣服洗了一次就抽水了，变得不合身。,27,0,0,,,,,1.0,
565,218,1,拆散,chāi//sǎn,chāisǎn,"<entry id=""05472""><hwg><hw>拆散</hw><pinyin>chāi//sǎn</pinyin></hwg><def><ps>动</ps>使成套的物件分散：<ex>这套瓷器千万不要～了。</ex></def>",动词。,动词,使成套的物件分散。,使成套的物件分散。,动词。使成套的物件分散。,这套瓷器千万不要拆散了。,26,1,0,1.0,,,,,
566,218,2,拆散,chāi//sàn,chāisàn,"<entry id=""05473""><hwg><hw>拆散</hw><pinyin>chāi//sàn</pinyin></hwg><def><ps>动</ps>使家庭、集体等分散：<ex>～婚姻｜～联盟。</ex></def>",动词。,动词,使家庭、集体等分散。,使家庭、集体等分散。,动词。使家庭、集体等分散。,拆散婚姻。,20,1,0,1.0,,,,,
567,219,1,拉皮,lāpí,lāpí,"<entry id=""30446""><hwg><hw>拉皮<sup>1</sup></hw><pinyin>lāpí</pinyin></hwg><def>（～<small>儿</small>）<ps>名</ps>粉皮：<ex>东北～｜肉丝炒～。</ex></def>",名词。,名词,（拉皮儿）粉皮。,粉皮。,名词。粉皮。,东北拉皮。,13,0,0,1.0,,,,,
568,219,2,拉皮,lā//pí,lāpí,"<entry id=""30447""><hwg><hw>拉皮<sup>2</sup></hw><pinyin>lā//pí</pinyin></hwg><def><ps>动</ps>通过手术等方法使松弛的皮肤变紧。</def><ci><div class=""title"">词语</div><div class=""cont""><a href=""entry://拉皮条"">拉皮条</a></div></ci>",动词。,动词,通过手术等方法使松弛的皮肤变紧。,通过手术等方法使松弛的皮肤变紧。,动词。通过手术等方法使松弛的皮肤变紧。,拉皮是近年来热门的美容手术。,35,0,0,,,,1.0,,
569,220,1,拐子,guǎi·zi,guǎizi,"<entry id=""18764""><hwg><hw>拐子<sup>1</sup></hw><pinyin>guǎi·zi</pinyin></hwg><def><ps>名</ps></def><def><num>❶</num> 桄子。</def><def><num>❷</num> 拐<sup>1</sup>④。</def><def><num>❸</num> 〈口〉腿脚瘸的人。</def>",名词。,名词,桄子。,桄子。,名词。桄子。,旧纺车上的拐子已经磨损得很厉害了。,25,0,1,,,,,1.0,
570,220,2,拐子,guǎi·zi,guǎizi,"<entry id=""18764""><hwg><hw>拐子<sup>1</sup></hw><pinyin>guǎi·zi</pinyin></hwg><def><ps>名</ps></def><def><num>❶</num> 桄子。</def><def><num>❷</num> 拐<sup>1</sup>④。</def><def><num>❸</num> 〈口〉腿脚瘸的人。</def>",名词。,名词,下肢患病或有残疾的人走路拄的棍子，上端有短横木便于放在腋下拄着走。,下肢患病或有残疾的人走路拄的棍子，上端有短横木便于放在腋下拄着走。,名词。下肢患病或有残疾的人走路拄的棍子，上端有短横木便于放在腋下拄着走。,他受伤的腿还没好，出门总是离不开那根拐子。,59,0,1,,,,,1.0,
571,220,3,拐子,guǎi·zi,guǎizi,"<entry id=""18764""><hwg><hw>拐子<sup>1</sup></hw><pinyin>guǎi·zi</pinyin></hwg><def><ps>名</ps></def><def><num>❶</num> 桄子。</def><def><num>❷</num> 拐<sup>1</sup>④。</def><def><num>❸</num> 〈口〉腿脚瘸的人。</def>",名词。,名词,〈口〉腿脚瘸的人。,〈口语〉腿脚瘸的人。,名词。〈口语〉腿脚瘸的人。,不要歧视拐子，他们也有自己的尊严和价值。,35,0,1,,,,,1.0,
572,220,4,拐子,guǎi·zi,guǎizi,"<entry id=""18765""><hwg><hw>拐子<sup>2</sup></hw><pinyin>guǎi·zi</pinyin></hwg><def><ps>名</ps>拐骗人口、财物的人。</def>",名词。,名词,拐骗人口、财物的人。,拐骗人口、财物的人。,名词。拐骗人口、财物的人。,警方正在全力追捕那个可恶的拐子。,31,0,0,,,,,1.0,
573,221,1,招子,zhāo·zi,zhāozi,"<entry id=""65634""><hwg><hw>招子<sup>1</sup></hw><pinyin>zhāo·zi</pinyin></hwg><def><ps>名</ps></def><def><num>❶</num> 招贴。</def><def><num>❷</num> 挂在商店门口写明商店名称的旗子或其他招揽顾客的标志。</def>",名词。,名词,招贴。,招贴。,名词。招贴。,他到处贴招子，想找个熟练工。,22,0,1,,1.0,,,,
574,221,2,招子,zhāo·zi,zhāozi,"<entry id=""65634""><hwg><hw>招子<sup>1</sup></hw><pinyin>zhāo·zi</pinyin></hwg><def><ps>名</ps></def><def><num>❶</num> 招贴。</def><def><num>❷</num> 挂在商店门口写明商店名称的旗子或其他招揽顾客的标志。</def>",名词。,名词,挂在商店门口写明商店名称的旗子或其他招揽顾客的标志。,挂在商店门口写明商店名称的旗子或其他招揽顾客的标志。,名词。挂在商店门口写明商店名称的旗子或其他招揽顾客的标志。,他为新开业的店铺精心制作了一个漂亮的招子。,52,0,1,,,,,1.0,
575,221,3,招子,zhāo·zi,zhāozi,"<entry id=""65635""><hwg><hw>招子<sup>2</sup></hw><pinyin>zhāo·zi</pinyin></hwg><def><ps>名</ps>办法、计策或手段。</def>",名词。,名词,办法、计策或手段。,办法、计策或手段。,名词。办法、计策或手段。,你为什么非得想那些笨到家了的招子。,31,0,0,,1.0,,,,
576,222,1,挂单,guàdān,guàdān,"<entry id=""18682""><hwg><hw>挂单<sup>1</sup></hw><pinyin>guàdān</pinyin></hwg><def><ps>动</ps>（游方和尚）到庙里投宿。</def>",动词。,动词,（游方和尚）到庙里投宿。,（游方和尚）到庙里投宿。,动词。（游方和尚）到庙里投宿。,禅林里来了一个挂单的和尚。,30,0,0,,,1.0,,,
577,222,2,挂单,guàdān,guàdān,"<entry id=""18683""><hwg><hw>挂单<sup>2</sup></hw><pinyin>guàdān</pinyin></hwg><def><ps>动</ps>指金融市场交易中，投资者决定买卖时，通过电话、计算机等向交易系统发出买卖指令。</def>",动词。,动词,指金融市场交易中，投资者决定买卖时，通过电话、计算机等向交易系统发出买卖指令。,指金融市场交易中，投资者决定买卖时，通过电话、计算机等向交易系统发出买卖指令。,动词。指金融市场交易中，投资者决定买卖时，通过电话、计算机等向交易系统发出买卖指令。,如果您已办理了一笔获利挂单、止损挂单或双向挂单，可以在其成交前，以一个更好的价格委托卖出上述挂单将要买入的币种，当原挂单成交后，追加委托挂单自动生效。,119,0,0,,,,,1.0,
578,223,1,指画,zhǐhuà,zhǐhuà,"<entry id=""66924""><hwg><hw>指画<sup>1</sup></hw><pinyin>zhǐhuà</pinyin></hwg><def><ps>动</ps>挥动手指；指点：<ex>孩子们～着，“看，飞机！三架！又三架！”</ex></def>",动词。,动词,挥动手指；指点。,挥动手指；指点。,动词。挥动手指；指点。,孩子们指画着，“看，飞机！三架！又三架！”,34,0,0,1.0,,,,,
579,223,2,指画,zhǐhuà,zhǐhuà,"<entry id=""66925""><hwg><hw>指画<sup>2</sup></hw><pinyin>zhǐhuà</pinyin></hwg><def><ps>名</ps>国画中用指头、指甲和手掌蘸水墨或颜色画出的画。</def>",名词。,名词,国画中用指头、指甲和手掌蘸水墨或颜色画出的画。,国画中用指头、指甲和手掌蘸水墨或颜色画出的画。,名词。国画中用指头、指甲和手掌蘸水墨或颜色画出的画。,在国学课上，老师向我们展示了指画的魅力，让我们感受到了传统文化的博大精深。,65,0,0,,,,,1.0,
580,224,1,授命,shòumìng,shòumìng,"<entry id=""47542""><hwg><hw>授命<sup>1</sup></hw><pinyin>shòumìng</pinyin></hwg><def>〈书〉<ps>动</ps>献出生命：<ex>见危～｜临危～。</ex></def>",动词。,动词,〈书〉献出生命。,〈书面语〉献出生命。,动词。〈书面语〉献出生命。,临危授命。,20,0,0,1.0,,,,,
581,224,2,授命,shòumìng,shòumìng,"<entry id=""47543""><hwg><hw>授命<sup>2</sup></hw><pinyin>shòumìng</pinyin></hwg><def><ps>动</ps>下命令（多指某些国家的元首下命令）：<ex>总统～总理组阁。</ex></def>",动词。,动词,下命令（多指某些国家的元首下命令）。,下命令（多指某些国家的元首下命令）。,动词。下命令（多指某些国家的元首下命令）。,总统授命总理组阁。,32,0,0,1.0,,,,,
582,225,1,推展,tuīzhǎn,tuīzhǎn,"<entry id=""52330""><hwg><hw>推展<sup>1</sup></hw><pinyin>tuīzhǎn</pinyin></hwg><def><ps>动</ps>推进；发展：<ex>沉积的泥沙填满了海湾，促使海岸向前～｜两国关系持续～。</ex></def>",动词。,动词,推进；发展。,推进；发展。,动词。推进；发展。,沉积的泥沙填满了海湾，促使海岸向前推展。,31,0,0,1.0,,,,,
583,225,2,推展,tuīzhǎn,tuīzhǎn,"<entry id=""52331""><hwg><hw>推展<sup>2</sup></hw><pinyin>tuīzhǎn</pinyin></hwg><def><ps>动</ps>推介展销：<ex>商场举办羊绒精品～活动。</ex></def>",动词。,动词,推介展销。,推介展销。,动词。推介展销。,商场举办羊绒精品推展活动。,23,0,0,1.0,,,,,
584,226,1,插口,chā//kǒu,chākǒu,"<entry id=""05268""><hwg><hw>插口<sup>1</sup></hw><pinyin>chā//kǒu</pinyin></hwg><def><ps>动</ps>插嘴。</def>",动词。,动词,插嘴。,插嘴。,动词。插嘴。,你不要插口，让她慢慢说完,20,0,0,,1.0,,,,
585,226,2,插口,chākǒu,chākǒu,"<entry id=""05269""><hwg><hw>插口<sup>2</sup></hw><pinyin>chākǒu</pinyin></hwg><def><ps>名</ps>可以插入东西的孔：<ex>扩音器上有两个～，一个插麦克风，一个插电唱头。</ex></def>",名词。,名词,可以插入东西的孔。,可以插入东西的孔。,名词。可以插入东西的孔。,扩音器上有两个插口，一个插麦克风，一个插电唱头。,38,0,0,1.0,,,,,
586,227,1,插播,chābō,chābō,"<entry id=""05247""><hwg><hw>插播<sup>1</sup></hw><pinyin>chābō</pinyin></hwg><def><ps>动</ps>在已经播过种的地里穿插着播另一种作物的种子。</def>",动词。,动词,在已经播过种的地里穿插着播另一种作物的种子。,在已经播过种的地里穿插着播另一种作物的种子。,动词。在已经播过种的地里穿插着播另一种作物的种子。,为了提高土地的利用率和农作物的多样性，农民们决定在已经播种小麦的田地里，再插播一些豌豆种子，期待来年能有一个更加丰富的收获。,89,0,0,,,,,1.0,
587,227,2,插播,chābō,chābō,"<entry id=""05248""><hwg><hw>插播<sup>2</sup></hw><pinyin>chābō</pinyin></hwg><def><ps>动</ps>临时插进已经编排好的节目中间播放：<ex>电视台准备随时～奥运会比赛新闻。</ex></def>",动词。,动词,临时插进已经编排好的节目中间播放。,临时插进已经编排好的节目中间播放。,动词。临时插进已经编排好的节目中间播放。,电视台准备随时插播奥运会比赛新闻。,39,0,0,1.0,,,,,
588,228,1,插花,chā//huā,chāhuā,"<entry id=""05258""><hwg><hw>插花<sup>1</sup></hw><pinyin>chā//huā</pinyin></hwg><def><ps>动</ps></def><def><num>❶</num> 把各种供观赏的花适当地搭配着插进花瓶、花篮里：<ex>～艺术。</ex></def><def><num>❷</num> 〈方〉绣花。</def>",动词。,动词,把各种供观赏的花适当地搭配着插进花瓶、花篮里。,把各种供观赏的花适当地搭配着插进花瓶、花篮里。,动词。把各种供观赏的花适当地搭配着插进花瓶、花篮里。,插花艺术。,33,0,0,1.0,,,,,
589,228,2,插花,chāhuā,chāhuā,"<entry id=""05259""><hwg><hw>插花<sup>2</sup></hw><pinyin>chāhuā</pinyin></hwg><def><ps>副</ps>夹杂；交错（后面多跟“<a href=""entry://着"">着</a>”）：<ex>玉米地里还～着种豆子｜农业副业～着搞。</ex></def>",副词。,副词,夹杂；交错（后面多跟“着”）。,夹杂；交错（后面多跟“着”）。,副词。夹杂；交错（后面多跟“着”）。,玉米地里还插花着种豆子。,32,0,0,1.0,,,,,
590,229,1,摩挲,mā·sa,māsa,"<entry id=""34177""><hwg><hw>摩挲</hw><pinyin>mā·sa</pinyin></hwg><def>〈口〉<ps>动</ps>用手轻轻按着并一下一下地移动：<ex>～衣裳。</ex></def><def>　另见<pinyin>mósuō</pinyin>。</def>",动词。,动词,〈口〉用手轻轻按着并一下一下地移动。,〈口语〉用手轻轻按着并一下一下地移动。,动词。〈口语〉用手轻轻按着并一下一下地移动。,摩挲衣裳。,29,1,0,1.0,,,,,
591,229,2,摩挲,mósuō,mósuō,"<entry id=""36332""><hwg><hw>摩挲</hw><pinyin>mósuō</pinyin></hwg><def><ps>动</ps>用手抚摩。</def><def>　另见<pinyin>mā·sa</pinyin>。</def>",动词。,动词,用手抚摩。,用手抚摩。,动词。用手抚摩。,她欣赏似地摩挲着手里的茶壶。,24,1,0,,1.0,,,,
592,230,1,播种,bō//zhǒng,bōzhǒng,"<entry id=""03821""><hwg><hw>播种</hw><pinyin>bō//zhǒng</pinyin></hwg><def><ps>动</ps>播撒种子：<ex>～机｜早～，早出苗。</ex></def>",动词。,动词,播撒种子。,播撒种子。,动词。播撒种子。,早播种，早出苗。,18,1,0,1.0,,,,,
593,230,2,播种,bōzhòng,bōzhòng,"<entry id=""03822""><hwg><hw>播种</hw><pinyin>bōzhòng</pinyin></hwg><def><ps>动</ps>用播种（<pinyin>zhǒng</pinyin>）的方式种植：<ex>～冬小麦。</ex></def>",动词。,动词,用播种的方式种植。,用播种的方式种植。,动词。用播种的方式种植。,播种冬小麦。,20,1,0,1.0,,,,,
594,231,1,支派,zhīpài,zhīpài,"<entry id=""66543""><hwg><hw>支派<sup>1</sup></hw><pinyin>zhīpài</pinyin></hwg><def><ps>名</ps>分出来的派别；分支。</def>",名词。,名词,分出来的派别；分支。,分出来的派别；分支。,名词。分出来的派别；分支。,海外华人中有客家支派。,26,0,0,,1.0,,,,
595,231,2,支派,zhīpài,zhīpài,"<entry id=""66544""><hwg><hw>支派<sup>2</sup></hw><pinyin>zhīpài</pinyin></hwg><def><ps>动</ps>支使；调动：<ex>～人。</ex></def>",动词。,动词,支使；调动。,支使；调动。,动词。支使；调动。,这上上下下多少听差都得我支派，我忙不开。,31,0,0,,1.0,,,,
596,232,1,改编,gǎibiān,gǎibiān,"<entry id=""16403""><hwg><hw>改编<sup>1</sup></hw><pinyin>gǎibiān</pinyin></hwg><def><ps>动</ps>根据原著重写（体裁往往与原著不同）：<ex>这部电影是由同名小说～摄制的。</ex></def>",动词。,动词,根据原著重写（体裁往往与原著不同）。,根据原著重写（体裁往往与原著不同）。,动词。根据原著重写（体裁往往与原著不同）。,这部电影是由同名小说改编摄制的。,39,0,0,1.0,,,,,
597,232,2,改编,gǎibiān,gǎibiān,"<entry id=""16404""><hwg><hw>改编<sup>2</sup></hw><pinyin>gǎibiān</pinyin></hwg><def><ps>动</ps>改变原来的编制（多指军队）：<ex>把原来的三个师～成两个师。</ex></def>",动词。,动词,改变原来的编制（多指军队）。,改变原来的编制（多指军队）。,动词。改变原来的编制（多指军队）。,把原来的三个师改编成两个师。,33,0,0,1.0,,,,,
598,233,1,教学,jiāo//xué,jiāoxué,"<entry id=""25789""><hwg><hw>教学</hw><pinyin>jiāo//xué</pinyin></hwg><def><ps>动</ps>教书。</def><def>　另见<pinyin>jiàoxué</pinyin>。</def>",动词。,动词,教书。,教书。,动词。教书。,在乡村集镇上教小学，教学以外的杂事很多：赛神唱戏写通知，写神庙对联，村里人有了红白大事写请柬、谢帖、庚贴(婚约)、灵牌。,68,1,0,,1.0,,,,
599,233,2,教学,jiàoxué,jiàoxué,"<entry id=""26086""><hwg><hw>教学</hw><pinyin>jiàoxué</pinyin></hwg><def><ps>名</ps>教师把知识、技能传授给学生的过程。</def><def>　另见<pinyin>jiāo</pinyin>//<pinyin>xué</pinyin>。</def><ci><div class=""title"">词语</div><div class=""cont""><a href=""entry://教学相长"">教学相长</a></div></ci>",名词。,名词,教师把知识、技能传授给学生的过程。,教师把知识、技能传授给学生的过程。,名词。教师把知识、技能传授给学生的过程。,二十年来，我一直从事教学工作，也一直以写作为副业。,47,1,0,,1.0,,,,
600,234,1,散工,sǎngōng,sǎngōng,"<entry id=""44250""><hwg><hw>散工</hw><pinyin>sǎngōng</pinyin></hwg><def><ps>名</ps>零工；短工。</def><def>　另见<pinyin>sàn</pinyin>//<pinyin>gōng</pinyin>。</def>",名词。,名词,零工；短工。,零工；短工。,名词。零工；短工。,平日他们有长工，农忙时又多请散工。,28,1,0,,1.0,,,,
601,234,2,散工,sàn//gōng,sàngōng,"<entry id=""44278""><hwg><hw>散工</hw><pinyin>sàn//gōng</pinyin></hwg><def><ps>动</ps>收工；放工：<ex>今天提前～。</ex></def><def>　另见<pinyin>sǎngōng</pinyin>。</def>",动词。,动词,收工；放工。,收工；放工。,动词。收工；放工。,今天提前散工。,18,1,0,1.0,,,,,
602,235,1,整点,zhěngdiǎn,zhěngdiǎn,"<entry id=""66269""><hwg><hw>整点<sup>1</sup></hw><pinyin>zhěngdiǎn</pinyin></hwg><def><ps>动</ps>整理和清点：<ex>～人马｜家具用品都已～清楚。</ex></def>",动词。,动词,整理和清点。,整理和清点。,动词。整理和清点。,家具用品都已整点清楚。,22,0,0,1.0,,,,,
603,235,2,整点,zhěngdiǎn,zhěngdiǎn,"<entry id=""66270""><hwg><hw>整点<sup>2</sup></hw><pinyin>zhěngdiǎn</pinyin></hwg><def><ps>名</ps>以小时为单位表示整数的钟点：<ex>～报时｜～新闻。</ex></def>",名词。,名词,以小时为单位表示整数的钟点。,以小时为单位表示整数的钟点。,名词。以小时为单位表示整数的钟点。,整点报时。,24,0,0,1.0,,,,,
604,236,1,整装,zhěng//zhuāng,zhěngzhuāng,"<entry id=""66299""><hwg><hw>整装<sup>1</sup></hw><pinyin>zhěng//zhuāng</pinyin></hwg><def><ps>动</ps>整理衣装；整理行装：<ex>～前往｜～待发。</ex></def>",动词。,动词,整理衣装；整理行装。,整理衣装；整理行装。,动词。整理衣装；整理行装。,整装待发。,20,0,0,1.0,,,,,
605,236,2,整装,zhěngzhuāng,zhěngzhuāng,"<entry id=""66300""><hwg><hw>整装<sup>2</sup></hw><pinyin>zhěngzhuāng</pinyin></hwg><def><ps>形</ps>属性词。整体装配好的：<ex>～车（直接进口或出口的整辆汽车）｜～电脑。</ex></def><ci><div class=""title"">词语</div><div class=""cont""><a href=""entry://整装待发"">整装待发</a></div></ci>",形容词；属性词。,形容词,整体装配好的。,整体装配好的。,形容词；属性词。整体装配好的。,整装电脑。,22,0,0,1.0,,,,,
606,237,1,文体,wéntǐ,wéntǐ,"<entry id=""54026""><hwg><hw>文体<sup>1</sup></hw><pinyin>wéntǐ</pinyin></hwg><def><ps>名</ps>文章的体裁：<ex>就～讲，公文、书信、广告等都可归入应用文。</ex></def>",名词。,名词,文章的体裁。,文章的体裁。,名词。文章的体裁。,就文体讲，公文、书信、广告等都可归入应用文。,33,0,0,1.0,,,,,
607,237,2,文体,wéntǐ,wéntǐ,"<entry id=""54027""><hwg><hw>文体<sup>2</sup></hw><pinyin>wéntǐ</pinyin></hwg><def><ps>名</ps>文娱和体育的合称：<ex>～活动。</ex></def>",名词。,名词,文娱和体育的合称。,文娱和体育的合称。,名词。文娱和体育的合称。,文体活动。,19,0,0,1.0,,,,,
608,238,1,文气,wénqì,wénqì,"<entry id=""54012""><hwg><hw>文气</hw><pinyin>wénqì</pinyin></hwg><def><ps>名</ps>贯穿在文章里的气势；文章的连贯性。</def>",名词。,名词,贯穿在文章里的气势；文章的连贯性。,贯穿在文章里的气势；文章的连贯性。,名词。贯穿在文章里的气势；文章的连贯性。,这篇散文的文气清新自然，字里行间透露着作者的独特魅力。,49,1,0,,,,,1.0,
609,238,2,文气,wén·qi,wénqi,"<entry id=""54013""><hwg><hw>文气</hw><pinyin>wén·qi</pinyin></hwg><def><ps>形</ps>文静；不粗野。</def>",形容词。,形容词,文静；不粗野。,文静；不粗野。,形容词。文静；不粗野。,小玲是个非常文气的女孩，说话总是轻声细语的，很受同学们的喜欢。,44,1,0,,,,,1.0,
610,239,1,文理,wénlǐ,wénlǐ,"<entry id=""54002""><hwg><hw>文理<sup>1</sup></hw><pinyin>wénlǐ</pinyin></hwg><def><ps>名</ps>文章内容方面和词句方面的条理：<ex>～通顺。</ex></def>",名词。,名词,文章内容方面和词句方面的条理。,文章内容方面和词句方面的条理。,名词。文章内容方面和词句方面的条理。,文理通顺。,25,0,0,1.0,,,,,
611,239,2,文理,wénlǐ,wénlǐ,"<entry id=""54003""><hwg><hw>文理<sup>2</sup></hw><pinyin>wénlǐ</pinyin></hwg><def><ps>名</ps>文科和理科的合称：<ex>～分科｜～并重。</ex></def>",名词。,名词,文科和理科的合称。,文科和理科的合称。,名词。文科和理科的合称。,文理分科。,19,0,0,1.0,,,,,
612,240,1,文饰,wénshì,wénshì,"<entry id=""54021""><hwg><hw>文饰<sup>1</sup></hw><pinyin>wénshì</pinyin></hwg><def><ps>名</ps>文辞方面的修饰：<ex>这段描写，～较少。</ex></def>",名词。,名词,文辞方面的修饰。,文辞方面的修饰。,名词。文辞方面的修饰。,这段描写，文饰较少。,23,0,0,1.0,,,,,
613,240,2,文饰,wénshì（旧读wènshì）,wénshì,"<entry id=""54022""><hwg><hw>文饰<sup>2</sup></hw><pinyin>wénshì（旧读wènshì）</pinyin></hwg><def><ps>动</ps>掩饰（自己的过错）。</def>",动词。,动词,掩饰（自己的过错）。,掩饰（自己的过错）。,动词。掩饰（自己的过错）。,文饰这种丑恶的，正是那些山羊式的文人。,34,0,0,,1.0,,,,
614,241,1,断代,duàn//dài,duàndài,"<entry id=""12947""><hwg><hw>断代<sup>1</sup></hw><pinyin>duàn//dài</pinyin></hwg><def><ps>动</ps></def><def><num>❶</num> 没有后代；断后<sup>1</sup>。</def><def><num>❷</num> 比喻事业中断或后继无人：<ex>加紧培养接班人，不能让这种绝技～。</ex></def>",动词。,动词,没有后代；断后。,没有后代；断后。,动词。没有后代；断后。,农工党提出《关于解决我国高等院校教师“断代”问题的意见》等。,43,0,1,,1.0,,,,
615,241,2,断代,duàn//dài,duàndài,"<entry id=""12947""><hwg><hw>断代<sup>1</sup></hw><pinyin>duàn//dài</pinyin></hwg><def><ps>动</ps></def><def><num>❶</num> 没有后代；断后<sup>1</sup>。</def><def><num>❷</num> 比喻事业中断或后继无人：<ex>加紧培养接班人，不能让这种绝技～。</ex></def>",动词。,动词,比喻事业中断或后继无人。,比喻事业中断或后继无人。,动词。比喻事业中断或后继无人。,加紧培养接班人，不能让这种绝技断代。,35,0,1,1.0,,,,,
616,241,3,断代,duàndài,duàndài,"<entry id=""12948""><hwg><hw>断代<sup>2</sup></hw><pinyin>duàndài</pinyin></hwg><def><ps>动</ps>按时代分成段落：<ex>文学史的～研究。</ex></def><ci><div class=""title"">词语</div><div class=""cont""><a href=""entry://断代史"">断代史</a></div></ci>",动词。,动词,按时代分成段落。,按时代分成段落。,动词。按时代分成段落。,文学史的断代研究。,22,0,0,1.0,,,,,
617,242,1,断后,duàn//hòu,duànhòu,"<entry id=""12958""><hwg><hw>断后<sup>1</sup></hw><pinyin>duàn//hòu</pinyin></hwg><def><ps>动</ps>没有子孙延续。</def>",动词。,动词,没有子孙延续。,没有子孙延续。,动词。没有子孙延续。,然而，这许多年来，总不见表演唱新作问世，似有绝种断后的态势。,42,0,0,,1.0,,,,
618,242,2,断后,duànhòu,duànhòu,"<entry id=""12959""><hwg><hw>断后<sup>2</sup></hw><pinyin>duànhòu</pinyin></hwg><def><ps>动</ps>军队撤退时，派一部分人在后面掩护，叫断后。</def>",动词。,动词,军队撤退时，派一部分人在后面掩护，叫断后。,军队撤退时，派一部分人在后面掩护，叫断后。,动词。军队撤退时，派一部分人在后面掩护，叫断后。,这时野战军的断后部队已经在高柏山。,43,0,0,,1.0,,,,
619,243,1,断案,duàn//àn,duànàn,"<entry id=""12940""><hwg><hw>断案<sup>1</sup></hw><pinyin>duàn//àn</pinyin></hwg><def><ps>动</ps>审判诉讼案件：<ex>秉公～。</ex></def>",动词。,动词,审判诉讼案件。,审判诉讼案件。,动词。审判诉讼案件。,秉公断案。,17,0,0,1.0,,,,,
620,243,2,断案,duàn’àn,duàn’àn,"<entry id=""12941""><hwg><hw>断案<sup>2</sup></hw><pinyin>duàn’àn</pinyin></hwg><def><ps>名</ps>结论①。</def>",名词。,名词,结论。,结论。,名词。结论。,对于这件事，他心里已经有了断案。,24,0,0,,,,,1.0,
621,244,1,新生,xīnshēng,xīnshēng,"<entry id=""57545""><hwg><hw>新生<sup>1</sup></hw><pinyin>xīnshēng</pinyin></hwg><def><num>❶</num> <ps>形</ps>属性词。刚产生的；刚出现的：<ex>～事物。</ex></def><def><num>❷</num> <ps>名</ps>新生命：<ex>获得～。</ex></def>",形容词；属性词。,形容词,刚产生的；刚出现的。,刚产生的；刚出现的。,形容词；属性词。刚产生的；刚出现的。,新生事物。,25,0,1,1.0,,,,,
622,244,2,新生,xīnshēng,xīnshēng,"<entry id=""57545""><hwg><hw>新生<sup>1</sup></hw><pinyin>xīnshēng</pinyin></hwg><def><num>❶</num> <ps>形</ps>属性词。刚产生的；刚出现的：<ex>～事物。</ex></def><def><num>❷</num> <ps>名</ps>新生命：<ex>获得～。</ex></def>",名词。,名词,新生命。,新生命。,名词。新生命。,获得新生。,14,0,1,1.0,,,,,
623,244,3,新生,xīnshēng,xīnshēng,"<entry id=""57546""><hwg><hw>新生<sup>2</sup></hw><pinyin>xīnshēng</pinyin></hwg><def><ps>名</ps>新入学的学生：<ex>～报到处。</ex></def><ci><div class=""title"">词语</div><div class=""cont""><a href=""entry://新生代"">新生代</a><a href=""entry://新生儿"">新生儿</a></div></ci>",名词。,名词,新入学的学生。,新入学的学生。,名词。新入学的学生。,新生报到处。,18,0,0,1.0,,,,,
624,245,1,方子,fāng·zi,fāngzi,"<entry id=""14465""><hwg><hw>方子<sup>1</sup></hw><pinyin>fāng·zi</pinyin></hwg><def><ps>名</ps>方材。也作枋子。</def>",名词。,名词,方材。也作枋子。,方材。也作枋子。,名词。方材。也作枋子。,唐二哥，不要难过了，还是买个方子早点给你们老五收尸罢。,40,0,0,,,1.0,,,
625,245,2,方子,fāng·zi,fāngzi,"<entry id=""14466""><hwg><hw>方子<sup>2</sup></hw><pinyin>fāng·zi</pinyin></hwg><def>〈口〉<ps>名</ps></def><def><num>❶</num> 药方。</def><def><num>❷</num> 配方<sup>2</sup>②。</def>",名词。,名词,〈口〉药方。,〈口语〉药方。,名词。〈口语〉药方。,父亲先回家，就有低烧、盗汗，他自己开个方子服了几帖，也不见效。,43,0,1,,1.0,,,,
626,245,3,方子,fāng·zi,fāngzi,"<entry id=""14466""><hwg><hw>方子<sup>2</sup></hw><pinyin>fāng·zi</pinyin></hwg><def>〈口〉<ps>名</ps></def><def><num>❶</num> 药方。</def><def><num>❷</num> 配方<sup>2</sup>②。</def>",名词。,名词,〈口〉配方。,〈口语〉配方。,名词。〈口语〉配方。,这是他家祖传的方子，不得外传。,27,0,1,,,,,1.0,
627,246,1,方家,fāngjiā,fāngjiā,"<entry id=""14428""><hwg><hw>方家<sup>1</sup></hw><pinyin>fāngjiā</pinyin></hwg><def><ps>名</ps>“大方之家”的简称，本义是深明大道的人，后多指精通某种学问、艺术的人：<ex>就教于～。</ex></def>",名词。,名词,“大方之家”的简称，本义是深明大道的人，后多指精通某种学问、艺术的人。,“大方之家”的简称，本义是深明大道的人，后多指精通某种学问、艺术的人。,名词。“大方之家”的简称，本义是深明大道的人，后多指精通某种学问、艺术的人。,敝帚自珍，不值方家一笑,51,0,0,,1.0,,,,
628,246,2,方家,fāngjiā,fāngjiā,"<entry id=""14429""><hwg><hw>方家<sup>2</sup></hw><pinyin>fāngjiā</pinyin></hwg><def><ps>名</ps>指医生。中医以方剂治病，所以称方家：<ex>～医案。</ex></def>",名词。,名词,指医生。中医以方剂治病，所以称方家。,指医生。中医以方剂治病，所以称方家。,名词。指医生。中医以方剂治病，所以称方家。,方家医案。,28,0,0,,1.0,,,,
629,247,1,旋子,xuán·zi,xuánzi,"<entry id=""58632""><hwg><hw>旋子</hw><pinyin>xuán·zi</pinyin></hwg><def><ps>名</ps>圈<small>儿</small>：<ex>鸟<small>儿</small>见了火光惊飞起来，打了几个～，消失在黑暗中。</ex></def><def>　另见<pinyin>xuàn·zi</pinyin>。</def>",名词。,名词,圈儿。,圈儿。,名词。圈儿。,鸟儿见了火光惊飞起来，打了几个旋子，消失在黑暗中。,33,1,0,,1.0,,,,
630,247,2,旋子,xuàn·zi,xuànzi,"<entry id=""58710""><hwg><hw>旋子<sup>1</sup></hw><pinyin>xuàn·zi</pinyin></hwg><def><ps>名</ps></def><def><num>❶</num> 一种金属器具，像盘而较大，通常用来做粉皮等。</def><def><num>❷</num> 温酒时盛水的金属器具。</def>",名词。,名词,一种金属器具，像盘而较大，通常用来做粉皮等。,一种金属器具，像盘而较大，通常用来做粉皮等。,名词。一种金属器具，像盘而较大，通常用来做粉皮等。,这个旋子被用来做粉皮了。,39,1,1,,,,,1.0,
631,247,3,旋子,xuàn·zi,xuànzi,"<entry id=""58710""><hwg><hw>旋子<sup>1</sup></hw><pinyin>xuàn·zi</pinyin></hwg><def><ps>名</ps></def><def><num>❶</num> 一种金属器具，像盘而较大，通常用来做粉皮等。</def><def><num>❷</num> 温酒时盛水的金属器具。</def>",名词。,名词,温酒时盛水的金属器具。,温酒时盛水的金属器具。,名词。温酒时盛水的金属器具。,他吩咐童子用旋子温酒，来招待刚到的客人。,36,1,1,,,,,1.0,
632,247,4,旋子,xuàn·zi,xuànzi,"<entry id=""58711""><hwg><hw>旋子<sup>2</sup></hw><pinyin>xuàn·zi</pinyin></hwg><def><ps>名</ps>武术的一种动作，甩臂，拧腰，旋腿，平身跃起，双脚落地。</def><def>　另见<pinyin>xuán·zi</pinyin>。</def>",名词。,名词,武术的一种动作，甩臂，拧腰，旋腿，平身跃起，双脚落地。,武术的一种动作，甩臂，拧腰，旋腿，平身跃起，双脚落地。,名词。武术的一种动作，甩臂，拧腰，旋腿，平身跃起，双脚落地。,例如，第五场的舞蹈设计，开始我们就不敢用“窜猫”、“旋子”这些动作。,66,1,0,,,,,1.0,
633,248,1,星星,xīngxīng,xīngxīng,"<entry id=""57740""><hwg><hw>星星</hw><pinyin>xīngxīng</pinyin></hwg><def><ps>名</ps>细小的点<small>儿</small>：<ex>～之火，可以燎原｜天空晴朗，一～薄云也没有。</ex></def>",名词。,名词,细小的点儿。,细小的点儿。,名词。细小的点儿。,星星之火，可以燎原。,21,1,0,1.0,,,,,
634,248,2,星星,xīng·xing,xīngxing,"<entry id=""57741""><hwg><hw>星星</hw><pinyin>xīng·xing</pinyin></hwg><def>〈口〉<ps>名</ps>星①。</def><ci><div class=""title"">词语</div><div class=""cont""><a href=""entry://星星点点"">星星点点</a><a href=""entry://星星之火，可以燎原"">星星之火，可以燎原</a></div></ci>",名词。,名词,〈口〉星。,〈口语〉星。,名词。〈口语〉星。,今儿天上缀满星星。,20,1,0,,1.0,,,,
635,249,1,星火,xīnghuǒ,xīnghuǒ,"<entry id=""57718""><hwg><hw>星火<sup>1</sup></hw><pinyin>xīnghuǒ</pinyin></hwg><def><ps>名</ps>微小的火：<ex>～燎原。</ex></def>",名词。,名词,微小的火。,微小的火。,名词。微小的火。,星火燎原。,15,0,0,1.0,,,,,
636,249,2,星火,xīnghuǒ,xīnghuǒ,"<entry id=""57719""><hwg><hw>星火<sup>2</sup></hw><pinyin>xīnghuǒ</pinyin></hwg><def><ps>名</ps>流星的光，多用于比喻：<ex>急如～。</ex></def><ci><div class=""title"">词语</div><div class=""cont""><a href=""entry://星火燎原"">星火燎原</a></div></ci>",名词。,名词,流星的光，多用于比喻。,流星的光，多用于比喻。,名词。流星的光，多用于比喻。,急如星火。,21,0,0,1.0,,,,,
637,250,1,晚霜,wǎnshuāng,wǎnshuāng,"<entry id=""53057""><hwg><hw>晚霜<sup>1</sup></hw><pinyin>wǎnshuāng</pinyin></hwg><def><ps>名</ps>早春霜期结束阶段出现的霜。对农作物有害。</def>",名词。,名词,早春霜期结束阶段出现的霜。对农作物有害。,早春霜期结束阶段出现的霜。对农作物有害。,名词。早春霜期结束阶段出现的霜。对农作物有害。,这场突如其来的晚霜让刚长出的幼苗遭受了严重损害。,49,0,0,,,,,1.0,
638,250,2,晚霜,wǎnshuāng,wǎnshuāng,"<entry id=""53058""><hwg><hw>晚霜<sup>2</sup></hw><pinyin>wǎnshuāng</pinyin></hwg><def><ps>名</ps>适合晚上使用的护肤品，主要作用是滋养、保护睡眠状态下的肌肤。</def>",名词。,名词,适合晚上使用的护肤品，主要作用是滋养、保护睡眠状态下的肌肤。,适合晚上使用的护肤品，主要作用是滋养、保护睡眠状态下的肌肤。,名词。适合晚上使用的护肤品，主要作用是滋养、保护睡眠状态下的肌肤。,她每天晚上睡前都会仔细地涂抹晚霜来呵护肌肤。,57,0,0,,,,,1.0,
639,251,1,暖房,nuǎn//fáng,nuǎnfáng,"<entry id=""38021""><hwg><hw>暖房<sup>1</sup></hw><pinyin>nuǎn//fáng</pinyin></hwg><def><ps>动</ps></def><def><num>❶</num> 旧俗在亲友结婚的前一天前往新房贺喜。</def><def><num>❷</num> 温居。</def>",动词。,动词,旧俗在亲友结婚的前一天前往新房贺喜。,旧俗在亲友结婚的前一天前往新房贺喜。,动词。旧俗在亲友结婚的前一天前往新房贺喜。,按照旧俗，我们邀请了亲朋好友来暖房，共同庆祝这个喜庆的时刻。,53,0,1,,,,,1.0,
640,251,2,暖房,nuǎn//fáng,nuǎnfáng,"<entry id=""38021""><hwg><hw>暖房<sup>1</sup></hw><pinyin>nuǎn//fáng</pinyin></hwg><def><ps>动</ps></def><def><num>❶</num> 旧俗在亲友结婚的前一天前往新房贺喜。</def><def><num>❷</num> 温居。</def>",动词。,动词,温居，指亲友迁入新居后前去祝贺。,温居，指亲友迁入新居后前去祝贺。,动词。温居，指亲友迁入新居后前去祝贺。,今天去大伯家暖房。,30,0,1,,1.0,,,,
641,251,3,暖房,nuǎnfáng,nuǎnfáng,"<entry id=""38022""><hwg><hw>暖房<sup>2</sup></hw><pinyin>nuǎnfáng</pinyin></hwg><def><ps>名</ps>温室。</def>",名词。,名词,温室。,温室。,名词。温室。,他从小像暖房里的花，荏弱多病。,23,0,0,,1.0,,,,
642,252,1,替手,tì//shǒu,tìshǒu,"<entry id=""50696""><hwg><hw>替手</hw><pinyin>tì//shǒu</pinyin></hwg><def><ps>动</ps>替换着做事<small>儿</small>：<ex>孩子大了，能给大人替替手了。</ex></def>",动词。,动词,替换着做事儿。,替换着做事儿。,动词。替换着做事儿。,孩子大了，能给大人替替手了。,26,0,0,1.0,,,,,
643,252,2,替手,tì·shǒu,tìshǒu,"<entry id=""50697""><hwg><hw>替手</hw><pinyin>tì·shǒu</pinyin></hwg><def><ps>名</ps>替换的人：<ex>他上了年纪，快干不动了，赶紧找个～吧。</ex></def>",名词。,名词,替换的人。,替换的人。,名词。替换的人。,他上了年纪，快干不动了，赶紧找个替手吧。,30,0,0,1.0,,,,,
644,253,1,朝阳,cháoyáng,cháoyáng,"<entry id=""06091""><hwg><hw>朝阳</hw><pinyin>cháoyáng</pinyin></hwg><def><ps>动</ps>向着太阳，一般指朝南：<ex>两间屋子都～。</ex></def><def>　另见<pinyin>zhāoyáng</pinyin>。</def><ci><div class=""title"">词语</div><div class=""cont""><a href=""entry://朝阳花"">朝阳花</a></div></ci>",动词。,动词,向着太阳，一般指朝南。,向着太阳，一般指朝南。,动词。向着太阳，一般指朝南。,两间屋子都朝阳。,24,1,0,1.0,,,,,
645,253,2,朝阳,zhāoyáng,zhāoyáng,"<entry id=""65665""><hwg><hw>朝阳</hw><pinyin>zhāoyáng</pinyin></hwg><def><num>❶</num> <ps>名</ps>早晨的太阳：<ex>迎着～。</ex></def><def><num>❷</num> <ps>形</ps>属性词。新兴的、富有竞争力而有发展前途的：<ex>～产业。</ex></def><def>　另见<pinyin>cháoyáng</pinyin>。</def>",名词。,名词,早晨的太阳。,早晨的太阳。,名词。早晨的太阳。,迎着朝阳。,16,1,1,1.0,,,,,
646,253,3,朝阳,zhāoyáng,zhāoyáng,"<entry id=""65665""><hwg><hw>朝阳</hw><pinyin>zhāoyáng</pinyin></hwg><def><num>❶</num> <ps>名</ps>早晨的太阳：<ex>迎着～。</ex></def><def><num>❷</num> <ps>形</ps>属性词。新兴的、富有竞争力而有发展前途的：<ex>～产业。</ex></def><def>　另见<pinyin>cháoyáng</pinyin>。</def>",形容词；属性词。,形容词,新兴的、富有竞争力而有发展前途的。,新兴的、富有竞争力而有发展前途的。,形容词；属性词。新兴的、富有竞争力而有发展前途的。,朝阳产业。,32,1,1,1.0,,,,,
647,254,1,本事,běnshì,běnshì,"<entry id=""02358""><hwg><hw>本事</hw><pinyin>běnshì</pinyin></hwg><def><ps>名</ps>文学作品主题所根据的故事情节：<ex>～诗｜这些诗词的～年久失考。</ex></def>",名词。,名词,文学作品主题所根据的故事情节。,文学作品主题所根据的故事情节。,名词。文学作品主题所根据的故事情节。,这些诗词的本事年久失考。,32,1,0,1.0,,,,,
648,254,2,本事,běn·shi,běnshi,"<entry id=""02359""><hwg><hw>本事</hw><pinyin>běn·shi</pinyin></hwg><def><ps>名</ps>本领：<ex>有～｜学～｜～大。</ex></def>",名词。,名词,本领。,本领。,名词。本领。,本事大。,12,1,0,1.0,,,,,
649,255,1,朱墨,zhūmò,zhūmò,"<entry id=""67734""><hwg><hw>朱墨<sup>1</sup></hw><pinyin>zhūmò</pinyin></hwg><def><ps>名</ps>红黑两色：<ex>～加批｜～套印。</ex></def>",名词。,名词,红黑两色。,红黑两色。,名词。红黑两色。,朱墨加批。,15,0,0,1.0,,,,,
650,255,2,朱墨,zhūmò,zhūmò,"<entry id=""67735""><hwg><hw>朱墨<sup>2</sup></hw><pinyin>zhūmò</pinyin></hwg><def><ps>名</ps>用朱砂制成的墨。</def>",名词。,名词,用朱砂制成的墨。,用朱砂制成的墨。,名词。用朱砂制成的墨。,书房里摆放着一方朱墨，散发着独特的韵味。,33,0,0,,,,,1.0,
651,256,1,朱雀,zhūquè,zhūquè,"<entry id=""67739""><hwg><hw>朱雀<sup>1</sup></hw><pinyin>zhūquè</pinyin></hwg><def><ps>名</ps>鸟，外形像麻雀，雄鸟红色或暗褐色，雌鸟一般灰褐色。生活在山林中，吃植物果实、种子等。</def>",名词。,名词,鸟，外形像麻雀，雄鸟红色或暗褐色，雌鸟一般灰褐色。生活在山林中，吃植物果实、种子等。,鸟，外形像麻雀，雄鸟红色或暗褐色，雌鸟一般灰褐色。生活在山林中，吃植物果实、种子等。,名词。鸟，外形像麻雀，雄鸟红色或暗褐色，雌鸟一般灰褐色。生活在山林中，吃植物果实、种子等。,朱雀的羽毛如火如霞，闪耀着炽热的光芒，每一片都仿佛蕴含着烈焰的力量，令人叹为观止。,88,0,0,,,,,1.0,
652,256,2,朱雀,zhūquè,zhūquè,"<entry id=""67740""><hwg><hw>朱雀<sup>2</sup></hw><pinyin>zhūquè</pinyin></hwg><def><ps>名</ps></def><def><num>❶</num> 二十八宿中南方七宿的统称。参看〖<a href=""entry://二十八宿"">二十八宿</a>〗。</def><def><num>❷</num> 道教所奉的南方的神。</def><def>‖也叫朱鸟。</def>",名词。,名词,二十八宿中南方七宿的统称。,二十八宿中南方七宿的统称。,名词。二十八宿中南方七宿的统称。,传说中，朱雀拥有不灭的火焰，能够净化世间一切邪恶与污秽。,46,0,1,,,,,1.0,
653,256,3,朱雀,zhūquè,zhūquè,"<entry id=""67740""><hwg><hw>朱雀<sup>2</sup></hw><pinyin>zhūquè</pinyin></hwg><def><ps>名</ps></def><def><num>❶</num> 二十八宿中南方七宿的统称。参看〖<a href=""entry://二十八宿"">二十八宿</a>〗。</def><def><num>❷</num> 道教所奉的南方的神。</def><def>‖也叫朱鸟。</def>",名词。,名词,道教所奉的南方的神。也叫朱鸟。,道教所奉的南方的神。也叫朱鸟。,名词。道教所奉的南方的神。也叫朱鸟。,朱雀不仅是星宿的象征，还是古代神话中代表南方的神祇，与青龙、白虎、玄武共同守护四方。,62,0,1,,,,,1.0,
654,257,1,机制,jīzhì,jīzhì,"<entry id=""23660""><hwg><hw>机制<sup>1</sup></hw><pinyin>jīzhì</pinyin></hwg><def><ps>形</ps>属性词。用机器制造的：<ex>～纸｜～煤球。</ex></def>",形容词；属性词。,形容词,用机器制造的。,用机器制造的。,形容词；属性词。用机器制造的。,机制煤球。,22,0,0,1.0,,,,,
655,257,2,机制,jīzhì,jīzhì,"<entry id=""23661""><hwg><hw>机制<sup>2</sup></hw><pinyin>jīzhì</pinyin></hwg><def><ps>名</ps></def><def><num>❶</num> 机器的构造和工作原理，如计算机的机制。</def><def><num>❷</num> 机体的构造、功能和相互关系，如动脉硬化的机制。</def><def><num>❸</num> 指某些自然现象的物理、化学规律，如优选法中优化对象的机制。</def><def>‖也叫机理。</def><def><num>❹</num> 泛指一个工作系统的组织或部分之间相互作用的过程和方式：<ex>市场～｜竞争～。</ex></def>",名词。,名词,机器的构造和工作原理，如计算机的机制。,机器的构造和工作原理，如计算机的机制。,名词。机器的构造和工作原理，如计算机的机制。,这台机器的运作机制相当复杂。,38,0,1,,,,,1.0,
656,257,3,机制,jīzhì,jīzhì,"<entry id=""23661""><hwg><hw>机制<sup>2</sup></hw><pinyin>jīzhì</pinyin></hwg><def><ps>名</ps></def><def><num>❶</num> 机器的构造和工作原理，如计算机的机制。</def><def><num>❷</num> 机体的构造、功能和相互关系，如动脉硬化的机制。</def><def><num>❸</num> 指某些自然现象的物理、化学规律，如优选法中优化对象的机制。</def><def>‖也叫机理。</def><def><num>❹</num> 泛指一个工作系统的组织或部分之间相互作用的过程和方式：<ex>市场～｜竞争～。</ex></def>",名词。,名词,机体的构造、功能和相互关系，如动脉硬化的机制。,机体的构造、功能和相互关系，如动脉硬化的机制。,名词。机体的构造、功能和相互关系，如动脉硬化的机制。,人体内的免疫机制是一种精妙的设计，它能够识别和抵御外来病原体，保护我们的健康。,67,0,1,,,,,1.0,
657,257,4,机制,jīzhì,jīzhì,"<entry id=""23661""><hwg><hw>机制<sup>2</sup></hw><pinyin>jīzhì</pinyin></hwg><def><ps>名</ps></def><def><num>❶</num> 机器的构造和工作原理，如计算机的机制。</def><def><num>❷</num> 机体的构造、功能和相互关系，如动脉硬化的机制。</def><def><num>❸</num> 指某些自然现象的物理、化学规律，如优选法中优化对象的机制。</def><def>‖也叫机理。</def><def><num>❹</num> 泛指一个工作系统的组织或部分之间相互作用的过程和方式：<ex>市场～｜竞争～。</ex></def>",名词。,名词,指某些自然现象的物理、化学规律，如优选法中优化对象的机制。也叫机理。,指某些自然现象的物理、化学规律，如优选法中优化对象的机制。也叫机理。,名词。指某些自然现象的物理、化学规律，如优选法中优化对象的机制。也叫机理。,理解天体运动的物理机制是探索宇宙奥秘的关键一步。,63,0,1,,,,,1.0,
658,257,5,机制,jīzhì,jīzhì,"<entry id=""23661""><hwg><hw>机制<sup>2</sup></hw><pinyin>jīzhì</pinyin></hwg><def><ps>名</ps></def><def><num>❶</num> 机器的构造和工作原理，如计算机的机制。</def><def><num>❷</num> 机体的构造、功能和相互关系，如动脉硬化的机制。</def><def><num>❸</num> 指某些自然现象的物理、化学规律，如优选法中优化对象的机制。</def><def>‖也叫机理。</def><def><num>❹</num> 泛指一个工作系统的组织或部分之间相互作用的过程和方式：<ex>市场～｜竞争～。</ex></def>",名词。,名词,泛指一个工作系统的组织或部分之间相互作用的过程和方式。,泛指一个工作系统的组织或部分之间相互作用的过程和方式。,名词。泛指一个工作系统的组织或部分之间相互作用的过程和方式。,市场机制。,37,0,1,1.0,,,,,
659,258,1,机动,jīdòng,jīdòng,"<entry id=""23601""><hwg><hw>机动<sup>1</sup></hw><pinyin>jīdòng</pinyin></hwg><def><ps>形</ps>属性词。利用机器开动的：<ex>～车。</ex></def>",形容词；属性词。,形容词,利用机器开动的。,利用机器开动的。,形容词；属性词。利用机器开动的。,机动车。,22,0,0,1.0,,,,,
660,258,2,机动,jīdòng,jīdòng,"<entry id=""23602""><hwg><hw>机动<sup>2</sup></hw><pinyin>jīdòng</pinyin></hwg><def><ps>形</ps></def><def><num>❶</num> 权宜（处置）；灵活（运用）：<ex>这笔经费你们可以～使用。</ex></def><def><num>❷</num> 属性词。准备灵活运用的：<ex>～费｜～力量。</ex></def>",形容词。,形容词,权宜（处置）；灵活（运用）。,权宜（处置）；灵活（运用）。,形容词。权宜（处置）；灵活（运用）。,这笔经费你们可以机动使用。,33,0,1,1.0,,,,,
661,258,3,机动,jīdòng,jīdòng,"<entry id=""23602""><hwg><hw>机动<sup>2</sup></hw><pinyin>jīdòng</pinyin></hwg><def><ps>形</ps></def><def><num>❶</num> 权宜（处置）；灵活（运用）：<ex>这笔经费你们可以～使用。</ex></def><def><num>❷</num> 属性词。准备灵活运用的：<ex>～费｜～力量。</ex></def>",属性词。,属性词,准备灵活运用的。,准备灵活运用的。,属性词。准备灵活运用的。,机动经费。,19,0,1,1.0,,,,,
662,259,1,杆子,gān·zi,gānzi,"<entry id=""16603""><hwg><hw>杆子</hw><pinyin>gān·zi</pinyin></hwg><def><ps>名</ps></def><def><num>❶</num> 有一定用途的细长的木头或类似的东西（多直立在地上，上端较细）：<ex>电线～。</ex></def><def><num>❷</num> 〈方〉指结伙抢劫的土匪：<ex>拉～。</ex></def><def>　另见<pinyin>gǎn·zi</pinyin>。</def>",名词。,名词,有一定用途的细长的木头或类似的东西（多直立在地上，上端较细）。,有一定用途的细长的木头或类似的东西（多直立在地上，上端较细）。,名词。有一定用途的细长的木头或类似的东西（多直立在地上，上端较细）。,电线杆子。,41,1,0,1.0,,,,,
663,259,2,杆子,gǎn·zi,gǎnzi,"<entry id=""16643""><hwg><hw>杆子</hw><pinyin>gǎn·zi</pinyin></hwg><def><ps>名</ps>杆（<pinyin>gǎn</pinyin>）①：<ex>枪～｜笔～。</ex></def><def>　另见<pinyin>gān·zi</pinyin>。</def>",名词。,名词,杆（gǎn）。,杆（gǎn）。,名词。杆（gǎn）。,枪杆子。,16,1,0,1.0,,,,,
664,260,1,来得,lái·de,láide,"<entry id=""30548""><hwg><hw>来得<sup>1</sup></hw><pinyin>lái·de</pinyin></hwg><def>〈口〉<ps>动</ps>胜任：<ex>粗细活<small>儿</small>她都～｜他说话有点<small>儿</small>口吃，笔底下倒～。</ex></def>",动词。,动词,〈口〉胜任。,〈口语〉胜任。,动词。〈口语〉胜任。,他说话有点儿口吃，笔底下倒来得。,28,0,0,1.0,,,,,
665,260,2,来得,lái·de,láide,"<entry id=""30549""><hwg><hw>来得<sup>2</sup></hw><pinyin>lái·de</pinyin></hwg><def>〈口〉<ps>动</ps>（相比之下）显得：<ex>海水比淡水重，因此压力也～大｜下棋太沉闷，还是打球～痛快。</ex></def><ci><div class=""title"">词语</div><div class=""cont""><a href=""entry://来得及"">来得及</a></div></ci>",动词。,动词,〈口〉（相比之下）显得。,〈口语〉（相比之下）显得。,动词。〈口语〉（相比之下）显得。,下棋太沉闷，还是打球来得痛快。,33,0,0,1.0,,,,,
666,261,1,来路,láilù,láilù,"<entry id=""30569""><hwg><hw>来路</hw><pinyin>láilù</pinyin></hwg><def><ps>名</ps></def><def><num>❶</num> 向这里来的道路：<ex>洪水挡住了运输队的～。</ex></def><def><num>❷</num> 来源：<ex>断了生活～。</ex></def>",名词。,名词,向这里来的道路。,向这里来的道路。,名词。向这里来的道路。,洪水挡住了运输队的来路。,25,1,1,1.0,,,,,
667,261,2,来路,láilù,láilù,"<entry id=""30569""><hwg><hw>来路</hw><pinyin>láilù</pinyin></hwg><def><ps>名</ps></def><def><num>❶</num> 向这里来的道路：<ex>洪水挡住了运输队的～。</ex></def><def><num>❷</num> 来源：<ex>断了生活～。</ex></def>",名词。,名词,来源。,来源。,名词。来源。,断了生活来路。,15,1,1,1.0,,,,,
668,261,3,来路,lái·lu,láilu,"<entry id=""30570""><hwg><hw>来路</hw><pinyin>lái·lu</pinyin></hwg><def><ps>名</ps>来历：<ex>～不明的人。</ex></def>",名词。,名词,来历。,来历。,名词。来历。,来路不明的人。,15,1,0,1.0,,,,,
669,262,1,松散,sōngsǎn,sōngsǎn,"<entry id=""48936""><hwg><hw>松散</hw><pinyin>sōngsǎn</pinyin></hwg><def><ps>形</ps></def><def><num>❶</num> （事物结构）不紧密；（精神）不集中：<ex>故事情节～｜注意力～。</ex></def><def><num>❷</num> 关系不密切：<ex>～的联盟。</ex></def><def><num>❸</num> （制度、纪律等）执行不严格：<ex>纪律～。</ex></def>",形容词。,形容词,（事物结构）不紧密；（精神）不集中。,（事物结构）不紧密；（精神）不集中。,形容词。（事物结构）不紧密；（精神）不集中。,注意力松散。,30,1,1,1.0,,,,,
670,262,2,松散,sōngsǎn,sōngsǎn,"<entry id=""48936""><hwg><hw>松散</hw><pinyin>sōngsǎn</pinyin></hwg><def><ps>形</ps></def><def><num>❶</num> （事物结构）不紧密；（精神）不集中：<ex>故事情节～｜注意力～。</ex></def><def><num>❷</num> 关系不密切：<ex>～的联盟。</ex></def><def><num>❸</num> （制度、纪律等）执行不严格：<ex>纪律～。</ex></def>",形容词。,形容词,关系不密切。,关系不密切。,形容词。关系不密切。,松散的联盟。,18,1,1,1.0,,,,,
671,262,3,松散,sōngsǎn,sōngsǎn,"<entry id=""48936""><hwg><hw>松散</hw><pinyin>sōngsǎn</pinyin></hwg><def><ps>形</ps></def><def><num>❶</num> （事物结构）不紧密；（精神）不集中：<ex>故事情节～｜注意力～。</ex></def><def><num>❷</num> 关系不密切：<ex>～的联盟。</ex></def><def><num>❸</num> （制度、纪律等）执行不严格：<ex>纪律～。</ex></def>",形容词。,形容词,（制度、纪律等）执行不严格。,（制度、纪律等）执行不严格。,形容词。（制度、纪律等）执行不严格。,纪律松散。,25,1,1,1.0,,,,,
672,262,4,松散,sōng·san,sōngsan,"<entry id=""48937""><hwg><hw>松散</hw><pinyin>sōng·san</pinyin></hwg><def><ps>动</ps>使轻松舒畅：<ex>房里太热，出来～～。</ex></def>",动词。,动词,使轻松舒畅。,使轻松舒畅。,动词。使轻松舒畅。,房里太热，出来松散松散。,23,1,0,1.0,,,,,
673,263,1,标金,biāojīn,biāojīn,"<entry id=""03233""><hwg><hw>标金<sup>1</sup></hw><pinyin>biāojīn</pinyin></hwg><def><ps>名</ps>投标时的押金。</def>",名词。,名词,投标时的押金。,投标时的押金。,名词。投标时的押金。,在这次建筑工程的投标中，每个竞标者都需要缴纳一定金额的标金。,42,0,0,,,,,1.0,
674,263,2,标金,biāojīn,biāojīn,"<entry id=""03234""><hwg><hw>标金<sup>2</sup></hw><pinyin>biāojīn</pinyin></hwg><def><ps>名</ps>用硬印标明重量和成色的金条，成色为0.978上下。</def>",名词。,名词,用硬印标明重量和成色的金条，成色为0.978上下。,用硬印标明重量和成色的金条，成色为0.978上下。,名词。用硬印标明重量和成色的金条，成色为0.978上下。,你看我们这里的聪明人罢，却吃得笑迷迷，白胖胖，今天买标金，明天讲孔子。,65,0,0,,1.0,,,,
675,264,1,款款,kuǎnkuǎn,kuǎnkuǎn,"<entry id=""30044""><hwg><hw>款款<sup>1</sup></hw><pinyin>kuǎnkuǎn</pinyin></hwg><def>〈书〉<ps>形</ps>诚恳；忠诚：<ex>～深情。</ex></def>",形容词。,形容词,〈书〉诚恳；忠诚。,〈书面语〉诚恳；忠诚。,形容词。〈书面语〉诚恳；忠诚。,款款深情。,22,0,0,1.0,,,,,
676,264,2,款款,kuǎnkuǎn,kuǎnkuǎn,"<entry id=""30045""><hwg><hw>款款<sup>2</sup></hw><pinyin>kuǎnkuǎn</pinyin></hwg><def>〈书〉<ps>副</ps>慢慢地：<ex>～而行｜花香～飘来。</ex></def>",副词。,副词,〈书〉慢慢地。,〈书面语〉慢慢地。,副词。〈书面语〉慢慢地。,款款而行。,19,0,0,1.0,,,,,
677,265,1,正当,zhèngdāng,zhèngdāng,"<entry id=""66316""><hwg><hw>正当</hw><pinyin>zhèngdāng</pinyin></hwg><def><ps>动</ps>正处在（某个时期或阶段）：<ex>～春耕之时。</ex></def><def>　另见<pinyin>zhèngdàng</pinyin>。</def><ci><div class=""title"">词语</div><div class=""cont""><a href=""entry://正当年"">正当年</a><a href=""entry://正当时"">正当时</a><a href=""entry://正当中"">正当中</a></div></ci>",动词。,动词,正处在（某个时期或阶段）。,正处在（某个时期或阶段）。,动词。正处在（某个时期或阶段）。,正当春耕之时。,25,1,0,1.0,,,,,
678,265,2,正当,zhèngdàng,zhèngdàng,"<entry id=""66320""><hwg><hw>正当</hw><pinyin>zhèngdàng</pinyin></hwg><def><ps>形</ps></def><def><num>❶</num> 合理合法的：<ex>～行为｜～的要求。</ex></def><def><num>❷</num> （人品）端正。</def><def>　另见<pinyin>zhèngdāng</pinyin>。</def><ci><div class=""title"">词语</div><div class=""cont""><a href=""entry://正当防卫"">正当防卫</a></div></ci>",形容词。,形容词,合理合法的。,合理合法的。,形容词。合理合法的。,正当行为。,17,1,1,1.0,,,,,
679,265,3,正当,zhèngdàng,zhèngdàng,"<entry id=""66320""><hwg><hw>正当</hw><pinyin>zhèngdàng</pinyin></hwg><def><ps>形</ps></def><def><num>❶</num> 合理合法的：<ex>～行为｜～的要求。</ex></def><def><num>❷</num> （人品）端正。</def><def>　另见<pinyin>zhèngdāng</pinyin>。</def><ci><div class=""title"">词语</div><div class=""cont""><a href=""entry://正当防卫"">正当防卫</a></div></ci>",形容词。,形容词,（人品）端正。,（人品）端正。,形容词。（人品）端正。,你那个东家不是个正当的商人。,27,1,1,,1.0,,,,
680,266,1,正旦,zhēngdàn,zhēngdàn,"<entry id=""66146""><hwg><hw>正旦</hw><pinyin>zhēngdàn</pinyin></hwg><def>〈书〉<ps>名</ps>农历正月初一日。</def><def>　另见<pinyin>zhèngdàn</pinyin>。</def>",名词。,名词,〈书〉农历正月初一日。,〈书面语〉农历正月初一日。,名词。〈书面语〉农历正月初一日。,正旦这天，人们纷纷前往寺庙祈福，希望新的一年平安吉祥。,45,1,0,,,,,1.0,
681,266,2,正旦,zhèngdàn,zhèngdàn,"<entry id=""66315""><hwg><hw>正旦</hw><pinyin>zhèngdàn</pinyin></hwg><def><ps>名</ps>戏曲角色行当，青衣的旧称，有些地方剧种里还用这个名称。</def><def>　另见<pinyin>zhēngdàn</pinyin>。</def>",名词。,名词,戏曲角色行当，青衣的旧称，有些地方剧种里还用这个名称。,戏曲角色行当，青衣的旧称，有些地方剧种里还用这个名称。,名词。戏曲角色行当，青衣的旧称，有些地方剧种里还用这个名称。,他公公在临春班做正旦，小时也是极有名头的。,53,1,0,,,1.0,,,
682,267,1,正经,zhèngjīng,zhèngjīng,"<entry id=""66352""><hwg><hw>正经</hw><pinyin>zhèngjīng</pinyin></hwg><def><ps>名</ps>旧时指十三经：<ex>～正史。</ex>参看〖<a href=""entry://十三经"">十三经</a>〗。</def>",名词。,名词,旧时指十三经。,旧时指十三经。,名词。旧时指十三经。,正经正史。,17,1,0,1.0,,,,,
683,267,2,正经,zhèng·jing（口语中也读zhèngjǐng）,zhèngjing,"<entry id=""66353""><hwg><hw>正经</hw><pinyin>zhèng·jing（口语中也读zhèngjǐng）</pinyin></hwg><def><num>❶</num> <ps>形</ps>端庄正派：<ex>～人。</ex></def><def><num>❷</num> <ps>形</ps>正当的：<ex>～事<small>儿</small>｜我们的钱必须用在～地方。</ex></def><def><num>❸</num> <ps>形</ps>正式的；合乎一定标准的：<ex>～货。</ex></def><def><num>❹</num> <ps>形</ps>严肃而认真：<ex>他很～地和我谈这件事。</ex></def><def><num>❺</num> 〈方〉<ps>副</ps>确实；实在：<ex>黄瓜长得～不错呢！</ex></def><ci><div class=""title"">词语</div><div class=""cont""><a href=""entry://正经八百"">正经八百</a></div></ci>",形容词。,形容词,端庄正派。,端庄正派。,形容词。端庄正派。,正经人。,15,1,1,1.0,,,,,
684,267,3,正经,zhèng·jing（口语中也读zhèngjǐng）,zhèngjing,"<entry id=""66353""><hwg><hw>正经</hw><pinyin>zhèng·jing（口语中也读zhèngjǐng）</pinyin></hwg><def><num>❶</num> <ps>形</ps>端庄正派：<ex>～人。</ex></def><def><num>❷</num> <ps>形</ps>正当的：<ex>～事<small>儿</small>｜我们的钱必须用在～地方。</ex></def><def><num>❸</num> <ps>形</ps>正式的；合乎一定标准的：<ex>～货。</ex></def><def><num>❹</num> <ps>形</ps>严肃而认真：<ex>他很～地和我谈这件事。</ex></def><def><num>❺</num> 〈方〉<ps>副</ps>确实；实在：<ex>黄瓜长得～不错呢！</ex></def><ci><div class=""title"">词语</div><div class=""cont""><a href=""entry://正经八百"">正经八百</a></div></ci>",形容词。,形容词,正当的。,正当的。,形容词。正当的。,我们的钱必须用在正经地方。,23,1,1,1.0,,,,,
685,267,4,正经,zhèng·jing（口语中也读zhèngjǐng）,zhèngjing,"<entry id=""66353""><hwg><hw>正经</hw><pinyin>zhèng·jing（口语中也读zhèngjǐng）</pinyin></hwg><def><num>❶</num> <ps>形</ps>端庄正派：<ex>～人。</ex></def><def><num>❷</num> <ps>形</ps>正当的：<ex>～事<small>儿</small>｜我们的钱必须用在～地方。</ex></def><def><num>❸</num> <ps>形</ps>正式的；合乎一定标准的：<ex>～货。</ex></def><def><num>❹</num> <ps>形</ps>严肃而认真：<ex>他很～地和我谈这件事。</ex></def><def><num>❺</num> 〈方〉<ps>副</ps>确实；实在：<ex>黄瓜长得～不错呢！</ex></def><ci><div class=""title"">词语</div><div class=""cont""><a href=""entry://正经八百"">正经八百</a></div></ci>",形容词。,形容词,正式的；合乎一定标准的。,正式的；合乎一定标准的。,形容词。正式的；合乎一定标准的。,正经货。,22,1,1,1.0,,,,,
686,267,5,正经,zhèng·jing（口语中也读zhèngjǐng）,zhèngjing,"<entry id=""66353""><hwg><hw>正经</hw><pinyin>zhèng·jing（口语中也读zhèngjǐng）</pinyin></hwg><def><num>❶</num> <ps>形</ps>端庄正派：<ex>～人。</ex></def><def><num>❷</num> <ps>形</ps>正当的：<ex>～事<small>儿</small>｜我们的钱必须用在～地方。</ex></def><def><num>❸</num> <ps>形</ps>正式的；合乎一定标准的：<ex>～货。</ex></def><def><num>❹</num> <ps>形</ps>严肃而认真：<ex>他很～地和我谈这件事。</ex></def><def><num>❺</num> 〈方〉<ps>副</ps>确实；实在：<ex>黄瓜长得～不错呢！</ex></def><ci><div class=""title"">词语</div><div class=""cont""><a href=""entry://正经八百"">正经八百</a></div></ci>",形容词。,形容词,严肃而认真。,严肃而认真。,形容词。严肃而认真。,他很正经地和我谈这件事。,24,1,1,1.0,,,,,
687,268,1,正色,zhèngsè,zhèngsè,"<entry id=""66381""><hwg><hw>正色<sup>1</sup></hw><pinyin>zhèngsè</pinyin></hwg><def>〈书〉<ps>名</ps>纯正的颜色，指青、黄、赤、白、黑等色。</def>",名词。,名词,〈书〉纯正的颜色，指青、黄、赤、白、黑等色。,〈书面语〉纯正的颜色，指青、黄、赤、白、黑等色。,名词。〈书面语〉纯正的颜色，指青、黄、赤、白、黑等色。,反正像作画一样，花无正色鸟无名，只要取个意思就成。,54,0,0,,,,,1.0,
688,268,2,正色,zhèngsè,zhèngsè,"<entry id=""66382""><hwg><hw>正色<sup>2</sup></hw><pinyin>zhèngsè</pinyin></hwg><def><ps>副</ps>态度严肃；神色严厉：<ex>～拒绝｜～直言。</ex></def>",副词。,副词,态度严肃；神色严厉。,态度严肃；神色严厉。,副词。态度严肃；神色严厉。,正色拒绝。,20,0,0,1.0,,,,,
689,269,1,死信,sǐxìn,sǐxìn,"<entry id=""48794""><hwg><hw>死信<sup>1</sup></hw><pinyin>sǐxìn</pinyin></hwg><def>（～<small>儿</small>）<ps>名</ps>人死了的消息。</def>",名词。,名词,（死信儿）人死了的消息。,人死了的消息。,名词。人死了的消息。,死信传来，全家悲恸欲绝。,24,0,0,,1.0,,,,
690,269,2,死信,sǐxìn,sǐxìn,"<entry id=""48795""><hwg><hw>死信<sup>2</sup></hw><pinyin>sǐxìn</pinyin></hwg><def><ps>名</ps>无法投递的信件。</def>",名词。,名词,无法投递的信件。,无法投递的信件。,名词。无法投递的信件。,老丁真不愧是个模范邮递员，这些年来有多少封死信都被他送到收信人手里。,47,0,0,,1.0,,,,
691,270,1,死期,sǐqī,sǐqī,"<entry id=""48772""><hwg><hw>死期<sup>1</sup></hw><pinyin>sǐqī</pinyin></hwg><def><ps>名</ps>死亡的日期。</def>",名词。,名词,死亡的日期。,死亡的日期。,名词。死亡的日期。,阎王爷说，你死期未到，回去吧！这不，我一张眼又活过来了！,39,0,0,,1.0,,,,
692,270,2,死期,sǐqī,sǐqī,"<entry id=""48773""><hwg><hw>死期<sup>2</sup></hw><pinyin>sǐqī</pinyin></hwg><def>〈口〉<ps>形</ps>属性词。定期。</def>",形容词。,形容词,〈口〉属性词。定期。,〈口语〉属性词。定期。,形容词。〈口语〉属性词。定期。,这笔钱存的是死期。,26,0,0,,1.0,,,,
693,271,1,残毒,cándú,cándú,"<entry id=""04841""><hwg><hw>残毒<sup>1</sup></hw><pinyin>cándú</pinyin></hwg><def><ps>形</ps>凶残狠毒：<ex>生性～。</ex></def>",形容词。,形容词,凶残狠毒。,凶残狠毒。,形容词。凶残狠毒。,生性残毒。,16,0,0,1.0,,,,,
694,271,2,残毒,cándú,cándú,"<entry id=""04842""><hwg><hw>残毒<sup>2</sup></hw><pinyin>cándú</pinyin></hwg><def><ps>名</ps>作物、牧草等上面残存的农药或其他污染物质；动物吃了含毒植物后残存在肉、乳、蛋、毛里面的农药或其他污染物质。</def>",名词。,名词,作物、牧草等上面残存的农药或其他污染物质；动物吃了含毒植物后残存在肉、乳、蛋、毛里面的农药或其他污染物质。,作物、牧草等上面残存的农药或其他污染物质；动物吃了含毒植物后残存在肉、乳、蛋、毛里面的农药或其他污染物质。,名词。作物、牧草等上面残存的农药或其他污染物质；动物吃了含毒植物后残存在肉、乳、蛋、毛里面的农药或其他污染物质。,从目前看，农药残毒是农药污染的主要因素。,78,0,0,,1.0,,,,
695,272,1,民调,míndiào,míndiào,"<entry id=""35886""><hwg><hw>民调</hw><pinyin>míndiào</pinyin></hwg><def><ps>动</ps>民意调查：<ex>电话～｜～显示，公众对房价暴涨极为不满。</ex></def><def>　另见<pinyin>míntiáo</pinyin>。</def>",动词。,动词,民意调查。,民意调查。,动词。民意调查。,民调显示，公众对房价暴涨极为不满。,27,1,0,1.0,,,,,
696,272,2,民调,míntiáo,míntiáo,"<entry id=""35924""><hwg><hw>民调</hw><pinyin>míntiáo</pinyin></hwg><def><ps>动</ps>民事调解：<ex>～员｜社区～治安委员会。</ex></def><def>　另见<pinyin>míndiào</pinyin>。</def>",动词。,动词,民事调解。,民事调解。,动词。民事调解。,社区民调治安委员会。,20,1,0,1.0,,,,,
697,273,1,民运,mínyùn,mínyùn,"<entry id=""35940""><hwg><hw>民运<sup>1</sup></hw><pinyin>mínyùn</pinyin></hwg><def><ps>名</ps></def><def><num>❶</num> 有关人民生活物资的运输工作。</def><def><num>❷</num> 民营的运输业。</def>",名词。,名词,有关人民生活物资的运输工作。,有关人民生活物资的运输工作。,名词。有关人民生活物资的运输工作。,为了确保春节期间市场供应充足，政府加大了对民运车辆的调度力度，以保障人民生活物资能够及时送达。,66,0,1,,,,,1.0,
698,273,2,民运,mínyùn,mínyùn,"<entry id=""35940""><hwg><hw>民运<sup>1</sup></hw><pinyin>mínyùn</pinyin></hwg><def><ps>名</ps></def><def><num>❶</num> 有关人民生活物资的运输工作。</def><def><num>❷</num> 民营的运输业。</def>",名词。,名词,民营的运输业。,民营的运输业。,名词。民营的运输业。,近年来，随着电商的蓬勃发展，民运公司如雨后春笋般涌现。,39,0,1,,,,,1.0,
699,273,3,民运,mínyùn,mínyùn,"<entry id=""35941""><hwg><hw>民运<sup>2</sup></hw><pinyin>mínyùn</pinyin></hwg><def><ps>名</ps>指民众运动：<ex>～工作｜～干事。</ex></def>",名词。,名词,指民众运动。,指民众运动。,名词。指民众运动。,历史上那场轰轰烈烈的民运，推动了社会进步和变革的浪潮。,38,0,0,,,,,1.0,
700,274,1,水族,Shuǐzú,Shuǐzú,"<entry id=""48377""><hwg><hw>水族<sup>1</sup></hw><pinyin>Shuǐzú</pinyin></hwg><def><ps>名</ps>我国少数民族之一，分布在贵州。</def>",名词。,名词,我国少数民族之一，分布在贵州。,我国少数民族之一，分布在贵州。,名词。我国少数民族之一，分布在贵州。,这位学者对水族的历史和习俗进行了深入的研究。,42,0,0,,,,,1.0,
701,274,2,水族,shuǐzú,shuǐzú,"<entry id=""48378""><hwg><hw>水族<sup>2</sup></hw><pinyin>shuǐzú</pinyin></hwg><def><ps>名</ps>生活在水中的动物的总称：<ex>～馆。</ex></def>",名词。,名词,生活在水中的动物的总称。,生活在水中的动物的总称。,名词。生活在水中的动物的总称。,水族馆。,21,0,0,1.0,,,,,
702,275,1,水火,shuǐhuǒ,shuǐhuǒ,"<entry id=""48231""><hwg><hw>水火<sup>1</sup></hw><pinyin>shuǐhuǒ</pinyin></hwg><def><ps>名</ps></def><def><num>❶</num> 水和火两相矛盾，比喻不能相容的对立物：<ex>势如～。</ex></def><def><num>❷</num> 水深火热的略语，比喻苦难的处境：<ex>共产党拯救人民于～之中。</ex></def>",名词。,名词,水和火两相矛盾，比喻不能相容的对立物。,水和火两相矛盾，比喻不能相容的对立物。,名词。水和火两相矛盾，比喻不能相容的对立物。,势如水火。,29,0,1,1.0,,,,,
703,275,2,水火,shuǐhuǒ,shuǐhuǒ,"<entry id=""48231""><hwg><hw>水火<sup>1</sup></hw><pinyin>shuǐhuǒ</pinyin></hwg><def><ps>名</ps></def><def><num>❶</num> 水和火两相矛盾，比喻不能相容的对立物：<ex>势如～。</ex></def><def><num>❷</num> 水深火热的略语，比喻苦难的处境：<ex>共产党拯救人民于～之中。</ex></def>",名词。,名词,水深火热的略语，比喻苦难的处境。,水深火热的略语，比喻苦难的处境。,名词。水深火热的略语，比喻苦难的处境。,共产党拯救人民于水火之中。,34,0,1,1.0,,,,,
704,275,3,水火,shuǐhuǒ,shuǐhuǒ,"<entry id=""48232""><hwg><hw>水火<sup>2</sup></hw><pinyin>shuǐhuǒ</pinyin></hwg><def><ps>动</ps>指排泄大小便（多见于早期白话）。</def><ci><div class=""title"">词语</div><div class=""cont""><a href=""entry://水火无情"">水火无情</a></div></ci>",动词。,动词,指排泄大小便（多见于早期白话）。,指排泄大小便（多见于早期白话）。,动词。指排泄大小便（多见于早期白话）。,石秀说道：“我教他去宝藏顶上躲着，每日饭食，我自对付来与他吃。如要水火，直待夜间爬下来净手。”,68,0,0,,,1.0,,,
705,276,1,水磨,shuǐmó,shuǐmó,"<entry id=""48270""><hwg><hw>水磨</hw><pinyin>shuǐmó</pinyin></hwg><def><ps>动</ps>加水细磨：<ex>～砖的墙。</ex></def><def>　另见<pinyin>shuǐmò</pinyin>。</def><ci><div class=""title"">词语</div><div class=""cont""><a href=""entry://水磨工夫"">水磨工夫</a><a href=""entry://水磨石"">水磨石</a></div></ci>",动词。,动词,加水细磨。,加水细磨。,动词。加水细磨。,花和尚鲁智深，使的就是这一件玩意儿，叫做水磨禅杖。,35,1,0,,1.0,,,,
706,276,2,水磨,shuǐmò,shuǐmò,"<entry id=""48275""><hwg><hw>水磨</hw><pinyin>shuǐmò</pinyin></hwg><def><ps>名</ps>用水力带动的磨，多用来磨面。</def><def>　另见<pinyin>shuǐmó</pinyin>。</def>",名词。,名词,用水力带动的磨，多用来磨面。,用水力带动的磨，多用来磨面。,名词。用水力带动的磨，多用来磨面。,这道泉水……除了供应居民食用，可以灌溉三万亩农田，开动一百盘水磨。,52,1,0,,,1.0,,,
707,277,1,水龙,shuǐlóng,shuǐlóng,"<entry id=""48256""><hwg><hw>水龙<sup>1</sup></hw><pinyin>shuǐlóng</pinyin></hwg><def><ps>名</ps>多年生草本植物，叶子长椭圆形，花黄色，蒴果圆柱形。生在沼泽等浅水中，全草入药。</def>",名词。,名词,多年生草本植物，叶子长椭圆形，花黄色，蒴果圆柱形。生在沼泽等浅水中，全草入药。,多年生草本植物，叶子长椭圆形，花黄色，蒴果圆柱形。生在沼泽等浅水中，全草入药。,名词。多年生草本植物，叶子长椭圆形，花黄色，蒴果圆柱形。生在沼泽等浅水中，全草入药。,水龙在这片沼泽地里生长得十分茂盛。,61,0,0,,,,,1.0,
708,277,2,水龙,shuǐlóng,shuǐlóng,"<entry id=""48257""><hwg><hw>水龙<sup>2</sup></hw><pinyin>shuǐlóng</pinyin></hwg><def><ps>名</ps>消防用的引水工具，多用数条长的帆布输水管接成，一端有金属制的喷嘴，另一端和水源连接。</def><ci><div class=""title"">词语</div><div class=""cont""><a href=""entry://水龙头"">水龙头</a></div></ci>",名词。,名词,消防用的引水工具，多用数条长的帆布输水管接成，一端有金属制的喷嘴，另一端和水源连接。,消防用的引水工具，多用数条长的帆布输水管接成，一端有金属制的喷嘴，另一端和水源连接。,名词。消防用的引水工具，多用数条长的帆布输水管接成，一端有金属制的喷嘴，另一端和水源连接。,消防员迅速拿起水龙，对准火源喷水灭火。,66,0,0,,,,,1.0,
709,278,1,沉着,chénzhuó,chénzhuó,"<entry id=""06362""><hwg><hw>沉着<sup>1</sup></hw><pinyin>chénzhuó</pinyin></hwg><def><ps>形</ps>镇静；不慌不忙：<ex>～应战｜勇敢～。</ex></def>",形容词。,形容词,镇静；不慌不忙。,镇静；不慌不忙。,形容词。镇静；不慌不忙。,沉着应战。,19,0,0,1.0,,,,,
710,278,2,沉着,chénzhuó,chénzhuó,"<entry id=""06363""><hwg><hw>沉着<sup>2</sup></hw><pinyin>chénzhuó</pinyin></hwg><def><ps>动</ps>非细胞性的物质（色素、钙质等）沉积在机体的组织中。</def>",动词。,动词,非细胞性的物质（色素、钙质等）沉积在机体的组织中。,非细胞性的物质（色素、钙质等）沉积在机体的组织中。,动词。非细胞性的物质（色素、钙质等）沉积在机体的组织中。,工业废水中的污染物在水体底部沉着，对生态系统造成了严重影响。,60,0,0,,,,,1.0,
711,279,1,油嘴,yóuzuǐ,yóuzuǐ,"<entry id=""62813""><hwg><hw>油嘴<sup>1</sup></hw><pinyin>yóuzuǐ</pinyin></hwg><def><num>❶</num> <ps>形</ps>说话油滑，善于狡辩：<ex>～滑舌。</ex></def><def><num>❷</num> <ps>名</ps>油嘴的人。</def>",形容词。,形容词,说话油滑，善于狡辩。,说话油滑，善于狡辩。,形容词。说话油滑，善于狡辩。,油嘴滑舌。,21,0,1,1.0,,,,,
712,279,2,油嘴,yóuzuǐ,yóuzuǐ,"<entry id=""62813""><hwg><hw>油嘴<sup>1</sup></hw><pinyin>yóuzuǐ</pinyin></hwg><def><num>❶</num> <ps>形</ps>说话油滑，善于狡辩：<ex>～滑舌。</ex></def><def><num>❷</num> <ps>名</ps>油嘴的人。</def>",名词。,名词,油嘴的人。,油嘴的人。,名词。油嘴的人。,他是个不折不扣的油嘴，说话总是半真半假，让人难以捉摸他的真实意图。,43,0,1,,,,,1.0,
713,279,3,油嘴,yóuzuǐ,yóuzuǐ,"<entry id=""62814""><hwg><hw>油嘴<sup>2</sup></hw><pinyin>yóuzuǐ</pinyin></hwg><def>（～<small>儿</small>）<ps>名</ps>喷油的喷嘴。</def><ci><div class=""title"">词语</div><div class=""cont""><a href=""entry://油嘴滑舌"">油嘴滑舌</a></div></ci>",名词。,名词,（油嘴儿）喷油的喷嘴。,喷油的喷嘴。,名词。喷油的喷嘴。,在进行发动机维护时，清洗油嘴是必不可少的一步，它直接关系到发动机的性能和寿命。,50,0,0,,,,,1.0,
714,280,1,油茶,yóuchá,yóuchá,"<entry id=""62741""><hwg><hw>油茶<sup>1</sup></hw><pinyin>yóuchá</pinyin></hwg><def><ps>名</ps>常绿灌木或小乔木，叶子椭圆形，花白色，果实内有黑褐色的种子。种子榨的油叫茶油。油茶是我国的特产，湖南、江西、福建等地种植最多。</def>",名词。,名词,常绿灌木或小乔木，叶子椭圆形，花白色，果实内有黑褐色的种子。种子榨的油叫茶油。油茶是我国的特产，湖南、江西、福建等地种植最多。,常绿灌木或小乔木，叶子椭圆形，花白色，果实内有黑褐色的种子。种子榨的油叫茶油。油茶是我国的特产，湖南、江西、福建等地种植最多。,名词。常绿灌木或小乔木，叶子椭圆形，花白色，果实内有黑褐色的种子。种子榨的油叫茶油。油茶是我国的特产，湖南、江西、福建等地种植最多。,油茶的经济价值很高。,78,0,0,,,,,1.0,
715,280,2,油茶,yóuchá,yóuchá,"<entry id=""62742""><hwg><hw>油茶<sup>2</sup></hw><pinyin>yóuchá</pinyin></hwg><def><ps>名</ps>用油茶面<small>儿</small>冲成的糊状食品。</def><ci><div class=""title"">词语</div><div class=""cont""><a href=""entry://油茶面儿"">油茶面儿</a></div></ci>",名词。,名词,用油茶面儿冲成的糊状食品。,用油茶面儿冲成的糊状食品。,名词。用油茶面儿冲成的糊状食品。,油茶的味道有些苦涩，但正是这独特的风味，让人回味无穷，它不仅滋养身体，也滋养着我们对家乡的记忆。,66,0,0,,,,,1.0,
716,281,1,油饼,yóubǐng,yóubǐng,"<entry id=""62735""><hwg><hw>油饼<sup>1</sup></hw><pinyin>yóubǐng</pinyin></hwg><def><ps>名</ps>油料作物的种子榨油后剩下的压成饼状的渣滓，如豆饼、花生饼等，多用作饲料或肥料。</def>",名词。,名词,油料作物的种子榨油后剩下的压成饼状的渣滓，如豆饼、花生饼等，多用作饲料或肥料。,油料作物的种子榨油后剩下的压成饼状的渣滓，如豆饼、花生饼等，多用作饲料或肥料。,名词。油料作物的种子榨油后剩下的压成饼状的渣滓，如豆饼、花生饼等，多用作饲料或肥料。,农民们将大豆榨油后剩余的油饼收集起来，这些富含营养的豆饼不仅成为了家畜们喜爱的饲料，还被用作田地里的优质有机肥料，促进了农作物的茁壮成长，实现了资源的循环利用。,124,0,0,,,,,1.0,
717,281,2,油饼,yóubǐng,yóubǐng,"<entry id=""62736""><hwg><hw>油饼<sup>2</sup></hw><pinyin>yóubǐng</pinyin></hwg><def>（～<small>儿</small>）<ps>名</ps>一种油炸的面食，扁而圆，多用作早点。</def>",名词。,名词,（油饼儿）一种油炸的面食，扁而圆，多用作早点。,一种油炸的面食，扁而圆，多用作早点。,名词。一种油炸的面食，扁而圆，多用作早点。,他在途中遇见了几个双颊给风吹红肿了的童子紧张着支气管发出一种凄音在叫卖他们的油饼和油条。,67,0,0,,,1.0,,,
718,282,1,法场,fǎchǎng,fǎchǎng,"<entry id=""13936""><hwg><hw>法场<sup>1</sup></hw><pinyin>fǎchǎng</pinyin></hwg><def><ps>名</ps>僧道做法事的场所；道场。</def>",名词。,名词,僧道做法事的场所；道场。,僧道做法事的场所；道场。,名词。僧道做法事的场所；道场。,在古刹的深处，法场静谧而庄严，是僧道们举行法事、修持禅定的场所。,49,0,0,,,,,1.0,
719,282,2,法场,fǎchǎng,fǎchǎng,"<entry id=""13937""><hwg><hw>法场<sup>2</sup></hw><pinyin>fǎchǎng</pinyin></hwg><def><ps>名</ps>旧时执行死刑的地方；刑场。</def>",名词。,名词,旧时执行死刑的地方；刑场。,旧时执行死刑的地方；刑场。,名词。旧时执行死刑的地方；刑场。,一直到了法场上，就在三年前头杀姓赵的地方，一样的伸着脖子，吃了一刀。,52,0,0,,,1.0,,1.0,
720,283,1,洋装,yángzhuāng,yángzhuāng,"<entry id=""59985""><hwg><hw>洋装<sup>1</sup></hw><pinyin>yángzhuāng</pinyin></hwg><def><ps>名</ps>西服。</def>",名词。,名词,西服。,西服。,名词。西服。,丽嘉并没有注意，转过脸去，拿眼在瞅韦护的新洋装了。,33,0,0,,,1.0,,,
721,283,2,洋装,yángzhuāng,yángzhuāng,"<entry id=""59986""><hwg><hw>洋装<sup>2</sup></hw><pinyin>yángzhuāng</pinyin></hwg><def><ps>形</ps>属性词。西式的书籍装订法，装订的线藏在书皮里面的：<ex>～书。</ex></def>",形容词；属性词。,形容词,西式的书籍装订法，装订的线藏在书皮里面的。,西式的书籍装订法，装订的线藏在书皮里面的。,形容词；属性词。西式的书籍装订法，装订的线藏在书皮里面的。,洋装书。,35,0,0,1.0,,,,,
722,284,1,洒落,sǎluò,sǎluò,"<entry id=""44064""><hwg><hw>洒落<sup>1</sup></hw><pinyin>sǎluò</pinyin></hwg><def><ps>动</ps>分散地落下：<ex>一串串汗珠～在地上。</ex></def>",动词。,动词,分散地落下。,分散地落下。,动词。分散地落下。,一串串汗珠洒落在地上。,22,0,0,1.0,,,,,
723,284,2,洒落,sǎluò,sǎluò,"<entry id=""44065""><hwg><hw>洒落<sup>2</sup></hw><pinyin>sǎluò</pinyin></hwg><def>〈书〉<ps>形</ps>潇洒；洒脱：<ex>谈笑～｜风姿～。</ex></def>",形容词。,形容词,〈书〉潇洒；洒脱。,〈书面语〉潇洒；洒脱。,形容词。〈书面语〉潇洒；洒脱。,谈笑洒落。,22,0,0,1.0,,,,,
724,285,1,活路,huólù,huólù,"<entry id=""23273""><hwg><hw>活路</hw><pinyin>huólù</pinyin></hwg><def><ps>名</ps></def><def><num>❶</num> 走得通的路：<ex>遇见白杨树向右转是一条～。</ex></def><def><num>❷</num> 行得通的方法：<ex>他提出的技术革新方案，大家觉得是条～。</ex></def><def><num>❸</num> 能够生活下去的办法：<ex>得找条～，不能等着挨饿。</ex></def>",名词。,名词,走得通的路。,走得通的路。,名词。走得通的路。,遇见白杨树向右转是一条活路。,25,1,1,1.0,,,,,
725,285,2,活路,huólù,huólù,"<entry id=""23273""><hwg><hw>活路</hw><pinyin>huólù</pinyin></hwg><def><ps>名</ps></def><def><num>❶</num> 走得通的路：<ex>遇见白杨树向右转是一条～。</ex></def><def><num>❷</num> 行得通的方法：<ex>他提出的技术革新方案，大家觉得是条～。</ex></def><def><num>❸</num> 能够生活下去的办法：<ex>得找条～，不能等着挨饿。</ex></def>",名词。,名词,行得通的方法。,行得通的方法。,名词。行得通的方法。,他提出的技术革新方案，大家觉得是条活路。,32,1,1,1.0,,,,,
726,285,3,活路,huólù,huólù,"<entry id=""23273""><hwg><hw>活路</hw><pinyin>huólù</pinyin></hwg><def><ps>名</ps></def><def><num>❶</num> 走得通的路：<ex>遇见白杨树向右转是一条～。</ex></def><def><num>❷</num> 行得通的方法：<ex>他提出的技术革新方案，大家觉得是条～。</ex></def><def><num>❸</num> 能够生活下去的办法：<ex>得找条～，不能等着挨饿。</ex></def>",名词。,名词,能够生活下去的办法。,能够生活下去的办法。,名词。能够生活下去的办法。,得找条活路，不能等着挨饿。,28,1,1,1.0,,,,,
727,285,4,活路,huó·lu,huólu,"<entry id=""23274""><hwg><hw>活路</hw><pinyin>huó·lu</pinyin></hwg><def><ps>名</ps>泛指各种体力劳动：<ex>粗细～他都会干｜家里～忙，我抽不开身。</ex></def>",名词。,名词,泛指各种体力劳动。,泛指各种体力劳动。,名词。泛指各种体力劳动。,家里活路忙，我抽不开身。,26,1,0,1.0,,,,,
728,286,1,流放,liúfàng,liúfàng,"<entry id=""33072""><hwg><hw>流放<sup>1</sup></hw><pinyin>liúfàng</pinyin></hwg><def><ps>动</ps>把犯人放逐到边远地方。</def>",动词。,动词,把犯人放逐到边远地方。,把犯人放逐到边远地方。,动词。把犯人放逐到边远地方。,他成了被所有的人都遗弃了的人，流放到这个偏僻的农场来劳教。,45,0,0,1.0,,,,,
729,286,2,流放,liúfàng,liúfàng,"<entry id=""33073""><hwg><hw>流放<sup>2</sup></hw><pinyin>liúfàng</pinyin></hwg><def><ps>动</ps>把原木放在江河中顺流运输。</def>",动词。,动词,把原木放在江河中顺流运输。,把原木放在江河中顺流运输。,动词。把原木放在江河中顺流运输。,流放到贮木场的木材25000多立方米。,37,0,0,1.0,,,,,
730,287,1,消耗,xiāohào,xiāohào,"<entry id=""56595""><hwg><hw>消耗<sup>1</sup></hw><pinyin>xiāohào</pinyin></hwg><def><ps>动</ps></def><def><num>❶</num> （精神、力量、东西等）因使用或受损失而渐渐减少：<ex>～精力｜～能量。</ex></def><def><num>❷</num> 使消耗：<ex>～敌人的有生力量。</ex></def>",动词。,动词,（精神、力量、东西等）因使用或受损失而渐渐减少。,（精神、力量、东西等）因使用或受损失而渐渐减少。,动词。（精神、力量、东西等）因使用或受损失而渐渐减少。,消耗精力。,34,0,1,1.0,,,,,
731,287,2,消耗,xiāohào,xiāohào,"<entry id=""56595""><hwg><hw>消耗<sup>1</sup></hw><pinyin>xiāohào</pinyin></hwg><def><ps>动</ps></def><def><num>❶</num> （精神、力量、东西等）因使用或受损失而渐渐减少：<ex>～精力｜～能量。</ex></def><def><num>❷</num> 使消耗：<ex>～敌人的有生力量。</ex></def>",动词。,动词,使消耗。,使消耗。,动词。使消耗。,消耗敌人的有生力量。,19,0,1,1.0,,,,,
732,287,3,消耗,xiāohào,xiāohào,"<entry id=""56596""><hwg><hw>消耗<sup>2</sup></hw><pinyin>xiāohào</pinyin></hwg><def><ps>名</ps>音信（多见于早期白话）：<ex>杳无～。</ex></def>",名词。,名词,音信（多见于早期白话）。,音信（多见于早期白话）。,名词。音信（多见于早期白话）。,杳无消耗。,22,0,0,1.0,,,,,
733,288,1,清亮,qīngliàng,qīngliàng,"<entry id=""41971""><hwg><hw>清亮</hw><pinyin>qīngliàng</pinyin></hwg><def><ps>形</ps>清脆响亮：<ex>嗓音～｜～的歌声。</ex></def>",形容词。,形容词,清脆响亮。,清脆响亮。,形容词。清脆响亮。,嗓音清亮。,16,1,0,1.0,,,,,
734,288,2,清亮,qīng·liang,qīngliang,"<entry id=""41972""><hwg><hw>清亮</hw><pinyin>qīng·liang</pinyin></hwg><def><ps>形</ps></def><def><num>❶</num> 清澈：<ex>～的河水。</ex></def><def><num>❷</num> 明白：<ex>听他一说，心里一下子～了。</ex></def><def><num>❸</num> 〈方〉清楚；清晰：<ex>石碑上的字迹看不～。</ex></def>",形容词。,形容词,清澈。,清澈。,形容词。清澈。,清亮的河水。,15,1,1,1.0,,,,,
735,288,3,清亮,qīng·liang,qīngliang,"<entry id=""41972""><hwg><hw>清亮</hw><pinyin>qīng·liang</pinyin></hwg><def><ps>形</ps></def><def><num>❶</num> 清澈：<ex>～的河水。</ex></def><def><num>❷</num> 明白：<ex>听他一说，心里一下子～了。</ex></def><def><num>❸</num> 〈方〉清楚；清晰：<ex>石碑上的字迹看不～。</ex></def>",形容词。,形容词,明白。,明白。,形容词。明白。,听他一说，心里一下子清亮了。,23,1,1,1.0,,,,,
736,289,1,清口,qīngkǒu,qīngkǒu,"<entry id=""41960""><hwg><hw>清口<sup>1</sup></hw><pinyin>qīngkǒu</pinyin></hwg><def><ps>形</ps>爽口：<ex>拌黄瓜吃着～。</ex></def>",形容词。,形容词,爽口。,爽口。,形容词。爽口。,拌黄瓜吃着清口。,17,0,0,1.0,,,,,
737,289,2,清口,qīngkǒu,qīngkǒu,"<entry id=""41961""><hwg><hw>清口<sup>2</sup></hw><pinyin>qīngkǒu</pinyin></hwg><def><ps>名</ps>曲艺的一种，由单人表演，传承滑稽（一种曲艺）的艺术形式，语言幽默风趣。</def>",名词。,名词,曲艺的一种，由单人表演，传承滑稽（一种曲艺）的艺术形式，语言幽默风趣。,曲艺的一种，由单人表演，传承滑稽（一种曲艺）的艺术形式，语言幽默风趣。,名词。曲艺的一种，由单人表演，传承滑稽（一种曲艺）的艺术形式，语言幽默风趣。,在古镇的茶馆里，老艺人登台献艺，一场精彩的清口表演让满堂宾客捧腹不已。,75,0,0,,,,,1.0,
738,290,1,清明,qīngmíng,qīngmíng,"<entry id=""41979""><hwg><hw>清明<sup>1</sup></hw><pinyin>qīngmíng</pinyin></hwg><def><ps>形</ps></def><def><num>❶</num> （政治）有法度，有条理：<ex>～之治。</ex></def><def><num>❷</num> （头脑）清楚；清醒：<ex>神志～。</ex></def><def><num>❸</num> 清澈而明朗：<ex>月色～。</ex></def>",形容词。,形容词,（政治）有法度，有条理。,（政治）有法度，有条理。,形容词。（政治）有法度，有条理。,清明之治。,23,0,1,1.0,,,,,
739,290,2,清明,qīngmíng,qīngmíng,"<entry id=""41979""><hwg><hw>清明<sup>1</sup></hw><pinyin>qīngmíng</pinyin></hwg><def><ps>形</ps></def><def><num>❶</num> （政治）有法度，有条理：<ex>～之治。</ex></def><def><num>❷</num> （头脑）清楚；清醒：<ex>神志～。</ex></def><def><num>❸</num> 清澈而明朗：<ex>月色～。</ex></def>",形容词。,形容词,（头脑）清楚；清醒。,（头脑）清楚；清醒。,形容词。（头脑）清楚；清醒。,神志清明。,21,0,1,1.0,,,,,
740,290,3,清明,qīngmíng,qīngmíng,"<entry id=""41979""><hwg><hw>清明<sup>1</sup></hw><pinyin>qīngmíng</pinyin></hwg><def><ps>形</ps></def><def><num>❶</num> （政治）有法度，有条理：<ex>～之治。</ex></def><def><num>❷</num> （头脑）清楚；清醒：<ex>神志～。</ex></def><def><num>❸</num> 清澈而明朗：<ex>月色～。</ex></def>",形容词。,形容词,清澈而明朗。,清澈而明朗。,形容词。清澈而明朗。,月色清明。,17,0,1,1.0,,,,,
741,290,4,清明,qīngmíng,qīngmíng,"<entry id=""41980""><hwg><hw>清明<sup>2</sup></hw><pinyin>qīngmíng</pinyin></hwg><def><ps>名</ps>二十四节气之一，在4月4、5或6日。民间习惯在这天扫墓。参看〖<a href=""entry://节气"">节气</a>〗、〖<a href=""entry://二十四节气"">二十四节气</a>〗。</def>",名词。,名词,二十四节气之一，在月、或日。民间习惯在这天扫墓。,二十四节气之一，在月、或日。民间习惯在这天扫墓。,名词。二十四节气之一，在月、或日。民间习惯在这天扫墓。,清明扫墓，虽不焚化纸钱，也可训练小孩子一种恭肃静默的对先人的敬礼。,62,0,0,,1.0,,,,
742,291,1,清音,qīngyīn,qīngyīn,"<entry id=""42020""><hwg><hw>清音<sup>1</sup></hw><pinyin>qīngyīn</pinyin></hwg><def><ps>名</ps></def><def><num>❶</num> 曲艺的一种，流行于四川、重庆，用琵琶、二胡等伴奏。</def><def><num>❷</num> 旧时婚丧仪式中所用的吹奏乐。</def>",名词。,名词,曲艺的一种，流行于四川、重庆，用琵琶、二胡等伴奏。,曲艺的一种，流行于四川、重庆，用琵琶、二胡等伴奏。,名词。曲艺的一种，流行于四川、重庆，用琵琶、二胡等伴奏。,在茶馆的一角，一位艺人正弹奏着琵琶，轻唱着四川清音，那悠扬的歌声和动听的旋律吸引了众多茶客的驻足聆听。,81,0,1,,,,,1.0,
743,291,2,清音,qīngyīn,qīngyīn,"<entry id=""42020""><hwg><hw>清音<sup>1</sup></hw><pinyin>qīngyīn</pinyin></hwg><def><ps>名</ps></def><def><num>❶</num> 曲艺的一种，流行于四川、重庆，用琵琶、二胡等伴奏。</def><def><num>❷</num> 旧时婚丧仪式中所用的吹奏乐。</def>",名词。,名词,旧时婚丧仪式中所用的吹奏乐。,旧时婚丧仪式中所用的吹奏乐。,名词。旧时婚丧仪式中所用的吹奏乐。,在庄重的婚礼上，清音雅韵萦绕在礼堂的每个角落，为新人的幸福时刻增添了几分宁静与和谐。,61,0,1,,,,,1.0,
744,291,3,清音,qīngyīn,qīngyīn,"<entry id=""42021""><hwg><hw>清音<sup>2</sup></hw><pinyin>qīngyīn</pinyin></hwg><def><ps>名</ps>发音时声带不振动的音。参看〖<a href=""entry://带音"">带音</a>〗。</def>",名词。,名词,发音时声带不振动的音。,发音时声带不振动的音。,名词。发音时声带不振动的音。,当学习发音技巧时，我们了解到清音是指发音时声带不振动的音。,45,0,0,,,,,1.0,
745,292,1,游方,yóufāng,yóufāng,"<entry id=""62836""><hwg><hw>游方<sup>1</sup></hw><pinyin>yóufāng</pinyin></hwg><def><ps>动</ps>云游四方：<ex>～和尚｜～郎中。</ex></def>",动词。,动词,云游四方。,云游四方。,动词。云游四方。,游方郎中。,15,0,0,1.0,,,,,
746,292,2,游方,yóufāng,yóufāng,"<entry id=""62837""><hwg><hw>游方<sup>2</sup></hw><pinyin>yóufāng</pinyin></hwg><def><ps>动</ps>苗族男女青年的社交方式，多在节日或农闲时进行。通常是男女对歌，相邀谈话，互赠信物等。</def>",动词。,动词,苗族男女青年的社交方式，多在节日或农闲时进行。通常是男女对歌，相邀谈话，互赠信物等。,苗族男女青年的社交方式，多在节日或农闲时进行。通常是男女对歌，相邀谈话，互赠信物等。,动词。苗族男女青年的社交方式，多在节日或农闲时进行。通常是男女对歌，相邀谈话，互赠信物等。,两棵枫香树活像两个小伙子，撑着伞儿站在那里游方唱歌。,73,0,0,,1.0,,,,
747,293,1,滚开,gǔnkāi,gǔnkāi,"<entry id=""19452""><hwg><hw>滚开<sup>1</sup></hw><pinyin>gǔnkāi</pinyin></hwg><def><ps>动</ps>走开；离开（斥责人的话）。</def>",动词。,动词,走开；离开（斥责人的话）。,走开；离开（斥责人的话）。,动词。走开；离开（斥责人的话）。,你给我滚开！,24,0,0,,1.0,,,,
748,293,2,滚开,gǔnkāi,gǔnkāi,"<entry id=""19453""><hwg><hw>滚开<sup>2</sup></hw><pinyin>gǔnkāi</pinyin></hwg><def><ps>形</ps>液体温度高，达到沸点以上：<ex>一壶～的水。</ex></def>",形容词。,形容词,液体温度高，达到沸点以上。,液体温度高，达到沸点以上。,形容词。液体温度高，达到沸点以上。,一壶滚开的水。,26,0,0,1.0,,,,,
749,294,1,满怀,mǎnhuái,mǎnhuái,"<entry id=""34536""><hwg><hw>满怀<sup>1</sup></hw><pinyin>mǎnhuái</pinyin></hwg><def><num>❶</num> <ps>动</ps>心中充满：<ex>～信心｜豪情～。</ex></def><def><num>❷</num> <ps>名</ps>指整个前胸部分：<ex>没留神跟他撞个～。</ex></def>",动词。,动词,心中充满。,心中充满。,动词。心中充满。,满怀信心。,15,0,1,1.0,,,,,
750,294,2,满怀,mǎnhuái,mǎnhuái,"<entry id=""34536""><hwg><hw>满怀<sup>1</sup></hw><pinyin>mǎnhuái</pinyin></hwg><def><num>❶</num> <ps>动</ps>心中充满：<ex>～信心｜豪情～。</ex></def><def><num>❷</num> <ps>名</ps>指整个前胸部分：<ex>没留神跟他撞个～。</ex></def>",名词。,名词,指整个前胸部分。,指整个前胸部分。,名词。指整个前胸部分。,没留神跟他撞个满怀。,23,0,1,1.0,,,,,
751,294,3,满怀,mǎnhuái,mǎnhuái,"<entry id=""34537""><hwg><hw>满怀<sup>2</sup></hw><pinyin>mǎnhuái</pinyin></hwg><def><ps>动</ps>指所饲养的适龄的母畜全部怀孕。</def>",动词。,动词,指所饲养的适龄的母畜全部怀孕。,指所饲养的适龄的母畜全部怀孕。,动词。指所饲养的适龄的母畜全部怀孕。,今年的养殖场真是大丰收，所有的适龄母牛都满怀了，预计不久就会有大量的小牛犊降生。,60,0,0,,,,,1.0,
752,295,1,滴答,dīdā,dīdā,"<entry id=""11093""><hwg><hw>滴答</hw><pinyin>dīdā</pinyin></hwg><def><num>❶</num> <ps>拟声</ps>形容水滴落下的声音：<ex>窗外滴滴答答，雨还没有停。</ex></def><def><num>❷</num> 同“<a href=""entry://嘀嗒"">嘀嗒</a>”（<pinyin>dīdā</pinyin>）。</def>",拟声词。,拟声词,形容水滴落下的声音。,形容水滴落下的声音。,拟声词。形容水滴落下的声音。,窗外滴滴答答，雨还没有停。,29,1,0,1.0,,,,,
753,295,2,滴答,dī·da,dīda,"<entry id=""11094""><hwg><hw>滴答</hw><pinyin>dī·da</pinyin></hwg><def><ps>动</ps>成滴地落下：<ex>汗直往下～｜屋顶上的雪化了，屋檐～着水。</ex>也作嘀嗒。</def>",动词。,动词,成滴地落下。,成滴地落下。,动词。成滴地落下。,汗直往下滴答。,18,1,0,1.0,,,,,
754,296,1,灌肠,guàn//cháng,guàncháng,"<entry id=""19029""><hwg><hw>灌肠</hw><pinyin>guàn//cháng</pinyin></hwg><def><ps>动</ps>为了清洗肠道、治疗疾病等，把水、液体药物等从肛门灌到肠内。</def>",动词。,动词,为了清洗肠道、治疗疾病等，把水、液体药物等从肛门灌到肠内。,为了清洗肠道、治疗疾病等，把水、液体药物等从肛门灌到肠内。,动词。为了清洗肠道、治疗疾病等，把水、液体药物等从肛门灌到肠内。,医生建议使用灌肠治疗来缓解便秘问题，患者感觉效果很好。,61,0,0,,,,,1.0,
755,296,2,灌肠,guàn·cháng,guàncháng,"<entry id=""19030""><hwg><hw>灌肠</hw><pinyin>guàn·cháng</pinyin></hwg><def><ps>名</ps>食品，原来是用肠衣塞肉末和淀粉，现在多用淀粉制成，吃时切成片，用油煎熟，放上蒜汁等。</def>",名词。,名词,食品，原来是用肠衣塞肉末和淀粉，现在多用淀粉制成，吃时切成片，用油煎熟，放上蒜汁等。,食品，原来是用肠衣塞肉末和淀粉，现在多用淀粉制成，吃时切成片，用油煎熟，放上蒜汁等。,名词。食品，原来是用肠衣塞肉末和淀粉，现在多用淀粉制成，吃时切成片，用油煎熟，放上蒜汁等。,江华还没有回答，夫役送来一大包吃的东西——有火烧，有熏鸡，有灌肠、熟肉等等，摆了半桌子。,91,0,0,,,,,1.0,
756,297,1,火花,huǒhuā,huǒhuā,"<entry id=""23334""><hwg><hw>火花<sup>1</sup></hw><pinyin>huǒhuā</pinyin></hwg><def><ps>名</ps>迸发的火焰：<ex>烟火喷出灿烂的～◇生命的～。</ex></def>",名词。,名词,迸发的火焰。,迸发的火焰。,名词。迸发的火焰。,烟火喷出灿烂的火花。,21,0,0,1.0,,,,,
757,297,2,火花,huǒhuā,huǒhuā,"<entry id=""23335""><hwg><hw>火花<sup>2</sup></hw><pinyin>huǒhuā</pinyin></hwg><def>（～<small>儿</small>）<ps>名</ps>火柴盒上的图案。</def><ci><div class=""title"">词语</div><div class=""cont""><a href=""entry://火花塞"">火花塞</a></div></ci>",名词。,名词,（火花儿）火柴盒上的图案。,火柴盒上的图案。,名词。火柴盒上的图案。,我的弟弟喜欢收集火花。,24,0,0,,,,,1.0,
758,298,1,点子,diǎn·zi,diǎnzi,"<entry id=""11588""><hwg><hw>点子<sup>1</sup></hw><pinyin>diǎn·zi</pinyin></hwg><def><num>❶</num> <ps>名</ps>液体的小滴：<ex>雨～。</ex></def><def><num>❷</num> <ps>名</ps>小的痕迹：<ex>衣服上有几个油～。</ex></def><def><num>❸</num> <ps>名</ps>指打击乐器演奏时的节拍：<ex>鼓～。</ex></def><def><num>❹</num> 〈方〉<ps>量</ps>表示少量：<ex>这个病抓～药吃就好了。</ex></def>",名词。,名词,液体的小滴。,液体的小滴。,名词。液体的小滴。,雨点子。,15,0,1,1.0,,,,,
759,298,2,点子,diǎn·zi,diǎnzi,"<entry id=""11588""><hwg><hw>点子<sup>1</sup></hw><pinyin>diǎn·zi</pinyin></hwg><def><num>❶</num> <ps>名</ps>液体的小滴：<ex>雨～。</ex></def><def><num>❷</num> <ps>名</ps>小的痕迹：<ex>衣服上有几个油～。</ex></def><def><num>❸</num> <ps>名</ps>指打击乐器演奏时的节拍：<ex>鼓～。</ex></def><def><num>❹</num> 〈方〉<ps>量</ps>表示少量：<ex>这个病抓～药吃就好了。</ex></def>",名词。,名词,小的痕迹。,小的痕迹。,名词。小的痕迹。,衣服上有几个油点子。,20,0,1,1.0,,,,,
760,298,3,点子,diǎn·zi,diǎnzi,"<entry id=""11588""><hwg><hw>点子<sup>1</sup></hw><pinyin>diǎn·zi</pinyin></hwg><def><num>❶</num> <ps>名</ps>液体的小滴：<ex>雨～。</ex></def><def><num>❷</num> <ps>名</ps>小的痕迹：<ex>衣服上有几个油～。</ex></def><def><num>❸</num> <ps>名</ps>指打击乐器演奏时的节拍：<ex>鼓～。</ex></def><def><num>❹</num> 〈方〉<ps>量</ps>表示少量：<ex>这个病抓～药吃就好了。</ex></def>",名词。,名词,指打击乐器演奏时的节拍。,指打击乐器演奏时的节拍。,名词。指打击乐器演奏时的节拍。,鼓点子。,21,0,1,1.0,,,,,
761,298,4,点子,diǎn·zi,diǎnzi,"<entry id=""11589""><hwg><hw>点子<sup>2</sup></hw><pinyin>diǎn·zi</pinyin></hwg><def><ps>名</ps></def><def><num>❶</num> 关键的地方：<ex>这句话说到～上了｜劲<small>儿</small>没使在～上。</ex></def><def><num>❷</num> 主意；办法：<ex>出～｜想～。</ex></def>",名词。,名词,关键的地方。,关键的地方。,名词。关键的地方。,这句话说到点子上了。,21,0,1,1.0,,,,,
762,298,5,点子,diǎn·zi,diǎnzi,"<entry id=""11589""><hwg><hw>点子<sup>2</sup></hw><pinyin>diǎn·zi</pinyin></hwg><def><ps>名</ps></def><def><num>❶</num> 关键的地方：<ex>这句话说到～上了｜劲<small>儿</small>没使在～上。</ex></def><def><num>❷</num> 主意；办法：<ex>出～｜想～。</ex></def>",名词。,名词,主意；办法。,主意；办法。,名词。主意；办法。,出点子。,15,0,1,1.0,,,,,
763,299,1,点播,diǎnbō,diǎnbō,"<entry id=""11551""><hwg><hw>点播<sup>1</sup></hw><pinyin>diǎnbō</pinyin></hwg><def><ps>动</ps>播种的一种方法，每隔一定距离挖一小坑，放入种子。也叫点种（<pinyin>diǎnzhòng</pinyin>）。</def>",动词。,动词,播种的一种方法，每隔一定距离挖一小坑，放入种子。也叫点种。,播种的一种方法，每隔一定距离挖一小坑，放入种子。也叫点种。,动词。播种的一种方法，每隔一定距离挖一小坑，放入种子。也叫点种。,农民们在田地里仔细地进行点播，期待秋季的丰收。,57,0,0,,,,,1.0,
764,299,2,点播,diǎnbō,diǎnbō,"<entry id=""11552""><hwg><hw>点播<sup>2</sup></hw><pinyin>diǎnbō</pinyin></hwg><def><ps>动</ps>指定节目请广播电台、电视台播送：<ex>听众～的音乐节目。</ex></def>",动词。,动词,指定节目请广播电台、电视台播送。,指定节目请广播电台、电视台播送。,动词。指定节目请广播电台、电视台播送。,听众点播的音乐节目。,31,0,0,1.0,,,,,
765,300,1,点种,diǎn//zhǒng,diǎnzhǒng,"<entry id=""11585""><hwg><hw>点种</hw><pinyin>diǎn//zhǒng</pinyin></hwg><def><ps>动</ps>点播种子。</def>",动词。,动词,点播种子。,点播种子。,动词。点播种子。,使用现代化的机械点种设备，大大提高了播种的效率和准确性。,38,1,0,,,,,1.0,
766,300,2,点种,diǎnzhòng,diǎnzhòng,"<entry id=""11586""><hwg><hw>点种</hw><pinyin>diǎnzhòng</pinyin></hwg><def><ps>动</ps>点播<sup>1</sup>。</def>",动词。,动词,点播。,点播。,动词。点播。,农民们按照计划，在田地里精心点种着各种农作物的种子。,34,1,0,,,,,1.0,
767,301,1,烟火,yānhuǒ,yānhuǒ,"<entry id=""59332""><hwg><hw>烟火</hw><pinyin>yānhuǒ</pinyin></hwg><def><ps>名</ps></def><def><num>❶</num> 烟和火：<ex>动～（指生火做饭）｜建筑工地严禁～。</ex></def><def><num>❷</num> 烟火食：<ex>不食人间～。</ex></def><def><num>❸</num> 〈书〉烽火；战火。</def><def><num>❹</num> 旧时指祭祀祖先的事，借指后嗣：<ex>绝了～。</ex></def>",名词。,名词,烟和火。,烟和火。,名词。烟和火。,建筑工地严禁烟火。,18,1,1,1.0,,,,,
768,301,2,烟火,yānhuǒ,yānhuǒ,"<entry id=""59332""><hwg><hw>烟火</hw><pinyin>yānhuǒ</pinyin></hwg><def><ps>名</ps></def><def><num>❶</num> 烟和火：<ex>动～（指生火做饭）｜建筑工地严禁～。</ex></def><def><num>❷</num> 烟火食：<ex>不食人间～。</ex></def><def><num>❸</num> 〈书〉烽火；战火。</def><def><num>❹</num> 旧时指祭祀祖先的事，借指后嗣：<ex>绝了～。</ex></def>",名词。,名词,烟火食。,烟火食。,名词。烟火食。,不食人间烟火。,16,1,1,1.0,,,,,
769,301,3,烟火,yānhuǒ,yānhuǒ,"<entry id=""59332""><hwg><hw>烟火</hw><pinyin>yānhuǒ</pinyin></hwg><def><ps>名</ps></def><def><num>❶</num> 烟和火：<ex>动～（指生火做饭）｜建筑工地严禁～。</ex></def><def><num>❷</num> 烟火食：<ex>不食人间～。</ex></def><def><num>❸</num> 〈书〉烽火；战火。</def><def><num>❹</num> 旧时指祭祀祖先的事，借指后嗣：<ex>绝了～。</ex></def>",名词。,名词,〈书〉烽火；战火。,〈书面语〉烽火；战火。,名词。〈书面语〉烽火；战火。,北边自宣帝以来，数世不见烟火之警，人民炽盛，牛羊布野。,43,1,1,,,1.0,,,
770,301,4,烟火,yānhuǒ,yānhuǒ,"<entry id=""59332""><hwg><hw>烟火</hw><pinyin>yānhuǒ</pinyin></hwg><def><ps>名</ps></def><def><num>❶</num> 烟和火：<ex>动～（指生火做饭）｜建筑工地严禁～。</ex></def><def><num>❷</num> 烟火食：<ex>不食人间～。</ex></def><def><num>❸</num> 〈书〉烽火；战火。</def><def><num>❹</num> 旧时指祭祀祖先的事，借指后嗣：<ex>绝了～。</ex></def>",名词。,名词,旧时指祭祀祖先的事，借指后嗣。,旧时指祭祀祖先的事，借指后嗣。,名词。旧时指祭祀祖先的事，借指后嗣。,绝了烟火。,25,1,1,1.0,,,,,
771,301,5,烟火,yān·huo,yānhuo,"<entry id=""59333""><hwg><hw>烟火</hw><pinyin>yān·huo</pinyin></hwg><def><ps>名</ps>燃放时能发出各种颜色的火花，或同时变幻出各种景物而供人观赏的东西，主要是在火药中掺入锶、锂、铝、钡、镁、钠、铜等金属盐类，并用纸裹成，种类不一。也叫烟花、焰火。</def><ci><div class=""title"">词语</div><div class=""cont""><a href=""entry://烟火食"">烟火食</a></div></ci>",名词。,名词,燃放时能发出各种颜色的火花，或同时变幻出各种景物而供人观赏的东西，主要是在火药中掺入锶、锂、铝、钡、镁、钠、铜等金属盐类，并用纸裹成，种类不一。也叫烟花、焰火。,燃放时能发出各种颜色的火花，或同时变幻出各种景物而供人观赏的东西，主要是在火药中掺入锶、锂、铝、钡、镁、钠、铜等金属盐类，并用纸裹成，种类不一。也叫烟花、焰火。,名词。燃放时能发出各种颜色的火花，或同时变幻出各种景物而供人观赏的东西，主要是在火药中掺入锶、锂、铝、钡、镁、钠、铜等金属盐类，并用纸裹成，种类不一。也叫烟花、焰火。,烟火的确带来了很多的快乐，像彩虹一样，点缀了这年长的一代人的生活。,118,1,0,,,,,1.0,
772,302,1,烧纸,shāo//zhǐ,shāozhǐ,"<entry id=""45215""><hwg><hw>烧纸</hw><pinyin>shāo//zhǐ</pinyin></hwg><def><ps>动</ps>迷信的人烧纸钱等，认为可供死者在阴间使用。</def>",动词。,动词,迷信的人烧纸钱等，认为可供死者在阴间使用。,迷信的人烧纸钱等，认为可供死者在阴间使用。,动词。迷信的人烧纸钱等，认为可供死者在阴间使用。,你给鸣凤烧纸的时候，请你也给我烧一点。就当作我是个死了的人。,56,0,0,,1.0,,,,
773,302,2,烧纸,shāo·zhǐ,shāozhǐ,"<entry id=""45216""><hwg><hw>烧纸</hw><pinyin>shāo·zhǐ</pinyin></hwg><def><ps>名</ps>纸钱的一种，在较大的纸片上刻出或印上钱形。</def>",名词。,名词,纸钱的一种，在较大的纸片上刻出或印上钱形。,纸钱的一种，在较大的纸片上刻出或印上钱形。,名词。纸钱的一种，在较大的纸片上刻出或印上钱形。,老人教孙七点上香烛，焚化烧纸，他自己给小崔穿上衣裤。,52,0,0,,1.0,,,,
774,303,1,热拍,rèpāi,rèpāi,"<entry id=""43104""><hwg><hw>热拍<sup>1</sup></hw><pinyin>rèpāi</pinyin></hwg><def><ps>动</ps>集中力量紧张地拍摄：<ex>这部电视剧正在南方～。</ex></def>",动词。,动词,集中力量紧张地拍摄。,集中力量紧张地拍摄。,动词。集中力量紧张地拍摄。,这部电视剧正在南方热拍。,27,0,0,1.0,,,,,
775,303,2,热拍,rèpāi,rèpāi,"<entry id=""43105""><hwg><hw>热拍<sup>2</sup></hw><pinyin>rèpāi</pinyin></hwg><def><ps>动</ps>火热地拍卖：<ex>网上～奥运纪念品。</ex></def>",动词。,动词,火热地拍卖。,火热地拍卖。,动词。火热地拍卖。,网上热拍奥运纪念品。,21,0,0,1.0,,,,,
776,304,1,热炒,rèchǎo,rèchǎo,"<entry id=""43047""><hwg><hw>热炒<sup>1</sup></hw><pinyin>rèchǎo</pinyin></hwg><def><ps>名</ps>炒出来趁热吃的菜肴（对“冷盘”而言）。</def>",名词。,名词,炒出来趁热吃的菜肴（对“冷盘”而言）。,炒出来趁热吃的菜肴（对“冷盘”而言）。,名词。炒出来趁热吃的菜肴（对“冷盘”而言）。,赵朴斋留着王谢两位便饭，而且到镇上的馆子里叫了一斤花雕，两碟冷荤，两道热炒。,62,0,0,,1.0,,,,
777,304,2,热炒,rèchǎo,rèchǎo,"<entry id=""43048""><hwg><hw>热炒<sup>2</sup></hw><pinyin>rèchǎo</pinyin></hwg><def><ps>动</ps>大事炒作：<ex>赛事题材一再被媒体～。</ex></def>",动词。,动词,大事炒作。,大事炒作。,动词。大事炒作。,赛事题材一再被媒体热炒。,22,0,0,1.0,,,,,
778,305,1,煞气,shà//qì,shàqì,"<entry id=""44600""><hwg><hw>煞气<sup>1</sup></hw><pinyin>shà//qì</pinyin></hwg><def><ps>动</ps>内充气体的器物因有小孔而慢慢漏气：<ex>车带～了。</ex></def>",动词。,动词,内充气体的器物因有小孔而慢慢漏气。,内充气体的器物因有小孔而慢慢漏气。,动词。内充气体的器物因有小孔而慢慢漏气。,车带煞气了。,28,0,0,1.0,,,,,
779,305,2,煞气,shàqì,shàqì,"<entry id=""44601""><hwg><hw>煞气<sup>2</sup></hw><pinyin>shàqì</pinyin></hwg><def><ps>名</ps></def><def><num>❶</num> 凶恶的神色。</def><def><num>❷</num> 迷信的人指不祥之气，不吉利的征兆。</def>",名词。,名词,凶恶的神色。,凶恶的神色。,名词。凶恶的神色。,老爷一双眼睛，很有煞气，粗眉毛，大鼻子。,31,0,1,,1.0,,,,
780,305,3,煞气,shàqì,shàqì,"<entry id=""44601""><hwg><hw>煞气<sup>2</sup></hw><pinyin>shàqì</pinyin></hwg><def><ps>名</ps></def><def><num>❶</num> 凶恶的神色。</def><def><num>❷</num> 迷信的人指不祥之气，不吉利的征兆。</def>",名词。,名词,迷信的人指不祥之气，不吉利的征兆。,迷信的人指不祥之气，不吉利的征兆。,名词。迷信的人指不祥之气，不吉利的征兆。,这照壁是为四座祠堂挡住西屏山“煞气”的又一道屏障。,47,0,1,,,,,1.0,
781,306,1,熟地,shúdì,shúdì,"<entry id=""47776""><hwg><hw>熟地<sup>1</sup></hw><pinyin>shúdì</pinyin></hwg><def><ps>名</ps>经过多年耕种的土地。</def>",名词。,名词,经过多年耕种的土地。,经过多年耕种的土地。,名词。经过多年耕种的土地。,查出熟地荒地三万余亩。,26,0,0,,,1.0,,,
782,306,2,熟地,shúdì,shúdì,"<entry id=""47777""><hwg><hw>熟地<sup>2</sup></hw><pinyin>shúdì</pinyin></hwg><def><ps>名</ps>药名，经过蒸晒的地黄，黑色，有滋补作用。也叫熟地黄。</def><ci><div class=""title"">词语</div><div class=""cont""><a href=""entry://熟地黄"">熟地黄</a></div></ci>",名词。,名词,药名，经过蒸晒的地黄，黑色，有滋补作用。也叫熟地黄。,药名，经过蒸晒的地黄，黑色，有滋补作用。也叫熟地黄。,名词。药名，经过蒸晒的地黄，黑色，有滋补作用。也叫熟地黄。,伯和道：“我一个月以来只吃些熟地、黄精之类当饭，噙些乌梅代茶。”,63,0,0,,,1.0,,,
783,307,1,爆炒,bàochǎo,bàochǎo,"<entry id=""01962""><hwg><hw>爆炒<sup>1</sup></hw><pinyin>bàochǎo</pinyin></hwg><def><ps>动</ps>烹调方法，用滚油快速翻炒：<ex>～腰花。</ex></def>",动词。,动词,烹调方法，用滚油快速翻炒。,烹调方法，用滚油快速翻炒。,动词。烹调方法，用滚油快速翻炒。,爆炒腰花。,23,0,0,1.0,,,,,
784,307,2,爆炒,bàochǎo,bàochǎo,"<entry id=""01963""><hwg><hw>爆炒<sup>2</sup></hw><pinyin>bàochǎo</pinyin></hwg><def><ps>动</ps>在一段时间内极力炒作：<ex>～内幕新闻。</ex></def>",动词。,动词,在一段时间内极力炒作。,在一段时间内极力炒作。,动词。在一段时间内极力炒作。,爆炒内幕新闻。,23,0,0,1.0,,,,,
785,308,1,片子,piān·zi,piānzi,"<entry id=""39182""><hwg><hw>片子</hw><pinyin>piān·zi</pinyin></hwg><def><ps>名</ps></def><def><num>❶</num> 电影胶片，泛指影片：<ex>换～｜送～｜这部～获奖了。</ex></def><def><num>❷</num> X光照相的底片：<ex>拍～。</ex></def><def><num>❸</num> 唱片。</def><def>　另见<pinyin>piàn·zi</pinyin>。</def>",名词。,名词,电影胶片，泛指影片。,电影胶片，泛指影片。,名词。电影胶片，泛指影片。,这部片子获奖了。,23,1,1,1.0,,,,,
786,308,2,片子,piān·zi,piānzi,"<entry id=""39182""><hwg><hw>片子</hw><pinyin>piān·zi</pinyin></hwg><def><ps>名</ps></def><def><num>❶</num> 电影胶片，泛指影片：<ex>换～｜送～｜这部～获奖了。</ex></def><def><num>❷</num> X光照相的底片：<ex>拍～。</ex></def><def><num>❸</num> 唱片。</def><def>　另见<pinyin>piàn·zi</pinyin>。</def>",名词。,名词,光照相的底片。,光照相的底片。,名词。光照相的底片。,拍片子。,16,1,1,1.0,,,,,
787,308,3,片子,piān·zi,piānzi,"<entry id=""39182""><hwg><hw>片子</hw><pinyin>piān·zi</pinyin></hwg><def><ps>名</ps></def><def><num>❶</num> 电影胶片，泛指影片：<ex>换～｜送～｜这部～获奖了。</ex></def><def><num>❷</num> X光照相的底片：<ex>拍～。</ex></def><def><num>❸</num> 唱片。</def><def>　另见<pinyin>piàn·zi</pinyin>。</def>",名词。,名词,唱片。,唱片。,名词。唱片。,放些老片子听听。,16,1,1,,,,1.0,,
788,308,4,片子,piàn·zi,piànzi,"<entry id=""39300""><hwg><hw>片子</hw><pinyin>piàn·zi</pinyin></hwg><def><ps>名</ps></def><def><num>❶</num> 片①：<ex>铁～。</ex></def><def><num>❷</num> 名片。</def><def>　另见<pinyin>piān·zi</pinyin>。</def>",名词。,名词,片。,片。,名词。片。,瓦片子。,11,1,1,,,,1.0,,
789,308,5,片子,piàn·zi,piànzi,"<entry id=""39300""><hwg><hw>片子</hw><pinyin>piàn·zi</pinyin></hwg><def><ps>名</ps></def><def><num>❶</num> 片①：<ex>铁～。</ex></def><def><num>❷</num> 名片。</def><def>　另见<pinyin>piān·zi</pinyin>。</def>",名词。,名词,名片。,名片。,名词。名片。,递给他一张片子。,16,1,1,,,,1.0,,
790,309,1,牙子,yá·zi,yázi,"<entry id=""59214""><hwg><hw>牙子<sup>1</sup></hw><pinyin>yá·zi</pinyin></hwg><def>〈口〉<ps>名</ps>物体周围雕花的装饰或突出的部分：<ex>桌椅的～做工精细｜马路～。</ex></def>",名词。,名词,〈口〉物体周围雕花的装饰或突出的部分。,〈口语〉物体周围雕花的装饰或突出的部分。,名词。〈口语〉物体周围雕花的装饰或突出的部分。,桌椅的牙子做工精细。,35,0,0,1.0,,,,,
791,309,2,牙子,yá·zi,yázi,"<entry id=""59215""><hwg><hw>牙子<sup>2</sup></hw><pinyin>yá·zi</pinyin></hwg><def><ps>名</ps>旧时为买卖双方撮合从中取得佣金的人（通常卖方为农民、渔民等小生产者，买方为收购商或消费者）。</def>",名词。,名词,旧时为买卖双方撮合从中取得佣金的人（通常卖方为农民、渔民等小生产者，买方为收购商或消费者）。,旧时为买卖双方撮合从中取得佣金的人（通常卖方为农民、渔民等小生产者，买方为收购商或消费者）。,名词。旧时为买卖双方撮合从中取得佣金的人（通常卖方为农民、渔民等小生产者，买方为收购商或消费者）。,旧时的市集上，牙子们穿梭于人群之中，为买卖双方牵线搭桥。,79,0,0,,,,,1.0,
792,310,1,牙床,yáchuáng,yáchuáng,"<entry id=""59187""><hwg><hw>牙床<sup>1</sup></hw><pinyin>yáchuáng</pinyin></hwg><def><ps>名</ps>牙龈的通称。</def>",名词。,名词,牙龈的通称。,牙龈的通称。,名词。牙龈的通称。,最近可能因为上火，我的牙床有些肿痛，连吃饭都变得不那么香了。,41,0,0,,,,,1.0,
793,310,2,牙床,yáchuáng,yáchuáng,"<entry id=""59188""><hwg><hw>牙床<sup>2</sup></hw><pinyin>yáchuáng</pinyin></hwg><def><ps>名</ps>有象牙雕刻装饰的床，也泛指装饰精美的床。</def>",名词。,名词,有象牙雕刻装饰的床，也泛指装饰精美的床。,有象牙雕刻装饰的床，也泛指装饰精美的床。,名词。有象牙雕刻装饰的床，也泛指装饰精美的床。,在这次文物展上，有一张精美的牙床深深地吸引了大家的目光。,53,0,0,,,,,1.0,
794,311,1,牙石,yáshí,yáshí,"<entry id=""59204""><hwg><hw>牙石<sup>1</sup></hw><pinyin>yáshí</pinyin></hwg><def><ps>名</ps>结成硬块的牙垢。</def>",名词。,名词,结成硬块的牙垢。,结成硬块的牙垢。,名词。结成硬块的牙垢。,长期忽视口腔卫生，牙齿上逐渐累积了一层牙石。,35,0,0,,,,,1.0,
795,311,2,牙石,yáshí,yáshí,"<entry id=""59205""><hwg><hw>牙石<sup>2</sup></hw><pinyin>yáshí</pinyin></hwg><def><ps>名</ps>缘石。</def>",名词。,名词,缘石。,缘石。,名词。缘石。,在城市的人行道上，每隔一段距离就会设置一块牙石。,32,0,0,,,,,1.0,
796,312,1,特务,tèwù,tèwù,"<entry id=""50397""><hwg><hw>特务</hw><pinyin>tèwù</pinyin></hwg><def><ps>形</ps>属性词。军队中指担任警卫、通信、运输等特殊任务的：<ex>～连。</ex></def>",形容词；属性词。,形容词,军队中指担任警卫、通信、运输等特殊任务的。,军队中指担任警卫、通信、运输等特殊任务的。,形容词；属性词。军队中指担任警卫、通信、运输等特殊任务的。,特务连不是在长官旁边保卫长官的吗？,48,1,0,,1.0,,,,
797,312,2,特务,tè·wu,tèwu,"<entry id=""50398""><hwg><hw>特务</hw><pinyin>tè·wu</pinyin></hwg><def><ps>名</ps>经过特殊训练，从事刺探情报、颠覆、破坏等活动的人。</def>",名词。,名词,经过特殊训练，从事刺探情报、颠覆、破坏等活动的人。,经过特殊训练，从事刺探情报、颠覆、破坏等活动的人。,名词。经过特殊训练，从事刺探情报、颠覆、破坏等活动的人。,关东军通过这样一个网罗一切人口的组织“协和会”，更便于进行奴化宣传、特务监视和奴役人民。,74,1,0,,1.0,,,,
798,313,1,犄角,jījiǎo,jījiǎo,"<entry id=""23832""><hwg><hw>犄角</hw><pinyin>jījiǎo</pinyin></hwg><def>（～<small>儿</small>）〈口〉<ps>名</ps></def><def><num>❶</num> 物体两个边沿相接的地方；棱角：<ex>桌子～。</ex></def><def><num>❷</num> 角落：<ex>屋子～。</ex></def>",名词。,名词,（犄角儿）〈口〉物体两个边沿相接的地方；棱角。,〈口语〉物体两个边沿相接的地方；棱角。,名词。〈口语〉物体两个边沿相接的地方；棱角。,桌子犄角。,29,1,1,1.0,,,,,
799,313,2,犄角,jījiǎo,jījiǎo,"<entry id=""23832""><hwg><hw>犄角</hw><pinyin>jījiǎo</pinyin></hwg><def>（～<small>儿</small>）〈口〉<ps>名</ps></def><def><num>❶</num> 物体两个边沿相接的地方；棱角：<ex>桌子～。</ex></def><def><num>❷</num> 角落：<ex>屋子～。</ex></def>",名词。,名词,（犄角儿）〈口〉角落。,〈口语〉角落。,名词。〈口语〉角落。,屋子犄角。,17,1,1,1.0,,,,,
800,313,3,犄角,jī·jiao,jījiao,"<entry id=""23833""><hwg><hw>犄角</hw><pinyin>jī·jiao</pinyin></hwg><def>〈口〉<ps>名</ps>角<sup>1</sup>①：<ex>牛～。</ex></def>",名词。,名词,〈口〉角。,〈口语〉角。,名词。〈口语〉角。,牛犄角。,15,1,0,1.0,,,,,
801,314,1,狂劲,kuángjìn,kuángjìn,"<entry id=""30089""><hwg><hw>狂劲</hw><pinyin>kuángjìn</pinyin></hwg><def>（～<small>儿</small>）<ps>名</ps>张狂的劲头。</def>",名词。,名词,（狂劲儿）张狂的劲头。,张狂的劲头。,名词。张狂的劲头。,足球运动员的年身价，借着球迷的狂劲扶摇直上。,33,1,0,,1.0,,,,
802,314,2,狂劲,kuángjìng,kuángjìng,"<entry id=""30090""><hwg><hw>狂劲</hw><pinyin>kuángjìng</pinyin></hwg><def><ps>形</ps>狂放刚劲：<ex>～的黑人音乐。</ex></def>",形容词。,形容词,狂放刚劲。,狂放刚劲。,形容词。狂放刚劲。,狂劲的黑人音乐。,19,1,0,1.0,,,,,
803,315,1,现世,xiànshì,xiànshì,"<entry id=""56105""><hwg><hw>现世<sup>1</sup></hw><pinyin>xiànshì</pinyin></hwg><def><ps>名</ps>今生；这一辈子：<ex>～报。</ex></def>",名词。,名词,今生；这一辈子。,今生；这一辈子。,名词。今生；这一辈子。,现世报。,17,0,0,1.0,,,,,
804,315,2,现世,xiànshì,xiànshì,"<entry id=""56106""><hwg><hw>现世<sup>2</sup></hw><pinyin>xiànshì</pinyin></hwg><def><ps>动</ps>出丑；丢脸：<ex>活～。</ex></def><ci><div class=""title"">词语</div><div class=""cont""><a href=""entry://现世报"">现世报</a></div></ci>",动词。,动词,出丑；丢脸。,出丑；丢脸。,动词。出丑；丢脸。,你没本事做这工作就不要现世！,25,0,0,,1.0,,,,
805,316,1,球台,qiútái,qiútái,"<entry id=""42370""><hwg><hw>球台<sup>1</sup></hw><pinyin>qiútái</pinyin></hwg><def><ps>名</ps>球体被两个平行平面所截而夹在两平面中间的部分。</def>",名词。,名词,球体被两个平行平面所截而夹在两平面中间的部分。,球体被两个平行平面所截而夹在两平面中间的部分。,名词。球体被两个平行平面所截而夹在两平面中间的部分。,在数学中，夹在两平行平面间的部分叫做球台，两平行平面间的距离叫做球台的高。,65,0,0,,,,,1.0,
806,316,2,球台,qiútái,qiútái,"<entry id=""42371""><hwg><hw>球台<sup>2</sup></hw><pinyin>qiútái</pinyin></hwg><def><ps>名</ps>打台球、乒乓球等用的像桌子的东西。</def>",名词。,名词,打台球、乒乓球等用的像桌子的东西。,打台球、乒乓球等用的像桌子的东西。,名词。打台球、乒乓球等用的像桌子的东西。,他特别喜欢打乒乓球，于是他爸爸就给他买了球台。,45,0,0,,,,,1.0,
807,317,1,生人,shēng//rén,shēngrén,"<entry id=""45956""><hwg><hw>生人<sup>1</sup></hw><pinyin>shēng//rén</pinyin></hwg><def><ps>动</ps>（人）出生（用于时间词后）：<ex>他1949年～。</ex></def>",动词。,动词,（人）出生（用于时间词后）。,（人）出生（用于时间词后）。,动词。（人）出生（用于时间词后）。,他1949年生人。,28,0,0,1.0,,,,,
808,317,2,生人,shēngrén,shēngrén,"<entry id=""45957""><hwg><hw>生人<sup>2</sup></hw><pinyin>shēngrén</pinyin></hwg><def>（～<small>儿</small>）<ps>名</ps>不认识的人（跟“<a href=""entry://熟人"">熟人</a>”相对）：<ex>孩子怕见～。</ex></def>",名词。,名词,（生人儿）不认识的人（跟“熟人”相对）。,不认识的人（跟“熟人”相对）。,名词。不认识的人（跟“熟人”相对）。,孩子怕见生人。,27,0,0,1.0,,,,,
809,318,1,生地,shēngdì,shēngdì,"<entry id=""45892""><hwg><hw>生地<sup>1</sup></hw><pinyin>shēngdì</pinyin></hwg><def><ps>名</ps></def><def><num>❶</num> 陌生的地方。</def><def><num>❷</num> 生荒地。</def>",名词。,名词,陌生的地方。,陌生的地方。,名词。陌生的地方。,乍到生地，两眼一抹黑。,22,0,1,,1.0,,,,
810,318,2,生地,shēngdì,shēngdì,"<entry id=""45892""><hwg><hw>生地<sup>1</sup></hw><pinyin>shēngdì</pinyin></hwg><def><ps>名</ps></def><def><num>❶</num> 陌生的地方。</def><def><num>❷</num> 生荒地。</def>",名词。,名词,生荒地。,生荒地。,名词。生荒地。,这片生地蕴含着丰富的肥力，非常适合农作物的种植。,33,0,1,,,,,1.0,
811,318,3,生地,shēngdì,shēngdì,"<entry id=""45893""><hwg><hw>生地<sup>2</sup></hw><pinyin>shēngdì</pinyin></hwg><def><ps>名</ps>药名，未经蒸制的地黄的根，鲜的淡黄色，干的灰褐色。也叫生地黄。</def><ci><div class=""title"">词语</div><div class=""cont""><a href=""entry://生地黄"">生地黄</a></div></ci>",名词。,名词,药名，未经蒸制的地黄的根，鲜的淡黄色，干的灰褐色。也叫生地黄。,药名，未经蒸制的地黄的根，鲜的淡黄色，干的灰褐色。也叫生地黄。,名词。药名，未经蒸制的地黄的根，鲜的淡黄色，干的灰褐色。也叫生地黄。,中医常使用生地来配制各种药方，以治疗多种病症。,59,0,0,,,,,1.0,
812,319,1,生息,shēng//xī,shēngxī,"<entry id=""46008""><hwg><hw>生息<sup>1</sup></hw><pinyin>shēng//xī</pinyin></hwg><def><ps>动</ps>取得利息：<ex>钱存银行～。</ex></def>",动词。,动词,取得利息。,取得利息。,动词。取得利息。,钱存银行生息。,17,0,0,1.0,,,,,
813,319,2,生息,shēngxī,shēngxī,"<entry id=""46009""><hwg><hw>生息<sup>2</sup></hw><pinyin>shēngxī</pinyin></hwg><def><ps>动</ps></def><def><num>❶</num> 生活；生存：<ex>我们的祖先曾在这块土地上劳动～过。</ex></def><def><num>❷</num> 〈书〉繁殖（人口）：<ex>休养～。</ex></def><def><num>❸</num> 〈书〉使生长：<ex>～力量。</ex></def>",动词。,动词,生活；生存。,生活；生存。,动词。生活；生存。,我们的祖先曾在这块土地上劳动生息过。,29,0,1,1.0,,,,,
814,319,3,生息,shēngxī,shēngxī,"<entry id=""46009""><hwg><hw>生息<sup>2</sup></hw><pinyin>shēngxī</pinyin></hwg><def><ps>动</ps></def><def><num>❶</num> 生活；生存：<ex>我们的祖先曾在这块土地上劳动～过。</ex></def><def><num>❷</num> 〈书〉繁殖（人口）：<ex>休养～。</ex></def><def><num>❸</num> 〈书〉使生长：<ex>～力量。</ex></def>",动词。,动词,〈书〉繁殖（人口）。,〈书面语〉繁殖（人口）。,动词。〈书面语〉繁殖（人口）。,休养生息。,22,0,1,1.0,,,,,
815,319,4,生息,shēngxī,shēngxī,"<entry id=""46009""><hwg><hw>生息<sup>2</sup></hw><pinyin>shēngxī</pinyin></hwg><def><ps>动</ps></def><def><num>❶</num> 生活；生存：<ex>我们的祖先曾在这块土地上劳动～过。</ex></def><def><num>❷</num> 〈书〉繁殖（人口）：<ex>休养～。</ex></def><def><num>❸</num> 〈书〉使生长：<ex>～力量。</ex></def>",动词。,动词,〈书〉使生长。,〈书面语〉使生长。,动词。〈书面语〉使生长。,生息力量。,19,0,1,1.0,,,,,
816,320,1,生气,shēng//qì,shēngqì,"<entry id=""45951""><hwg><hw>生气<sup>1</sup></hw><pinyin>shēng//qì</pinyin></hwg><def><ps>动</ps>因不合心意而不愉快：<ex>孩子考试成绩很差，妈妈非常～｜快去认个错吧，他还在生你的气呢！</ex></def>",动词。,动词,因不合心意而不愉快。,因不合心意而不愉快。,动词。因不合心意而不愉快。,孩子考试成绩很差，妈妈非常生气。,31,0,0,1.0,,,,,
817,320,2,生气,shēngqì,shēngqì,"<entry id=""45952""><hwg><hw>生气<sup>2</sup></hw><pinyin>shēngqì</pinyin></hwg><def><ps>名</ps>生命力；活力：<ex>～勃勃｜青年是最有～的。</ex></def>",名词。,名词,生命力；活力。,生命力；活力。,名词。生命力；活力。,青年是最有生气的。,21,0,0,1.0,,,,,
818,321,1,用人,yòng//rén,yòngrén,"<entry id=""62538""><hwg><hw>用人</hw><pinyin>yòng//rén</pinyin></hwg><def><ps>动</ps></def><def><num>❶</num> 选择与使用人员：<ex>～不当｜善于～。</ex></def><def><num>❷</num> 需要人手：<ex>现在正是～的时候。</ex></def>",动词。,动词,选择与使用人员。,选择与使用人员。,动词。选择与使用人员。,用人不当。,18,1,1,1.0,,,,,
819,321,2,用人,yòng//rén,yòngrén,"<entry id=""62538""><hwg><hw>用人</hw><pinyin>yòng//rén</pinyin></hwg><def><ps>动</ps></def><def><num>❶</num> 选择与使用人员：<ex>～不当｜善于～。</ex></def><def><num>❷</num> 需要人手：<ex>现在正是～的时候。</ex></def>",动词。,动词,需要人手。,需要人手。,动词。需要人手。,现在正是用人的时候。,20,1,1,1.0,,,,,
820,321,3,用人,yòng·ren,yòngren,"<entry id=""62539""><hwg><hw>用人</hw><pinyin>yòng·ren</pinyin></hwg><def><ps>名</ps>仆人：<ex>女～。</ex></def>",名词。,名词,仆人。,仆人。,名词。仆人。,她是曾家多年的用人，大奶奶的丈夫就吃她的乳水哺养大的。,35,1,0,,1.0,,,,
821,322,1,用心,yòng//xīn,yòngxīn,"<entry id=""62546""><hwg><hw>用心<sup>1</sup></hw><pinyin>yòng//xīn</pinyin></hwg><def><ps>形</ps>集中注意力；多用心力：<ex>学习～｜～听讲｜你写字能不能用点<small>儿</small>心？</ex></def>",形容词。,形容词,集中注意力；多用心力。,集中注意力；多用心力。,形容词。集中注意力；多用心力。,用心听讲。,22,0,0,1.0,,,,,
822,322,2,用心,yòngxīn,yòngxīn,"<entry id=""62547""><hwg><hw>用心<sup>2</sup></hw><pinyin>yòngxīn</pinyin></hwg><def><ps>名</ps>怀着的某种念头：<ex>～良苦｜险恶～｜别有～。</ex></def>",名词。,名词,怀着的某种念头。,怀着的某种念头。,名词。怀着的某种念头。,别有用心。,18,0,0,1.0,,,,,
823,323,1,白口,báikǒu,báikǒu,"<entry id=""00882""><hwg><hw>白口<sup>1</sup></hw><pinyin>báikǒu</pinyin></hwg><def><ps>名</ps>线装书书口的一种格式，版口中心上下都是空白的，叫作白口（区别于“黑口”）。</def>",名词。,名词,线装书书口的一种格式，版口中心上下都是空白的，叫作白口（区别于“黑口”）。,线装书书口的一种格式，版口中心上下都是空白的，叫作白口（区别于“黑口”）。,名词。线装书书口的一种格式，版口中心上下都是空白的，叫作白口（区别于“黑口”）。,版心有鱼尾…鱼尾上下到版匡为止，这空格叫作象鼻。象鼻空白叫作白口。,75,0,0,,1.0,,,,
824,323,2,白口,báikǒu,báikǒu,"<entry id=""00883""><hwg><hw>白口<sup>2</sup></hw><pinyin>báikǒu</pinyin></hwg><def>（～<small>儿</small>）<ps>名</ps>戏曲中的说白。</def>",名词。,名词,（白口儿）戏曲中的说白。,戏曲中的说白。,名词。戏曲中的说白。,凡地方戏的胶着本土的，台上白口都和日常说话一样。,36,0,0,,1.0,,,,
825,324,1,白地,báidì,báidì,"<entry id=""00839""><hwg><hw>白地<sup>1</sup></hw><pinyin>báidì</pinyin></hwg><def><ps>名</ps></def><def><num>❶</num> 没有种上庄稼的田地：<ex>留下一块～准备种白薯。</ex></def><def><num>❷</num> 没有树木、房屋等的土地：<ex>村子被烧成一片～。</ex></def>",名词。,名词,没有种上庄稼的田地。,没有种上庄稼的田地。,名词。没有种上庄稼的田地。,留下一块白地准备种白薯。,27,0,1,1.0,,,,,
826,324,2,白地,báidì,báidì,"<entry id=""00839""><hwg><hw>白地<sup>1</sup></hw><pinyin>báidì</pinyin></hwg><def><ps>名</ps></def><def><num>❶</num> 没有种上庄稼的田地：<ex>留下一块～准备种白薯。</ex></def><def><num>❷</num> 没有树木、房屋等的土地：<ex>村子被烧成一片～。</ex></def>",名词。,名词,没有树木、房屋等的土地。,没有树木、房屋等的土地。,名词。没有树木、房屋等的土地。,村子被烧成一片白地。,27,0,1,1.0,,,,,
827,324,3,白地,báidì,báidì,"<entry id=""00840""><hwg><hw>白地<sup>2</sup></hw><pinyin>báidì</pinyin></hwg><def>（～<small>儿</small>）<ps>名</ps>白色的衬托面：<ex>～<small>儿</small>红花<small>儿</small>。</ex></def>",名词。,名词,（白地儿）白色的衬托面。,白色的衬托面。,名词。白色的衬托面。,白地儿红花儿。,19,0,0,1.0,,,,,
828,325,1,白头,báitóu,báitóu,"<entry id=""00959""><hwg><hw>白头<sup>1</sup></hw><pinyin>báitóu</pinyin></hwg><def><ps>名</ps>白发，指老年：<ex>～老翁｜～偕老。</ex></def>",名词。,名词,白发，指老年。,白发，指老年。,名词。白发，指老年。,白头偕老。,17,0,0,1.0,,,,,
829,325,2,白头,báitóu,báitóu,"<entry id=""00960""><hwg><hw>白头<sup>2</sup></hw><pinyin>báitóu</pinyin></hwg><def><ps>形</ps>属性词。不署名或没有印章的：<ex>～帖子（不署名的字帖<small>儿</small>）｜～材料。</ex></def><ci><div class=""title"">词语</div><div class=""cont""><a href=""entry://白头鹎"">白头鹎</a><a href=""entry://白头翁"">白头翁</a><a href=""entry://白头偕老"">白头偕老</a></div></ci>",形容词；属性词。,形容词,不署名或没有印章的。,不署名或没有印章的。,形容词；属性词。不署名或没有印章的。,白头材料。,25,0,0,1.0,,,,,
830,326,1,白条,báitiáo,báitiáo,"<entry id=""00954""><hwg><hw>白条<sup>1</sup></hw><pinyin>báitiáo</pinyin></hwg><def>（～<small>儿</small>）<ps>名</ps>财务上指不符合财会制度规定的非正式单据：<ex>打～｜～不能做报销凭证。</ex>也叫白条子。</def>",名词。,名词,（白条儿）财务上指不符合财会制度规定的非正式单据。,财务上指不符合财会制度规定的非正式单据。,名词。财务上指不符合财会制度规定的非正式单据。,打白条。,29,0,0,1.0,,,,,
831,326,2,白条,báitiáo,báitiáo,"<entry id=""00955""><hwg><hw>白条<sup>2</sup></hw><pinyin>báitiáo</pinyin></hwg><def><ps>形</ps>属性词。商品上指家禽、牲畜宰杀后煺毛或去头、蹄、内脏的：<ex>～鸡｜～猪。</ex></def>",形容词；属性词。,形容词,商品上指家禽、牲畜宰杀后煺毛或去头、蹄、内脏的。,商品上指家禽、牲畜宰杀后煺毛或去头、蹄、内脏的。,形容词；属性词。商品上指家禽、牲畜宰杀后煺毛或去头、蹄、内脏的。,白条鸡。,38,0,0,1.0,,,,,
832,327,1,白道,báidào,báidào,"<entry id=""00837""><hwg><hw>白道<sup>1</sup></hw><pinyin>báidào</pinyin></hwg><def>（～<small>儿</small>）<ps>名</ps></def><def><num>❶</num> 指正当的或合法的途径（对“黑道”而言，下同）：<ex>在生意场上，他黑道～都走过。</ex></def><def><num>❷</num> 指合法的组织，有时特指政府机关：<ex>他跟～黑道都有来往。</ex></def>",名词。,名词,（白道儿）指正当的或合法的途径（对“黑道”而言）。,指正当的或合法的途径（对“黑道”而言）。,名词。指正当的或合法的途径（对“黑道”而言）。,在生意场上，他黑道白道都走过。,40,0,1,1.0,,,,,
833,327,2,白道,báidào,báidào,"<entry id=""00837""><hwg><hw>白道<sup>1</sup></hw><pinyin>báidào</pinyin></hwg><def>（～<small>儿</small>）<ps>名</ps></def><def><num>❶</num> 指正当的或合法的途径（对“黑道”而言，下同）：<ex>在生意场上，他黑道～都走过。</ex></def><def><num>❷</num> 指合法的组织，有时特指政府机关：<ex>他跟～黑道都有来往。</ex></def>",名词。,名词,（白道儿）指合法的组织，有时特指政府机关。（对“黑道”而言）。,指合法的组织，有时特指政府机关。（对“黑道”而言）。,名词。指合法的组织，有时特指政府机关。（对“黑道”而言）。,他跟白道黑道都有来往。,42,0,1,1.0,,,,,
834,327,3,白道,báidào,báidào,"<entry id=""00838""><hwg><hw>白道<sup>2</sup></hw><pinyin>báidào</pinyin></hwg><def><ps>名</ps>月球绕地球运行的轨道。</def>",名词。,名词,月球绕地球运行的轨道。,月球绕地球运行的轨道。,名词。月球绕地球运行的轨道。,月球沿着白道缓缓绕行地球，为我们带来了阴晴圆缺的月相变化。,45,0,0,,,,,1.0,
835,328,1,相应,xiāngyīng,xiāngyīng,"<entry id=""56313""><hwg><hw>相应</hw><pinyin>xiāngyīng</pinyin></hwg><def><ps>动</ps>旧式公文用语，应该：<ex>～函达｜～咨复。</ex></def>",动词。,动词,旧式公文用语，应该。,旧式公文用语，应该。,动词。旧式公文用语，应该。,相应咨复。,20,1,0,1.0,,,,,
836,328,2,相应,xiāngyìng,xiāngyìng,"<entry id=""56314""><hwg><hw>相应</hw><pinyin>xiāngyìng</pinyin></hwg><def><ps>动</ps>互相呼应或照应；相适应：<ex>这篇文章前后不～｜环境改变了，工作方法也要～地改变。</ex></def>",动词。,动词,互相呼应或照应；相适应。,互相呼应或照应；相适应。,动词。互相呼应或照应；相适应。,环境改变了，工作方法也要相应地改变。,35,1,0,1.0,,,,,
837,329,1,眼线,yǎnxiàn,yǎnxiàn,"<entry id=""59674""><hwg><hw>眼线<sup>1</sup></hw><pinyin>yǎnxiàn</pinyin></hwg><def><ps>名</ps>化妆时在上下眼皮边沿画的线条（多为黑色）：<ex>描～。</ex></def>",名词。,名词,化妆时在上下眼皮边沿画的线条（多为黑色）。,化妆时在上下眼皮边沿画的线条（多为黑色）。,名词。化妆时在上下眼皮边沿画的线条（多为黑色）。,描眼线。,30,0,0,1.0,,,,,
838,329,2,眼线,yǎnxiàn,yǎnxiàn,"<entry id=""59675""><hwg><hw>眼线<sup>2</sup></hw><pinyin>yǎnxiàn</pinyin></hwg><def><ps>名</ps>暗中侦察情况、必要时担任向导的人。</def>",名词。,名词,暗中侦察情况、必要时担任向导的人。,暗中侦察情况、必要时担任向导的人。,名词。暗中侦察情况、必要时担任向导的人。,盛光斗等人特别小心，只拉可靠的农民加入，防备混进敌人的眼线，反倒坏事。,57,0,0,,1.0,,,,
839,330,1,知情,zhīqíng,zhīqíng,"<entry id=""66613""><hwg><hw>知情<sup>1</sup></hw><pinyin>zhīqíng</pinyin></hwg><def><ps>动</ps>知道事件的情节（多用于有关犯罪事件）：<ex>～人｜～权｜～不报。</ex></def>",动词。,动词,知道事件的情节（多用于有关犯罪事件）。,知道事件的情节（多用于有关犯罪事件）。,动词。知道事件的情节（多用于有关犯罪事件）。,知情不报。,29,0,0,1.0,,,,,
840,330,2,知情,zhī//qíng,zhīqíng,"<entry id=""66614""><hwg><hw>知情<sup>2</sup></hw><pinyin>zhī//qíng</pinyin></hwg><def><ps>动</ps>对别人善意行动表示的情谊心怀感激：<ex>对于你的热情帮助，我很～｜你为他操心，他会知你的情的。</ex></def><ci><div class=""title"">词语</div><div class=""cont""><a href=""entry://知情达理"">知情达理</a></div></ci>",动词。,动词,对别人善意行动表示的情谊心怀感激。,对别人善意行动表示的情谊心怀感激。,动词。对别人善意行动表示的情谊心怀感激。,对于你的热情帮助，我很知情。,36,0,0,1.0,,,,,
841,331,1,矫情,jiáo·qing,jiáoqing,"<entry id=""25836""><hwg><hw>矫情</hw><pinyin>jiáo·qing</pinyin></hwg><def>〈口〉<ps>形</ps>指强词夺理，无理取闹：<ex>这个人太～｜犯～。</ex></def><def>　另见<pinyin>jiǎoqíng</pinyin>。</def>",形容词。,形容词,〈口〉指强词夺理，无理取闹。,〈口语〉指强词夺理，无理取闹。,形容词。〈口语〉指强词夺理，无理取闹。,这个人太矫情。,28,1,0,1.0,,,,,
842,331,2,矫情,jiǎoqíng,jiǎoqíng,"<entry id=""25894""><hwg><hw>矫情</hw><pinyin>jiǎoqíng</pinyin></hwg><def>〈书〉<ps>动</ps>故意违反常情，表示与众不同。</def><def>　另见<pinyin>jiáo·qing</pinyin>。</def>",动词。,动词,〈书〉故意违反常情，表示与众不同。,〈书面语〉故意违反常情，表示与众不同。,动词。〈书面语〉故意违反常情，表示与众不同。,他很擅长矫情自饰，让别人看不透他。,41,1,0,,,,,1.0,
843,332,1,短款,duǎnkuǎn,duǎnkuǎn,"<entry id=""12907""><hwg><hw>短款<sup>1</sup></hw><pinyin>duǎnkuǎn</pinyin></hwg><def><ps>形</ps>属性词。款式较短的（服装）：<ex>～大衣。</ex></def>",形容词；属性词。,形容词,款式较短的（服装）。,款式较短的（服装）。,形容词；属性词。款式较短的（服装）。,短款大衣。,25,0,0,1.0,,,,,
844,332,2,短款,duǎn//kuǎn,duǎnkuǎn,"<entry id=""12908""><hwg><hw>短款<sup>2</sup></hw><pinyin>duǎn//kuǎn</pinyin></hwg><def><ps>动</ps>指结账时现金的数额少于账面的数额。</def>",动词。,动词,指结账时现金的数额少于账面的数额。,指结账时现金的数额少于账面的数额。,动词。指结账时现金的数额少于账面的数额。,经过细致的检查，我们发现昨晚的收银记录存在短款现象，需要尽快查明原因并妥善处理，以免影响店铺的正常运营。,74,0,0,,,,,1.0,
845,333,1,神道,shéndào,shéndào,"<entry id=""45673""><hwg><hw>神道<sup>1</sup></hw><pinyin>shéndào</pinyin></hwg><def><ps>名</ps></def><def><num>❶</num> 迷信的人关于鬼神祸福的说法。</def><def><num>❷</num> 〈口〉神①。</def>",名词。,名词,迷信的人关于鬼神祸福的说法。,迷信的人关于鬼神祸福的说法。,名词。迷信的人关于鬼神祸福的说法。,干宝尝感于其父婢死而再生，及其兄气绝复苏，自言见天神事，乃撰《搜神记》二十卷，以‘发明神道之不诬’。,69,0,1,,,1.0,,,
846,333,2,神道,shéndào,shéndào,"<entry id=""45673""><hwg><hw>神道<sup>1</sup></hw><pinyin>shéndào</pinyin></hwg><def><ps>名</ps></def><def><num>❶</num> 迷信的人关于鬼神祸福的说法。</def><def><num>❷</num> 〈口〉神①。</def>",名词。,名词,〈口〉神。,〈口语〉神。,名词。〈口语〉神。,正月十八日，铁溪里的“神道”出现，满城人家，家家都要关门躲避。,42,0,1,,,1.0,,,
847,333,3,神道,shéndào,shéndào,"<entry id=""45674""><hwg><hw>神道<sup>2</sup></hw><pinyin>shéndào</pinyin></hwg><def><ps>名</ps>墓道：<ex>～碑。</ex></def>",名词。,名词,墓道。,墓道。,名词。墓道。,神道碑。,12,0,0,1.0,,,,,
848,334,1,私房,sīfáng,sīfáng,"<entry id=""48612""><hwg><hw>私房</hw><pinyin>sīfáng</pinyin></hwg><def><ps>名</ps>属于私人的房屋：<ex>祖上留下一处～。</ex></def>",名词。,名词,属于私人的房屋。,属于私人的房屋。,名词。属于私人的房屋。,祖上留下一处私房。,22,0,0,1.0,,,,,
849,334,2,私房,sī·fáng,sīfáng,"<entry id=""48613""><hwg><hw>私房</hw><pinyin>sī·fáng</pinyin></hwg><def><ps>形</ps>属性词。</def><def><num>❶</num> 家庭成员个人积蓄的（财物）：<ex>～钱。</ex></def><def><num>❷</num> 不愿让外人知道的：<ex>～话。</ex></def><ci><div class=""title"">词语</div><div class=""cont""><a href=""entry://私房菜"">私房菜</a></div></ci>",形容词；属性词。,形容词,家庭成员个人积蓄的（财物）。,家庭成员个人积蓄的（财物）。,形容词；属性词。家庭成员个人积蓄的（财物）。,私房钱。,28,0,1,1.0,,,,,
850,334,3,私房,sī·fáng,sīfáng,"<entry id=""48613""><hwg><hw>私房</hw><pinyin>sī·fáng</pinyin></hwg><def><ps>形</ps>属性词。</def><def><num>❶</num> 家庭成员个人积蓄的（财物）：<ex>～钱。</ex></def><def><num>❷</num> 不愿让外人知道的：<ex>～话。</ex></def><ci><div class=""title"">词语</div><div class=""cont""><a href=""entry://私房菜"">私房菜</a></div></ci>",形容词；属性词。,形容词,不愿让外人知道的。,不愿让外人知道的。,形容词；属性词。不愿让外人知道的。,私房话。,23,0,1,1.0,,,,,
851,335,1,科考,kēkǎo,kēkǎo,"<entry id=""29141""><hwg><hw>科考<sup>1</sup></hw><pinyin>kēkǎo</pinyin></hwg><def><ps>动</ps>科学考察：<ex>深入南极腹地进行～。</ex></def>",动词。,动词,科学考察。,科学考察。,动词。科学考察。,深入南极腹地进行科考。,21,0,0,1.0,,,,,
852,335,2,科考,kēkǎo,kēkǎo,"<entry id=""29142""><hwg><hw>科考<sup>2</sup></hw><pinyin>kēkǎo</pinyin></hwg><def>〈书〉<ps>动</ps>科举考试：<ex>上京～｜～落第。</ex></def>",动词。,动词,〈书〉科举考试。,〈书面语〉科举考试。,动词。〈书面语〉科举考试。,上京科考。,20,0,0,1.0,,,,,
853,336,1,空乏,kōngfá,kōngfá,"<entry id=""29465""><hwg><hw>空乏</hw><pinyin>kōngfá</pinyin></hwg><def><ps>形</ps>空洞乏味：<ex>内容～。</ex></def><def>　另见<pinyin>kòngfá</pinyin>。</def>",形容词。,形容词,空洞乏味。,空洞乏味。,形容词。空洞乏味。,内容空乏。,16,1,0,1.0,,,,,
854,336,2,空乏,kòngfá,kòngfá,"<entry id=""29596""><hwg><hw>空乏</hw><pinyin>kòngfá</pinyin></hwg><def>〈书〉<ps>形</ps>穷困：<ex>家计～。</ex></def><def>　另见<pinyin>kōngfá</pinyin>。</def>",形容词。,形容词,〈书〉穷困。,〈书面语〉穷困。,形容词。〈书面语〉穷困。,家计空乏。,19,1,0,1.0,,,,,
855,337,1,空门,kōngmén,kōngmén,"<entry id=""29504""><hwg><hw>空门<sup>1</sup></hw><pinyin>kōngmén</pinyin></hwg><def><ps>名</ps>指佛教，因佛教认为世界是一切皆空的：<ex>遁入～（出家为僧尼）。</ex></def>",名词。,名词,指佛教，因佛教认为世界是一切皆空的。,指佛教，因佛教认为世界是一切皆空的。,名词。指佛教，因佛教认为世界是一切皆空的。,遁入空门。,28,0,0,1.0,,,,,
856,337,2,空门,kōngmén,kōngmén,"<entry id=""29505""><hwg><hw>空门<sup>2</sup></hw><pinyin>kōngmén</pinyin></hwg><def><ps>名</ps>指某些球类比赛中因守门员离开而无人把守的球门：<ex>面对～却把球踢飞了。</ex></def>",名词。,名词,指某些球类比赛中因守门员离开而无人把守的球门。,指某些球类比赛中因守门员离开而无人把守的球门。,名词。指某些球类比赛中因守门员离开而无人把守的球门。,面对空门却把球踢飞了。,39,0,0,1.0,,,,,
857,338,1,立地,lìdì,lìdì,"<entry id=""31733""><hwg><hw>立地<sup>1</sup></hw><pinyin>lìdì</pinyin></hwg><def><num>❶</num> <ps>动</ps>立在地上：<ex>顶天～｜～书橱（比喻学识渊博的人）。</ex></def><def><num>❷</num> <ps>名</ps>林业上指树木生长的地方和气候、水文等条件：<ex>～不同，树木的生长就有差异。</ex></def>",动词。,动词,立在地上。,立在地上。,动词。立在地上。,顶天立地。,15,0,1,1.0,,,,,
858,338,2,立地,lìdì,lìdì,"<entry id=""31733""><hwg><hw>立地<sup>1</sup></hw><pinyin>lìdì</pinyin></hwg><def><num>❶</num> <ps>动</ps>立在地上：<ex>顶天～｜～书橱（比喻学识渊博的人）。</ex></def><def><num>❷</num> <ps>名</ps>林业上指树木生长的地方和气候、水文等条件：<ex>～不同，树木的生长就有差异。</ex></def>",名词。,名词,林业上指树木生长的地方和气候、水文等条件。,林业上指树木生长的地方和气候、水文等条件。,名词。林业上指树木生长的地方和气候、水文等条件。,立地不同，树木的生长就有差异。,41,0,1,1.0,,,,,
859,338,3,立地,lìdì,lìdì,"<entry id=""31734""><hwg><hw>立地<sup>2</sup></hw><pinyin>lìdì</pinyin></hwg><def><ps>副</ps>立刻：<ex>放下屠刀，～成佛。</ex></def>",副词。,副词,立刻。,立刻。,副词。立刻。,放下屠刀，立地成佛。,18,0,0,1.0,,,,,
860,339,1,站台,zhàntái,zhàntái,"<entry id=""65406""><hwg><hw>站台<sup>1</sup></hw><pinyin>zhàntái</pinyin></hwg><def><ps>名</ps>车站上下乘客或装卸货物的高于路面的平台。也叫月台。</def>",名词。,名词,车站上下乘客或装卸货物的高于路面的平台。也叫月台。,车站上下乘客或装卸货物的高于路面的平台。也叫月台。,名词。车站上下乘客或装卸货物的高于路面的平台。也叫月台。,乘客们在站台上有序地等待列车进站。,47,0,0,,,,,1.0,
861,339,2,站台,zhàn//tái,zhàntái,"<entry id=""65407""><hwg><hw>站台<sup>2</sup></hw><pinyin>zhàn//tái</pinyin></hwg><def><ps>动</ps>台湾地区指知名人士出席政治、商业、娱乐等集会，为主办方或候选人捧场、造势：<ex>明星大腕<small>儿</small>纷纷赶来为新秀～｜为候选人～助选。</ex></def>",动词。,动词,台湾地区指知名人士出席政治、商业、娱乐等集会，为主办方或候选人捧场、造势。,台湾地区指知名人士出席政治、商业、娱乐等集会，为主办方或候选人捧场、造势。,动词。台湾地区指知名人士出席政治、商业、娱乐等集会，为主办方或候选人捧场、造势。,明星大腕儿纷纷赶来为新秀站台。,57,0,0,1.0,,,,,
862,340,1,累累,léiléi,léiléi,"<entry id=""31202""><hwg><hw>累累<sup>1</sup></hw><pinyin>léiléi</pinyin></hwg><def>〈书〉<ps>形</ps>憔悴颓丧的样子：<ex>～若丧家之狗。</ex>也作儽儽。</def>",形容词。,形容词,〈书〉憔悴颓丧的样子。,〈书面语〉憔悴颓丧的样子。,形容词。〈书面语〉憔悴颓丧的样子。,累累若丧家之狗。,27,1,0,1.0,,,,,
863,340,2,累累,léiléi,léiléi,"<entry id=""31203""><hwg><hw>累累<sup>2</sup></hw><pinyin>léiléi</pinyin></hwg><def>〈书〉<ps>形</ps>接连成串的样子：<ex>果实～。</ex></def><def>　另见<pinyin>lěilěi</pinyin>。</def>",形容词。,形容词,〈书〉接连成串的样子。,〈书面语〉接连成串的样子。,形容词。〈书面语〉接连成串的样子。,果实累累。,24,1,0,1.0,,,,,
864,340,3,累累,lěilěi,lěilěi,"<entry id=""31260""><hwg><hw>累累</hw><pinyin>lěilěi</pinyin></hwg><def><num>❶</num> <ps>形</ps>形容累积得多：<ex>罪行～。</ex></def><def><num>❷</num> <ps>副</ps>屡屡：<ex>～失误。</ex></def><def>　另见<pinyin>léiléi</pinyin>。</def>",形容词。,形容词,形容累积得多。,形容累积得多。,形容词。形容累积得多。,罪行累累。,18,1,1,1.0,,,,,
865,340,4,累累,lěilěi,lěilěi,"<entry id=""31260""><hwg><hw>累累</hw><pinyin>lěilěi</pinyin></hwg><def><num>❶</num> <ps>形</ps>形容累积得多：<ex>罪行～。</ex></def><def><num>❷</num> <ps>副</ps>屡屡：<ex>～失误。</ex></def><def>　另见<pinyin>léiléi</pinyin>。</def>",副词。,副词,屡屡。,屡屡。,副词。屡屡。,累累失误。,13,1,1,1.0,,,,,
866,341,1,结实,jiē//shí,jiēshí,"<entry id=""26140""><hwg><hw>结实</hw><pinyin>jiē//shí</pinyin></hwg><def><ps>动</ps>长出果实。</def>",动词。,动词,长出果实。,长出果实。,动词。长出果实。,我每年看见树林里底果木开花结实。,26,1,0,,1.0,,,,
867,341,2,结实,jiē·shi,jiēshi,"<entry id=""26141""><hwg><hw>结实</hw><pinyin>jiē·shi</pinyin></hwg><def><ps>形</ps></def><def><num>❶</num> 坚固；牢固：<ex>这双鞋很～｜绳子绑得很～。</ex></def><def><num>❷</num> 健壮：<ex>他的身体～。</ex></def>",形容词。,形容词,坚固；牢固。,坚固；牢固。,形容词。坚固；牢固。,这双鞋很结实。,19,1,1,1.0,,,,,
868,341,3,结实,jiē·shi,jiēshi,"<entry id=""26141""><hwg><hw>结实</hw><pinyin>jiē·shi</pinyin></hwg><def><ps>形</ps></def><def><num>❶</num> 坚固；牢固：<ex>这双鞋很～｜绳子绑得很～。</ex></def><def><num>❷</num> 健壮：<ex>他的身体～。</ex></def>",形容词。,形容词,健壮。,健壮。,形容词。健壮。,他的身体结实。,16,1,1,1.0,,,,,
869,342,1,结集,jiéjí,jiéjí,"<entry id=""26365""><hwg><hw>结集<sup>1</sup></hw><pinyin>jiéjí</pinyin></hwg><def><ps>动</ps>把单篇的诗文编在一起；编成集子：<ex>～出版｜诗作～时又有修改。</ex></def>",动词。,动词,把单篇的诗文编在一起；编成集子。,把单篇的诗文编在一起；编成集子。,动词。把单篇的诗文编在一起；编成集子。,结集出版。,26,0,0,1.0,,,,,
870,342,2,结集,jiéjí,jiéjí,"<entry id=""26366""><hwg><hw>结集<sup>2</sup></hw><pinyin>jiéjí</pinyin></hwg><def><ps>动</ps>聚集；特指军队调动到某地聚集：<ex>～兵力｜在这个地区～了三个师。</ex></def>",动词。,动词,聚集；特指军队调动到某地聚集。,聚集；特指军队调动到某地聚集。,动词。聚集；特指军队调动到某地聚集。,结集兵力。,25,0,0,1.0,,,,,
871,343,1,编制,biānzhì,biānzhì,"<entry id=""02978""><hwg><hw>编制<sup>1</sup></hw><pinyin>biānzhì</pinyin></hwg><def><ps>动</ps></def><def><num>❶</num> 把细长的东西交叉组织起来，制成器物：<ex>用柳条～的筐子。</ex></def><def><num>❷</num> 根据资料做出（规程、方案、计划等）：<ex>～教学方案。</ex></def>",动词。,动词,把细长的东西交叉组织起来，制成器物。,把细长的东西交叉组织起来，制成器物。,动词。把细长的东西交叉组织起来，制成器物。,用柳条编制的筐子。,32,0,1,1.0,,,,,
872,343,2,编制,biānzhì,biānzhì,"<entry id=""02978""><hwg><hw>编制<sup>1</sup></hw><pinyin>biānzhì</pinyin></hwg><def><ps>动</ps></def><def><num>❶</num> 把细长的东西交叉组织起来，制成器物：<ex>用柳条～的筐子。</ex></def><def><num>❷</num> 根据资料做出（规程、方案、计划等）：<ex>～教学方案。</ex></def>",动词。,动词,根据资料做出（规程、方案、计划等）。,根据资料做出（规程、方案、计划等）。,动词。根据资料做出（规程、方案、计划等）。,编制教学方案。,30,0,1,1.0,,,,,
873,343,3,编制,biānzhì,biānzhì,"<entry id=""02979""><hwg><hw>编制<sup>2</sup></hw><pinyin>biānzhì</pinyin></hwg><def><ps>名</ps>组织机构的设置及其人员数量的定额和职务的分配：<ex>扩大～。</ex></def>",名词。,名词,组织机构的设置及其人员数量的定额和职务的分配。,组织机构的设置及其人员数量的定额和职务的分配。,名词。组织机构的设置及其人员数量的定额和职务的分配。,扩大编制。,33,0,0,1.0,,,,,
874,344,1,缩编,suōbiān,suōbiān,"<entry id=""49450""><hwg><hw>缩编<sup>1</sup></hw><pinyin>suōbiān</pinyin></hwg><def><ps>动</ps>把作品、节目等压缩编辑，使篇幅减少：<ex>把原来50集的电视连续剧～成30集。</ex></def>",动词。,动词,把作品、节目等压缩编辑，使篇幅减少。,把作品、节目等压缩编辑，使篇幅减少。,动词。把作品、节目等压缩编辑，使篇幅减少。,把原来集的电视连续剧缩编成集。,38,0,0,1.0,,,,,
875,344,2,缩编,suōbiān,suōbiān,"<entry id=""49451""><hwg><hw>缩编<sup>2</sup></hw><pinyin>suōbiān</pinyin></hwg><def><ps>动</ps>（部队、机关等）缩减编制：<ex>军队～。</ex></def>",动词。,动词,（部队、机关等）缩减编制。,（部队、机关等）缩减编制。,动词。（部队、机关等）缩减编制。,军队缩编。,23,0,0,1.0,,,,,
876,345,1,罗锅,luóguō,luóguō,"<entry id=""33987""><hwg><hw>罗锅</hw><pinyin>luóguō</pinyin></hwg><def><num>❶</num> （～<small>儿</small>）<ps>动</ps>驼背：<ex>他有点<small>儿</small>～<small>儿</small>。</ex></def><def><num>❷</num> （～<small>儿</small>）<ps>名</ps>指驼背的人：<ex>这人是个～<small>儿</small>。</ex>也叫罗锅子。</def><def><num>❸</num> <ps>形</ps>拱形：<ex>～桥。</ex></def>",动词。,动词,（罗锅儿）驼背。,驼背。,动词。驼背。,他有点儿罗锅儿。,16,1,1,1.0,,,,,
877,345,2,罗锅,luóguō,luóguō,"<entry id=""33987""><hwg><hw>罗锅</hw><pinyin>luóguō</pinyin></hwg><def><num>❶</num> （～<small>儿</small>）<ps>动</ps>驼背：<ex>他有点<small>儿</small>～<small>儿</small>。</ex></def><def><num>❷</num> （～<small>儿</small>）<ps>名</ps>指驼背的人：<ex>这人是个～<small>儿</small>。</ex>也叫罗锅子。</def><def><num>❸</num> <ps>形</ps>拱形：<ex>～桥。</ex></def>",名词。,名词,（罗锅儿）指驼背的人。,指驼背的人。,名词。指驼背的人。,这人是个罗锅儿。,19,1,1,1.0,,,,,
878,345,3,罗锅,luóguō,luóguō,"<entry id=""33987""><hwg><hw>罗锅</hw><pinyin>luóguō</pinyin></hwg><def><num>❶</num> （～<small>儿</small>）<ps>动</ps>驼背：<ex>他有点<small>儿</small>～<small>儿</small>。</ex></def><def><num>❷</num> （～<small>儿</small>）<ps>名</ps>指驼背的人：<ex>这人是个～<small>儿</small>。</ex>也叫罗锅子。</def><def><num>❸</num> <ps>形</ps>拱形：<ex>～桥。</ex></def>",形容词。,形容词,拱形。,拱形。,形容词。拱形。,罗锅桥。,13,1,1,1.0,,,,,
879,345,4,罗锅,luó·guo,luóguo,"<entry id=""33988""><hwg><hw>罗锅</hw><pinyin>luó·guo</pinyin></hwg><def>〈口〉<ps>动</ps>弯（腰）：<ex>～着腰坐在炕上。</ex></def>",动词。,动词,〈口〉弯（腰）。,〈口语〉弯（腰）。,动词。〈口语〉弯（腰）。,罗锅着腰坐在炕上。,23,1,0,1.0,,,,,
880,346,1,罢了,bà·le,bàle,"<entry id=""00763""><hwg><hw>罢了</hw><pinyin>bà·le</pinyin></hwg><def><ps>助</ps>用在陈述句的末尾，表示“仅此而已”，常跟“不过、无非、只是”等词前后呼应：<ex>别当真，我只是开个玩笑～｜这不算什么，我不过尽了我的职责～。</ex></def><def>　另见<pinyin>bàliǎo</pinyin>。</def>",助词。,助词,用在陈述句的末尾，表示“仅此而已”，常跟“不过、无非、只是”等词前后呼应。,用在陈述句的末尾，表示“仅此而已”，常跟“不过、无非、只是”等词前后呼应。,助词。用在陈述句的末尾，表示“仅此而已”，常跟“不过、无非、只是”等词前后呼应。,别当真，我只是开个玩笑罢了。,56,1,0,1.0,,,,,
881,346,2,罢了,bàliǎo,bàliǎo,"<entry id=""00765""><hwg><hw>罢了</hw><pinyin>bàliǎo</pinyin></hwg><def>（口语中也读<pinyin>bà·le</pinyin>）<ps>动</ps></def><def><num>❶</num> 因遇到困难而作罢：<ex>春节本来想去旅游，可买不到票，只好～。</ex></def><def><num>❷</num> 表示容忍，有勉强放过暂不深究或无可奈何的意思；算了：<ex>他自己不愿参加也就～，干吗还不让别人参加？</ex></def><def>　另见<pinyin>bà·le</pinyin>。</def>",动词。,动词,因遇到困难而作罢。,因遇到困难而作罢。,动词。因遇到困难而作罢。,春节本来想去旅游，可买不到票，只好罢了。,34,1,1,1.0,,,,,
882,346,3,罢了,bàliǎo,bàliǎo,"<entry id=""00765""><hwg><hw>罢了</hw><pinyin>bàliǎo</pinyin></hwg><def>（口语中也读<pinyin>bà·le</pinyin>）<ps>动</ps></def><def><num>❶</num> 因遇到困难而作罢：<ex>春节本来想去旅游，可买不到票，只好～。</ex></def><def><num>❷</num> 表示容忍，有勉强放过暂不深究或无可奈何的意思；算了：<ex>他自己不愿参加也就～，干吗还不让别人参加？</ex></def><def>　另见<pinyin>bà·le</pinyin>。</def>",动词。,动词,表示容忍，有勉强放过暂不深究或无可奈何的意思；算了。,表示容忍，有勉强放过暂不深究或无可奈何的意思；算了。,动词。表示容忍，有勉强放过暂不深究或无可奈何的意思；算了。,他自己不愿参加也就罢了，干吗还不让别人参加？,53,1,1,1.0,,,,,
883,347,1,翻腾,fānténg,fānténg,"<entry id=""14087""><hwg><hw>翻腾</hw><pinyin>fānténg</pinyin></hwg><def><ps>动</ps></def><def><num>❶</num> （波浪等）上下滚动：<ex>海水～｜云雾～。</ex></def><def><num>❷</num> 在空中做翻转身体的动作：<ex>向内～两周半后稳稳落地。</ex></def>",动词。,动词,（波浪等）上下滚动。,（波浪等）上下滚动。,动词。（波浪等）上下滚动。,海水翻腾。,20,1,1,1.0,,,,,
884,347,2,翻腾,fānténg,fānténg,"<entry id=""14087""><hwg><hw>翻腾</hw><pinyin>fānténg</pinyin></hwg><def><ps>动</ps></def><def><num>❶</num> （波浪等）上下滚动：<ex>海水～｜云雾～。</ex></def><def><num>❷</num> 在空中做翻转身体的动作：<ex>向内～两周半后稳稳落地。</ex></def>",动词。,动词,在空中做翻转身体的动作。,在空中做翻转身体的动作。,动词。在空中做翻转身体的动作。,向内翻腾两周半后稳稳落地。,30,1,1,1.0,,,,,
885,347,3,翻腾,fān·teng,fānteng,"<entry id=""14088""><hwg><hw>翻腾</hw><pinyin>fān·teng</pinyin></hwg><def><ps>动</ps></def><def><num>❶</num> 比喻思绪起伏：<ex>往事像过电影一样在脑子里～。</ex></def><def><num>❷</num> 翻动：<ex>几个柜子都～到了，也没找着那件衣服。</ex></def>",动词。,动词,比喻思绪起伏。,比喻思绪起伏。,动词。比喻思绪起伏。,往事像过电影一样在脑子里翻腾。,27,1,1,1.0,,,,,
886,347,4,翻腾,fān·teng,fānteng,"<entry id=""14088""><hwg><hw>翻腾</hw><pinyin>fān·teng</pinyin></hwg><def><ps>动</ps></def><def><num>❶</num> 比喻思绪起伏：<ex>往事像过电影一样在脑子里～。</ex></def><def><num>❷</num> 翻动：<ex>几个柜子都～到了，也没找着那件衣服。</ex></def>",动词。,动词,翻动。,翻动。,动词。翻动。,几个柜子都翻腾到了，也没找着那件衣服。,27,1,1,1.0,,,,,
887,348,1,肚子,dǔ·zi,dǔzi,"<entry id=""12779""><hwg><hw>肚子</hw><pinyin>dǔ·zi</pinyin></hwg><def><ps>名</ps>用作食品的动物的胃：<ex>猪～｜羊～。</ex></def><def>　另见<pinyin>dù·zi</pinyin>。</def>",名词。,名词,用作食品的动物的胃。,用作食品的动物的胃。,名词。用作食品的动物的胃。,猪肚子。,19,1,0,1.0,,,,,
888,348,2,肚子,dù·zi,dùzi,"<entry id=""12835""><hwg><hw>肚子</hw><pinyin>dù·zi</pinyin></hwg><def><ps>名</ps></def><def><num>❶</num> 腹①的通称。</def><def><num>❷</num> 物体圆而凸起像肚子的部分：<ex>腿～。</ex></def><def>　另见<pinyin>dǔ·zi</pinyin>。</def>",名词。,名词,腹的通称。,腹的通称。,名词。腹的通称。,杨子荣躬着腰，捂着肚子，装着肚子痛的样子，走回自己的铺上。,39,1,1,,1.0,,,,
889,348,3,肚子,dù·zi,dùzi,"<entry id=""12835""><hwg><hw>肚子</hw><pinyin>dù·zi</pinyin></hwg><def><ps>名</ps></def><def><num>❶</num> 腹①的通称。</def><def><num>❷</num> 物体圆而凸起像肚子的部分：<ex>腿～。</ex></def><def>　另见<pinyin>dǔ·zi</pinyin>。</def>",名词。,名词,物体圆而凸起像肚子的部分。,物体圆而凸起像肚子的部分。,名词。物体圆而凸起像肚子的部分。,腿肚子。,22,1,1,1.0,,,,,
890,349,1,背书,bèi//shū,bèishū,"<entry id=""02208""><hwg><hw>背书<sup>1</sup></hw><pinyin>bèi//shū</pinyin></hwg><def><ps>动</ps>背诵念过的书：<ex>过去上私塾每天早晨要～，背不出书要挨罚。</ex></def>",动词。,动词,背诵念过的书。,背诵念过的书。,动词。背诵念过的书。,过去上私塾每天早晨要背书，背不出书要挨罚。,33,0,0,1.0,,,,,
891,349,2,背书,bèishū,bèishū,"<entry id=""02209""><hwg><hw>背书<sup>2</sup></hw><pinyin>bèishū</pinyin></hwg><def><ps>动</ps></def><def><num>❶</num> 持有票据的人转让票据时，在票据背面批注并签名盖章。经过背书的票据，付款人不能付款时，背书人负付款责任。</def><def><num>❷</num> 比喻全力支持某人或某事，并愿意为此做担保。</def>",动词。,动词,持有票据的人转让票据时，在票据背面批注并签名盖章。经过背书的票据，付款人不能付款时，背书人负付款责任。,持有票据的人转让票据时，在票据背面批注并签名盖章。经过背书的票据，付款人不能付款时，背书人负付款责任。,动词。持有票据的人转让票据时，在票据背面批注并签名盖章。经过背书的票据，付款人不能付款时，背书人负付款责任。,这笔交易需要进行背书才能完成资金的转移。,76,0,1,,,,,1.0,
892,349,3,背书,bèishū,bèishū,"<entry id=""02209""><hwg><hw>背书<sup>2</sup></hw><pinyin>bèishū</pinyin></hwg><def><ps>动</ps></def><def><num>❶</num> 持有票据的人转让票据时，在票据背面批注并签名盖章。经过背书的票据，付款人不能付款时，背书人负付款责任。</def><def><num>❷</num> 比喻全力支持某人或某事，并愿意为此做担保。</def>",动词。,动词,比喻全力支持某人或某事，并愿意为此做担保。,比喻全力支持某人或某事，并愿意为此做担保。,动词。比喻全力支持某人或某事，并愿意为此做担保。,他的领导对他的项目计划进行了背书，让他充满信心地去实施。,54,0,1,,,,,1.0,
893,350,1,脉金,màijīn,màijīn,"<entry id=""34479""><hwg><hw>脉金<sup>1</sup></hw><pinyin>màijīn</pinyin></hwg><def><ps>名</ps>中医指给医生的酬金。</def>",名词。,名词,中医指给医生的酬金。,中医指给医生的酬金。,名词。中医指给医生的酬金。,老中医经验丰富，治好了疑难杂症，这笔丰厚的脉金实属应该。,43,0,0,,,,,,1.0
894,350,2,脉金,màijīn,màijīn,"<entry id=""34480""><hwg><hw>脉金<sup>2</sup></hw><pinyin>màijīn</pinyin></hwg><def><ps>名</ps>石英脉中含的粒状金子。也叫山金。</def>",名词。,名词,石英脉中含的粒状金子。也叫山金。,石英脉中含的粒状金子。也叫山金。,名词。石英脉中含的粒状金子。也叫山金。,地质勘探队在岩缝中找到了富含脉金的石英，有望大赚一笔。,48,0,0,,,,,,1.0
895,351,1,自制,zìzhì,zìzhì,"<entry id=""69079""><hwg><hw>自制<sup>1</sup></hw><pinyin>zìzhì</pinyin></hwg><def><ps>动</ps>自己制造：<ex>～糕点｜～玩具。</ex></def>",动词。,动词,自己制造。,自己制造。,动词。自己制造。,自制糕点。,15,0,0,1.0,,,,,
896,351,2,自制,zìzhì,zìzhì,"<entry id=""69080""><hwg><hw>自制<sup>2</sup></hw><pinyin>zìzhì</pinyin></hwg><def><ps>动</ps>克制自己：<ex>～力｜难以～。</ex></def>",动词。,动词,克制自己。,克制自己。,动词。克制自己。,难以自制。,15,0,0,1.0,,,,,
897,352,1,自在,zìzài,zìzài,"<entry id=""69075""><hwg><hw>自在</hw><pinyin>zìzài</pinyin></hwg><def><ps>形</ps>自由；不受拘束：<ex>逍遥～。</ex></def>",形容词。,形容词,自由；不受拘束。,自由；不受拘束。,形容词。自由；不受拘束。,逍遥自在。,19,1,0,1.0,,,,,
898,352,2,自在,zì·zai,zìzai,"<entry id=""69076""><hwg><hw>自在</hw><pinyin>zì·zai</pinyin></hwg><def><ps>形</ps>安闲舒适：<ex>他们俩的小日子过得挺～。</ex></def>",形容词。,形容词,安闲舒适。,安闲舒适。,形容词。安闲舒适。,他们俩的小日子过得挺自在。,24,1,0,1.0,,,,,
899,353,1,自是,zìshì,zìshì,"<entry id=""69011""><hwg><hw>自是<sup>1</sup></hw><pinyin>zìshì</pinyin></hwg><def><ps>副</ps>自然是：<ex>久别重逢，～高兴。</ex></def>",副词。,副词,自然是。,自然是。,副词。自然是。,久别重逢，自是高兴。,19,0,0,1.0,,,,,
900,353,2,自是,zìshì,zìshì,"<entry id=""69012""><hwg><hw>自是<sup>2</sup></hw><pinyin>zìshì</pinyin></hwg><def><ps>形</ps>自以为是：<ex>他既很～又很顽固。</ex></def>",形容词。,形容词,自以为是。,自以为是。,形容词。自以为是。,他既很自是又很顽固。,21,0,0,1.0,,,,,
901,354,1,自然,zìrán,zìrán,"<entry id=""68978""><hwg><hw>自然</hw><pinyin>zìrán</pinyin></hwg><def><num>❶</num> <ps>名</ps>自然界：<ex>大～。</ex></def><def><num>❷</num> <ps>形</ps>自由发展；不经人力干预（区别于“人工、人造”）：<ex>～免疫｜听其～｜～而然｜你先别问，到时候～明白。</ex></def><def><num>❸</num> <ps>副</ps>表示理所当然：<ex>只要认真学习，～会取得好成绩。</ex></def><def><num>❹</num> <ps>连</ps>连接分句或句子，表示语义转折或追加说明：<ex>你应该虚心学习别人的优点，～，别人也要学习你的长处。</ex></def>",名词。,名词,自然界。,自然界。,名词。自然界。,大自然。,13,1,1,1.0,,,,,
902,354,2,自然,zìrán,zìrán,"<entry id=""68978""><hwg><hw>自然</hw><pinyin>zìrán</pinyin></hwg><def><num>❶</num> <ps>名</ps>自然界：<ex>大～。</ex></def><def><num>❷</num> <ps>形</ps>自由发展；不经人力干预（区别于“人工、人造”）：<ex>～免疫｜听其～｜～而然｜你先别问，到时候～明白。</ex></def><def><num>❸</num> <ps>副</ps>表示理所当然：<ex>只要认真学习，～会取得好成绩。</ex></def><def><num>❹</num> <ps>连</ps>连接分句或句子，表示语义转折或追加说明：<ex>你应该虚心学习别人的优点，～，别人也要学习你的长处。</ex></def>",形容词。,形容词,自由发展；不经人力干预（区别于“人工、人造”）。,自由发展；不经人力干预（区别于“人工、人造”）。,形容词。自由发展；不经人力干预（区别于“人工、人造”）。,自然免疫。,35,1,1,1.0,,,,,
903,354,3,自然,zìrán,zìrán,"<entry id=""68978""><hwg><hw>自然</hw><pinyin>zìrán</pinyin></hwg><def><num>❶</num> <ps>名</ps>自然界：<ex>大～。</ex></def><def><num>❷</num> <ps>形</ps>自由发展；不经人力干预（区别于“人工、人造”）：<ex>～免疫｜听其～｜～而然｜你先别问，到时候～明白。</ex></def><def><num>❸</num> <ps>副</ps>表示理所当然：<ex>只要认真学习，～会取得好成绩。</ex></def><def><num>❹</num> <ps>连</ps>连接分句或句子，表示语义转折或追加说明：<ex>你应该虚心学习别人的优点，～，别人也要学习你的长处。</ex></def>",副词。,副词,表示理所当然。,表示理所当然。,副词。表示理所当然。,只要认真学习，自然会取得好成绩。,28,1,1,1.0,,,,,
904,354,4,自然,zìrán,zìrán,"<entry id=""68978""><hwg><hw>自然</hw><pinyin>zìrán</pinyin></hwg><def><num>❶</num> <ps>名</ps>自然界：<ex>大～。</ex></def><def><num>❷</num> <ps>形</ps>自由发展；不经人力干预（区别于“人工、人造”）：<ex>～免疫｜听其～｜～而然｜你先别问，到时候～明白。</ex></def><def><num>❸</num> <ps>副</ps>表示理所当然：<ex>只要认真学习，～会取得好成绩。</ex></def><def><num>❹</num> <ps>连</ps>连接分句或句子，表示语义转折或追加说明：<ex>你应该虚心学习别人的优点，～，别人也要学习你的长处。</ex></def>",连词。,连词,连接分句或句子，表示语义转折或追加说明。,连接分句或句子，表示语义转折或追加说明。,连词。连接分句或句子，表示语义转折或追加说明。,你应该虚心学习别人的优点，自然，别人也要学习你的长处。,52,1,1,1.0,,,,,
905,354,5,自然,zì·ran,zìran,"<entry id=""68979""><hwg><hw>自然</hw><pinyin>zì·ran</pinyin></hwg><def><ps>形</ps>不勉强；不局促；不呆板：<ex>态度很～｜他是初次演出，但演得挺～。</ex></def><ci><div class=""title"">词语</div><div class=""cont""><a href=""entry://自然保护区"">自然保护区</a><a href=""entry://自然村"">自然村</a><a href=""entry://自然对数"">自然对数</a><a href=""entry://自然而然"">自然而然</a><a href=""entry://自然法"">自然法</a><a href=""entry://自然法则"">自然法则</a><a href=""entry://自然光"">自然光</a><a href=""entry://自然规律"">自然规律</a><a href=""entry://自然界"">自然界</a><a href=""entry://自然经济"">自然经济</a><a href=""entry://自然科学"">自然科学</a><a href=""entry://自然力"">自然力</a><a href=""entry://自然人"">自然人</a><a href=""entry://自然日"">自然日</a><a href=""entry://自然数"">自然数</a><a href=""entry://自然物"">自然物</a><a href=""entry://自然选择"">自然选择</a><a href=""entry://自然灾害"">自然灾害</a><a href=""entry://自然主义"">自然主义</a></div></ci>",形容词。,形容词,不勉强；不局促；不呆板。,不勉强；不局促；不呆板。,形容词。不勉强；不局促；不呆板。,他是初次演出，但演得挺自然。,32,1,0,1.0,,,,,
906,355,1,自用,zìyòng,zìyòng,"<entry id=""69054""><hwg><hw>自用<sup>1</sup></hw><pinyin>zìyòng</pinyin></hwg><def><ps>动</ps>私人使用：<ex>～汽车。</ex></def>",动词。,动词,私人使用。,私人使用。,动词。私人使用。,自用汽车。,15,0,0,1.0,,,,,
907,355,2,自用,zìyòng,zìyòng,"<entry id=""69055""><hwg><hw>自用<sup>2</sup></hw><pinyin>zìyòng</pinyin></hwg><def>〈书〉<ps>动</ps>自以为是：<ex>刚愎～｜师心～。</ex></def>",动词。,动词,〈书〉自以为是。,〈书面语〉自以为是。,动词。〈书面语〉自以为是。,刚愎自用。,20,0,0,1.0,,,,,
908,356,1,自重,zìzhòng,zìzhòng,"<entry id=""69087""><hwg><hw>自重<sup>1</sup></hw><pinyin>zìzhòng</pinyin></hwg><def><ps>动</ps></def><def><num>❶</num> 注意自己的言行：<ex>自爱～｜请～些！</ex></def><def><num>❷</num> 〈书〉抬高自己的身份、地位：<ex>拥兵～。</ex></def>",动词。,动词,注意自己的言行。,注意自己的言行。,动词。注意自己的言行。,请自重些！,18,0,1,1.0,,,,,
909,356,2,自重,zìzhòng,zìzhòng,"<entry id=""69087""><hwg><hw>自重<sup>1</sup></hw><pinyin>zìzhòng</pinyin></hwg><def><ps>动</ps></def><def><num>❶</num> 注意自己的言行：<ex>自爱～｜请～些！</ex></def><def><num>❷</num> 〈书〉抬高自己的身份、地位：<ex>拥兵～。</ex></def>",动词。,动词,〈书〉抬高自己的身份、地位。,〈书面语〉抬高自己的身份、地位。,动词。〈书面语〉抬高自己的身份、地位。,拥兵自重。,26,0,1,1.0,,,,,
910,356,3,自重,zìzhòng,zìzhòng,"<entry id=""69088""><hwg><hw>自重<sup>2</sup></hw><pinyin>zìzhòng</pinyin></hwg><def><ps>名</ps>机器、运输工具或建筑物承重构件等本身的重量。</def>",名词。,名词,机器、运输工具或建筑物承重构件等本身的重量。,机器、运输工具或建筑物承重构件等本身的重量。,名词。机器、运输工具或建筑物承重构件等本身的重量。,工程师在设计桥梁时，必须充分考虑到自重以及可能承受的最大负载。,58,0,0,,,,,1.0,
911,357,1,船帮,chuánbāng,chuánbāng,"<entry id=""08080""><hwg><hw>船帮<sup>1</sup></hw><pinyin>chuánbāng</pinyin></hwg><def><ps>名</ps>船身的侧面。</def>",名词。,名词,船身的侧面。,船身的侧面。,名词。船身的侧面。,他靠在船帮上，静静地欣赏着湖光山色。,29,0,0,,,,,1.0,
912,357,2,船帮,chuánbāng,chuánbāng,"<entry id=""08081""><hwg><hw>船帮<sup>2</sup></hw><pinyin>chuánbāng</pinyin></hwg><def><ps>名</ps>成群结队的船。</def>",名词。,名词,成群结队的船。,成群结队的船。,名词。成群结队的船。,远处江面上，一个庞大的船帮正缓缓驶来，场面十分壮观。,38,0,0,,,,,1.0,
913,358,1,艾虎,àihǔ,àihǔ,"<entry id=""00126""><hwg><hw>艾虎<sup>1</sup></hw><pinyin>àihǔ</pinyin></hwg><def><ps>名</ps>艾鼬。</def>",名词。,名词,艾鼬。,艾鼬。,名词。艾鼬。,在自然生态系统中，艾虎作为捕食者，对控制小型动物数量起着重要作用。,41,0,0,,,,,1.0,
914,358,2,艾虎,àihǔ,àihǔ,"<entry id=""00127""><hwg><hw>艾虎<sup>2</sup></hw><pinyin>àihǔ</pinyin></hwg><def><ps>名</ps>用艾做成的像老虎的东西，旧俗端午节给儿童戴在头上，认为可以驱邪。</def>",名词。,名词,用艾做成的像老虎的东西，旧俗端午节给儿童戴在头上，认为可以驱邪。,用艾做成的像老虎的东西，旧俗端午节给儿童戴在头上，认为可以驱邪。,名词。用艾做成的像老虎的东西，旧俗端午节给儿童戴在头上，认为可以驱邪。,端午节那天，家家户户都会制作艾虎挂在门上，以求驱邪避害，保佑家人平安。,72,0,0,,,,,1.0,
915,359,1,花冠,huāguān,huāguān,"<entry id=""21834""><hwg><hw>花冠<sup>1</sup></hw><pinyin>huāguān</pinyin></hwg><def><ps>名</ps>花的组成部分之一，由若干花瓣组成。双子叶植物的花冠一般可分为合瓣花冠和离瓣花冠两大类。</def>",名词。,名词,花的组成部分之一，由若干花瓣组成。双子叶植物的花冠一般可分为合瓣花冠和离瓣花冠两大类。,花的组成部分之一，由若干花瓣组成。双子叶植物的花冠一般可分为合瓣花冠和离瓣花冠两大类。,名词。花的组成部分之一，由若干花瓣组成。双子叶植物的花冠一般可分为合瓣花冠和离瓣花冠两大类。,就拿鲜花来说吧，它们各有花冠上微小的纤毛，各有花青素。,75,0,0,,1.0,,,,
916,359,2,花冠,huāguān,huāguān,"<entry id=""21835""><hwg><hw>花冠<sup>2</sup></hw><pinyin>huāguān</pinyin></hwg><def><ps>名</ps>旧时妇女出嫁时戴的装饰华丽的帽子。</def>",名词。,名词,旧时妇女出嫁时戴的装饰华丽的帽子。,旧时妇女出嫁时戴的装饰华丽的帽子。,名词。旧时妇女出嫁时戴的装饰华丽的帽子。,那位新娘头戴华丽的花冠，步入了婚姻的殿堂。,43,0,0,,,,,1.0,
917,360,1,苦头,kǔtóu,kǔtóu,"<entry id=""29822""><hwg><hw>苦头</hw><pinyin>kǔtóu</pinyin></hwg><def>（～<small>儿</small>）<ps>名</ps>稍苦的味道：<ex>这口井的水带点<small>儿</small>～<small>儿</small>。</ex></def>",名词。,名词,（苦头儿）稍苦的味道。,稍苦的味道。,名词。稍苦的味道。,这口井的水带点儿苦头儿。,23,0,0,1.0,,,,,
918,360,2,苦头,kǔ·tóu,kǔtóu,"<entry id=""29823""><hwg><hw>苦头</hw><pinyin>kǔ·tóu</pinyin></hwg><def>（～<small>儿</small>）<ps>名</ps>苦痛；磨难；不幸：<ex>吃尽～｜什么～我都尝过了。</ex></def>",名词。,名词,（苦头儿）苦痛；磨难；不幸。,苦痛；磨难；不幸。,名词。苦痛；磨难；不幸。,吃尽苦头。,19,0,0,1.0,,,,,
919,361,1,草字,cǎozì,cǎozì,"<entry id=""05126""><hwg><hw>草字<sup>1</sup></hw><pinyin>cǎozì</pinyin></hwg><def><ps>名</ps>草书汉字。</def>",名词。,名词,草书汉字。,草书汉字。,名词。草书汉字。,草字是汉字字体的一种。,21,0,0,,1.0,,,,
920,361,2,草字,cǎozì,cǎozì,"<entry id=""05127""><hwg><hw>草字<sup>2</sup></hw><pinyin>cǎozì</pinyin></hwg><def><ps>名</ps>旧时对自己表字的谦称。</def>",名词。,名词,旧时对自己表字的谦称。,旧时对自己表字的谦称。,名词。旧时对自己表字的谦称。,“哦，久仰久仰！还没有请教台甫……’”“草字阔亭。”,42,0,0,,1.0,,,,
921,362,1,草本,cǎoběn,cǎoběn,"<entry id=""05060""><hwg><hw>草本<sup>1</sup></hw><pinyin>cǎoběn</pinyin></hwg><def><ps>形</ps>属性词。有草质茎的（植物）。</def>",形容词；属性词。,形容词,有草质茎的（植物）。,有草质茎的（植物）。,形容词；属性词。有草质茎的（植物）。,靠左边又有一大丛草本的绣球花，开得正茂盛。,41,0,0,,1.0,,,,
922,362,2,草本,cǎoběn,cǎoběn,"<entry id=""05061""><hwg><hw>草本<sup>2</sup></hw><pinyin>cǎoběn</pinyin></hwg><def><ps>名</ps>文稿的底本。</def><ci><div class=""title"">词语</div><div class=""cont""><a href=""entry://草本植物"">草本植物</a></div></ci>",名词。,名词,文稿的底本。,文稿的底本。,名词。文稿的底本。,他在完成最终稿件之前，反复修改了多次草本，力求每一个细节都尽善尽美。,45,0,0,,,,,1.0,
923,363,1,草签,cǎoqiān,cǎoqiān,"<entry id=""05103""><hwg><hw>草签<sup>1</sup></hw><pinyin>cǎoqiān</pinyin></hwg><def>（～<small>儿</small>）<ps>名</ps>草标<small>儿</small>。</def>",名词。,名词,（草签儿）草标儿。,草标儿。,名词。草标儿。,在古代市集上，农民们常常在自家出售的牲畜或农产品上插上草签，作为出售的标志。,47,0,0,,,,,1.0,
924,363,2,草签,cǎoqiān,cǎoqiān,"<entry id=""05104""><hwg><hw>草签<sup>2</sup></hw><pinyin>cǎoqiān</pinyin></hwg><def><ps>动</ps>缔约双方在条约、协议等的草案上临时签署自己的姓名。草签后还有待正式签字。</def>",动词。,动词,缔约双方在条约、协议等的草案上临时签署自己的姓名。草签后还有待正式签字。,缔约双方在条约、协议等的草案上临时签署自己的姓名。草签后还有待正式签字。,动词。缔约双方在条约、协议等的草案上临时签署自己的姓名。草签后还有待正式签字。,双方代表经过长时间的谈判，终于草签了这份合作协议。,66,0,0,,,,,1.0,
925,364,1,落空,là//kòng,làkòng,"<entry id=""30494""><hwg><hw>落空</hw><pinyin>là//kòng</pinyin></hwg><def>（～<small>儿</small>）〈口〉<ps>动</ps>错过机会：<ex>学校组织的每年一次的旅游活动，他从没落过空。</ex></def><def>　另见<pinyin>luò</pinyin>//<pinyin>kōng</pinyin>。</def>",动词。,动词,（落空儿）〈口〉错过机会。,〈口语〉错过机会。,动词。〈口语〉错过机会。,学校组织的每年一次的旅游活动，他从没落过空。,36,1,0,1.0,,,,,
926,364,2,落空,luò//kōng,luòkōng,"<entry id=""34124""><hwg><hw>落空</hw><pinyin>luò//kōng</pinyin></hwg><def><ps>动</ps>没有达到目的或目标；没有着落：<ex>希望～了｜两头落了空。</ex></def><def>　另见<pinyin>là</pinyin>//<pinyin>kòng</pinyin>。</def>",动词。,动词,没有达到目的或目标；没有着落。,没有达到目的或目标；没有着落。,动词。没有达到目的或目标；没有着落。,希望落空了。,26,1,0,1.0,,,,,
927,365,1,蒙药,méngyào,méngyào,"<entry id=""35297""><hwg><hw>蒙药</hw><pinyin>méngyào</pinyin></hwg><def>〈口〉<ps>名</ps>指麻醉药。</def><def>　另见<pinyin>měngyào</pinyin>。</def>",名词。,名词,〈口〉指麻醉药。,〈口语〉指麻醉药。,名词。〈口语〉指麻醉药。,在手术中，医生使用了蒙药来确保患者能够无痛地度过手术过程。,43,1,0,,,,,1.0,
928,365,2,蒙药,měngyào,měngyào,"<entry id=""35349""><hwg><hw>蒙药</hw><pinyin>měngyào</pinyin></hwg><def><ps>名</ps>蒙医所用的药物，以植物的为最多。</def><def>　另见<pinyin>méngyào</pinyin>。</def>",名词。,名词,蒙医所用的药物，以植物的为最多。,蒙医所用的药物，以植物的为最多。,名词。蒙医所用的药物，以植物的为最多。,在内蒙古的草原上，蒙药被广泛应用于治疗各种疾病，其独特的药效深受当地人的信赖。,60,1,0,,,,,1.0,
929,366,1,血拼,xuèpīn,xuèpīn,"<entry id=""58867""><hwg><hw>血拼<sup>1</sup></hw><pinyin>xuèpīn</pinyin></hwg><def><ps>动</ps>指进行激烈的殴斗或竞争：<ex>与敌人～到底｜商家年底～家电市场。</ex></def>",动词。,动词,指进行激烈的殴斗或竞争。,指进行激烈的殴斗或竞争。,动词。指进行激烈的殴斗或竞争。,与敌人血拼到底。,25,0,0,1.0,,,,,
930,366,2,血拼,xuèpīn,xuèpīn,"<entry id=""58868""><hwg><hw>血拼<sup>2</sup></hw><pinyin>xuèpīn</pinyin></hwg><def><ps>动</ps>花很多钱买东西。［英shopping］</def>",动词。,动词,花很多钱买东西。［英shopping］,花很多钱买东西。［英shopping］,动词。花很多钱买东西。［英shopping］,周末商场大促销，我忍不住去血拼了一堆衣服。,45,0,0,,,,,,1.0
931,367,1,血晕,xiěyùn,xiěyùn,"<entry id=""57226""><hwg><hw>血晕</hw><pinyin>xiěyùn</pinyin></hwg><def><ps>动</ps>受伤后皮肤未破，呈红紫色。</def><def>　另见<pinyin>xuèyùn</pinyin>。</def>",动词。,动词,受伤后皮肤未破，呈红紫色。,受伤后皮肤未破，呈红紫色。,动词。受伤后皮肤未破，呈红紫色。,他的胳膊不小心磕了一下，今天就已经血晕了。,39,1,0,,,,,1.0,
932,367,2,血晕,xuèyùn,xuèyùn,"<entry id=""58901""><hwg><hw>血晕</hw><pinyin>xuèyùn</pinyin></hwg><def><ps>名</ps>中医指产后因失血过多而晕厥的病症。</def><def>　另见<pinyin>xiěyùn</pinyin>。</def>",名词。,名词,中医指产后因失血过多而晕厥的病症。,中医指产后因失血过多而晕厥的病症。,名词。中医指产后因失血过多而晕厥的病症。,她产后失血过多，突然感到一阵眩晕，医生诊断说她这是血晕病症。,52,1,0,,,,,1.0,
933,368,1,行经,xíngjīng,xíngjīng,"<entry id=""57822""><hwg><hw>行经<sup>1</sup></hw><pinyin>xíngjīng</pinyin></hwg><def><ps>动</ps>来月经。</def>",动词。,动词,来月经。,来月经。,动词。来月经。,女子行经时，最好采用淋浴的方式沐浴。,27,0,0,,,,,1.0,
934,368,2,行经,xíngjīng,xíngjīng,"<entry id=""57823""><hwg><hw>行经<sup>2</sup></hw><pinyin>xíngjīng</pinyin></hwg><def><ps>动</ps>行程中经过：<ex>火车从北京开出，～天津抵达上海。</ex></def>",动词。,动词,行程中经过。,行程中经过。,动词。行程中经过。,火车从北京开出，行经天津抵达上海。,28,0,0,1.0,,,,,
935,369,1,补编,bǔbiān,bǔbiān,"<entry id=""04015""><hwg><hw>补编<sup>1</sup></hw><pinyin>bǔbiān</pinyin></hwg><def><num>❶</num> <ps>动</ps>在内容上对已经出版的著作进行补充编写：<ex>词典这次修订～了一些新词。</ex></def><def><num>❷</num> <ps>名</ps>指补充编写的著作（多用于书名）。</def>",动词。,动词,在内容上对已经出版的著作进行补充编写。,在内容上对已经出版的著作进行补充编写。,动词。在内容上对已经出版的著作进行补充编写。,词典这次修订补编了一些新词。,38,0,1,1.0,,,,,
936,369,2,补编,bǔbiān,bǔbiān,"<entry id=""04015""><hwg><hw>补编<sup>1</sup></hw><pinyin>bǔbiān</pinyin></hwg><def><num>❶</num> <ps>动</ps>在内容上对已经出版的著作进行补充编写：<ex>词典这次修订～了一些新词。</ex></def><def><num>❷</num> <ps>名</ps>指补充编写的著作（多用于书名）。</def>",名词。,名词,指补充编写的著作（多用于书名）。,指补充编写的著作（多用于书名）。,名词。指补充编写的著作（多用于书名）。,本补编所用的所有词汇与章程所使用者具有相同涵义。,45,0,1,,,,,,1.0
937,369,3,补编,bǔbiān,bǔbiān,"<entry id=""04016""><hwg><hw>补编<sup>2</sup></hw><pinyin>bǔbiān</pinyin></hwg><def><ps>动</ps>（部队、机关等）补充编制：<ex>缺员很多，应及时～。</ex></def>",动词。,动词,（部队、机关等）补充编制。,（部队、机关等）补充编制。,动词。（部队、机关等）补充编制。,缺员很多，应及时补编。,29,0,0,1.0,,,,,
938,370,1,袭取,xíqǔ,xíqǔ,"<entry id=""55267""><hwg><hw>袭取<sup>1</sup></hw><pinyin>xíqǔ</pinyin></hwg><def><ps>动</ps>出其不意地夺取（多用于武装冲突）：<ex>～敌人的营地。</ex></def>",动词。,动词,出其不意地夺取（多用于武装冲突）。,出其不意地夺取（多用于武装冲突）。,动词。出其不意地夺取（多用于武装冲突）。,袭取敌人的营地。,30,0,0,1.0,,,,,
939,370,2,袭取,xíqǔ,xíqǔ,"<entry id=""55268""><hwg><hw>袭取<sup>2</sup></hw><pinyin>xíqǔ</pinyin></hwg><def><ps>动</ps>沿袭地采取：<ex>后人～这个故事，写成了戏。</ex></def>",动词。,动词,沿袭地采取。,沿袭地采取。,动词。沿袭地采取。,后人袭取这个故事，写成了戏。,25,0,0,1.0,,,,,
940,371,1,裹脚,guǒ//jiǎo,guǒjiǎo,"<entry id=""19682""><hwg><hw>裹脚</hw><pinyin>guǒ//jiǎo</pinyin></hwg><def><ps>动</ps>旧时一种陋习，用长布条把女孩子的脚紧紧地缠住，为使脚纤小，而造成脚骨畸形。</def>",动词。,动词,旧时一种陋习，用长布条把女孩子的脚紧紧地缠住，为使脚纤小，而造成脚骨畸形。,旧时一种陋习，用长布条把女孩子的脚紧紧地缠住，为使脚纤小，而造成脚骨畸形。,动词。旧时一种陋习，用长布条把女孩子的脚紧紧地缠住，为使脚纤小，而造成脚骨畸形。,他听说中国的女人是裹脚的，但不知道详细，所以要问我怎么裹法，足骨变成怎样的畸形。,82,1,0,,1.0,,,,
941,371,2,裹脚,guǒ·jiao,guǒjiao,"<entry id=""19683""><hwg><hw>裹脚</hw><pinyin>guǒ·jiao</pinyin></hwg><def><ps>名</ps>旧时妇女裹脚用的长布条。也叫裹脚布。</def><ci><div class=""title"">词语</div><div class=""cont""><a href=""entry://裹脚布"">裹脚布</a></div></ci>",名词。,名词,旧时妇女裹脚用的长布条。也叫裹脚布。,旧时妇女裹脚用的长布条。也叫裹脚布。,名词。旧时妇女裹脚用的长布条。也叫裹脚布。,我们应当禁绝一切空话。但是主要的和首先的任务，是把那些又长又臭的懒婆娘的裹脚，赶快扔到垃圾桶里去。,72,1,0,,1.0,,,,
942,372,1,褒贬,bāobiǎn,bāobiǎn,"<entry id=""01631""><hwg><hw>褒贬</hw><pinyin>bāobiǎn</pinyin></hwg><def><ps>动</ps>评论好坏：<ex>～人物｜一字～｜不加～。</ex></def>",动词。,动词,评论好坏。,评论好坏。,动词。评论好坏。,不加褒贬。,15,1,0,1.0,,,,,
943,372,2,褒贬,bāo·bian,bāobian,"<entry id=""01632""><hwg><hw>褒贬</hw><pinyin>bāo·bian</pinyin></hwg><def><ps>动</ps>批评缺点；指责：<ex>有意见要当面提，别在背地里～人。</ex></def>",动词。,动词,批评缺点；指责。,批评缺点；指责。,动词。批评缺点；指责。,有意见要当面提，别在背地里褒贬人。,30,1,0,1.0,,,,,
944,373,1,见长,jiàncháng,jiàncháng,"<entry id=""25214""><hwg><hw>见长</hw><pinyin>jiàncháng</pinyin></hwg><def><ps>动</ps>在某方面显示出特长：<ex>先生工于书法，尤以草书～。</ex></def><def>　另见<pinyin>jiànzhǎng</pinyin>。</def>",动词。,动词,在某方面显示出特长。,在某方面显示出特长。,动词。在某方面显示出特长。,先生工于书法，尤以草书见长。,29,1,0,1.0,,,,,
945,373,2,见长,jiànzhǎng,jiànzhǎng,"<entry id=""25259""><hwg><hw>见长</hw><pinyin>jiànzhǎng</pinyin></hwg><def><ps>动</ps>看着比原来高或大：<ex>一场春雨后，麦苗～了｜孩子的个头<small>儿</small>～。</ex></def><def>　另见<pinyin>jiàncháng</pinyin>。</def>",动词。,动词,看着比原来高或大。,看着比原来高或大。,动词。看着比原来高或大。,一场春雨后，麦苗见长了。,26,1,0,1.0,,,,,
946,374,1,解难,jiě//nán,jiěnán,"<entry id=""26492""><hwg><hw>解难</hw><pinyin>jiě//nán</pinyin></hwg><def><ps>动</ps>解决困难或疑难：<ex>释疑～。</ex></def>",动词。,动词,解决困难或疑难。,解决困难或疑难。,动词。解决困难或疑难。,释疑解难。,18,1,0,1.0,,,,,
947,374,2,解难,jiě//nàn,jiěnàn,"<entry id=""26493""><hwg><hw>解难</hw><pinyin>jiě//nàn</pinyin></hwg><def><ps>动</ps>解除危难：<ex>排忧～。</ex></def>",动词。,动词,解除危难。,解除危难。,动词。解除危难。,排忧解难。,15,1,0,1.0,,,,,
948,375,1,言语,yányǔ,yányǔ,"<entry id=""59474""><hwg><hw>言语</hw><pinyin>yányǔ</pinyin></hwg><def><ps>名</ps>说的话：<ex>～粗鲁｜～行动。</ex></def>",名词。,名词,说的话。,说的话。,名词。说的话。,言语粗鲁。,14,1,0,1.0,,,,,
949,375,2,言语,yán·yu,yányu,"<entry id=""59475""><hwg><hw>言语</hw><pinyin>yán·yu</pinyin></hwg><def>〈口〉<ps>动</ps>说；说话：<ex>你走的时候～一声<small>儿</small>｜问你话呢，你怎么不～？</ex></def>",动词。,动词,〈口〉说；说话。,〈口语〉说；说话。,动词。〈口语〉说；说话。,你走的时候言语一声儿。,25,1,0,1.0,,,,,
950,376,1,计数,jìshǔ,jìshǔ,"<entry id=""24236""><hwg><hw>计数</hw><pinyin>jìshǔ</pinyin></hwg><def><ps>动</ps>统计（数目）；计算：<ex>不可～｜难以～。</ex></def>",动词。,动词,统计（数目）；计算。,统计（数目）；计算。,动词。统计（数目）；计算。,不可计数。,20,1,0,1.0,,,,,
951,376,2,计数,jì//shù,jìshù,"<entry id=""24237""><hwg><hw>计数</hw><pinyin>jì//shù</pinyin></hwg><def><ps>动</ps>数（<pinyin>shǔ</pinyin>）事物的个数；统计数目：<ex>～器｜～单位。</ex></def>",动词。,动词,数事物的个数；统计数目。,数事物的个数；统计数目。,动词。数事物的个数；统计数目。,计数器。,21,1,0,1.0,,,,,
952,377,1,试播,shìbō,shìbō,"<entry id=""46985""><hwg><hw>试播<sup>1</sup></hw><pinyin>shìbō</pinyin></hwg><def><ps>动</ps>新种子、新播种方法推广前，先在小范围内进行试验性播种，以检验其质量和效果。</def>",动词。,动词,新种子、新播种方法推广前，先在小范围内进行试验性播种，以检验其质量和效果。,新种子、新播种方法推广前，先在小范围内进行试验性播种，以检验其质量和效果。,动词。新种子、新播种方法推广前，先在小范围内进行试验性播种，以检验其质量和效果。,今年春季，农业研究所决定对新研发的高产玉米种子进行试播。,70,0,0,,,,,1.0,
953,377,2,试播,shìbō,shìbō,"<entry id=""46986""><hwg><hw>试播<sup>2</sup></hw><pinyin>shìbō</pinyin></hwg><def><ps>动</ps></def><def><num>❶</num> 新建立的广播电台或电视台进行试验性播放，以检验设备的性能是否合乎要求。</def><def><num>❷</num> 节目正式播放前为听取意见先在一定范围内播放。</def>",动词。,动词,新建立的广播电台或电视台进行试验性播放，以检验设备的性能是否合乎要求。,新建立的广播电台或电视台进行试验性播放，以检验设备的性能是否合乎要求。,动词。新建立的广播电台或电视台进行试验性播放，以检验设备的性能是否合乎要求。,为了确保新建立的电视台能够顺利开播，技术人员们正在进行紧张的试播工作。,75,0,1,,,,,1.0,
954,377,3,试播,shìbō,shìbō,"<entry id=""46986""><hwg><hw>试播<sup>2</sup></hw><pinyin>shìbō</pinyin></hwg><def><ps>动</ps></def><def><num>❶</num> 新建立的广播电台或电视台进行试验性播放，以检验设备的性能是否合乎要求。</def><def><num>❷</num> 节目正式播放前为听取意见先在一定范围内播放。</def>",动词。,动词,节目正式播放前为听取意见先在一定范围内播放。,节目正式播放前为听取意见先在一定范围内播放。,动词。节目正式播放前为听取意见先在一定范围内播放。,这部电视剧今天试播两集。,39,0,1,,1.0,,,,
955,378,1,说法,shuōfǎ,shuōfǎ,"<entry id=""48494""><hwg><hw>说法</hw><pinyin>shuōfǎ</pinyin></hwg><def><ps>动</ps>讲解佛法。</def>",动词。,动词,讲解佛法。,讲解佛法。,动词。讲解佛法。,都到七宝莲台之下，各听如来说法。,26,0,0,,,1.0,,,
956,378,2,说法,shuō·fǎ,shuōfǎ,"<entry id=""48495""><hwg><hw>说法</hw><pinyin>shuō·fǎ</pinyin></hwg><def><ps>名</ps></def><def><num>❶</num> 措辞：<ex>改换一个～｜一个意思可以有两种～。</ex></def><def><num>❷</num> 意见；见解：<ex>“后来居上”是一种鼓舞人努力向上的～。</ex></def><def><num>❸</num> 指处理问题的理由或根据：<ex>向上级讨个～。</ex></def>",名词。,名词,措辞。,措辞。,名词。措辞。,改换一个说法。,15,0,1,1.0,,,,,
957,378,3,说法,shuō·fǎ,shuōfǎ,"<entry id=""48495""><hwg><hw>说法</hw><pinyin>shuō·fǎ</pinyin></hwg><def><ps>名</ps></def><def><num>❶</num> 措辞：<ex>改换一个～｜一个意思可以有两种～。</ex></def><def><num>❷</num> 意见；见解：<ex>“后来居上”是一种鼓舞人努力向上的～。</ex></def><def><num>❸</num> 指处理问题的理由或根据：<ex>向上级讨个～。</ex></def>",名词。,名词,意见；见解。,意见；见解。,名词。意见；见解。,“后来居上”是一种鼓舞人努力向上的说法。,31,0,1,1.0,,,,,
958,378,4,说法,shuō·fǎ,shuōfǎ,"<entry id=""48495""><hwg><hw>说法</hw><pinyin>shuō·fǎ</pinyin></hwg><def><ps>名</ps></def><def><num>❶</num> 措辞：<ex>改换一个～｜一个意思可以有两种～。</ex></def><def><num>❷</num> 意见；见解：<ex>“后来居上”是一种鼓舞人努力向上的～。</ex></def><def><num>❸</num> 指处理问题的理由或根据：<ex>向上级讨个～。</ex></def>",名词。,名词,指处理问题的理由或根据。,指处理问题的理由或根据。,名词。指处理问题的理由或根据。,向上级讨个说法。,25,0,1,1.0,,,,,
959,379,1,调制,tiáozhì,tiáozhì,"<entry id=""51114""><hwg><hw>调制<sup>1</sup></hw><pinyin>tiáozhì</pinyin></hwg><def><ps>动</ps>使电磁波的振幅、频率或脉冲的有关参数依照所需传递的信号而变化。</def>",动词。,动词,使电磁波的振幅、频率或脉冲的有关参数依照所需传递的信号而变化。,使电磁波的振幅、频率或脉冲的有关参数依照所需传递的信号而变化。,动词。使电磁波的振幅、频率或脉冲的有关参数依照所需传递的信号而变化。,研究人员通过调制实验参数，成功观察到了量子纠缠现象，为量子通信技术的发展提供了新的思路。,80,0,0,,,,,1.0,
960,379,2,调制,tiáozhì,tiáozhì,"<entry id=""51115""><hwg><hw>调制<sup>2</sup></hw><pinyin>tiáozhì</pinyin></hwg><def><ps>动</ps>调配制作：<ex>～鸡尾酒。</ex></def><ci><div class=""title"">词语</div><div class=""cont""><a href=""entry://调制解调器"">调制解调器</a></div></ci>",动词。,动词,调配制作。,调配制作。,动词。调配制作。,调制鸡尾酒。,16,0,0,1.0,,,,,
961,380,1,调拨,diàobō,diàobō,"<entry id=""11926""><hwg><hw>调拨</hw><pinyin>diàobō</pinyin></hwg><def><ps>动</ps></def><def><num>❶</num> 调动拨付（多指物资）：<ex>～款项｜～小麦种子。</ex></def><def><num>❷</num> 调遣：<ex>人员都听从他的指挥和～。</ex></def><def>　另见<pinyin>tiáobō</pinyin>。</def>",动词。,动词,调动拨付（多指物资）。,调动拨付（多指物资）。,动词。调动拨付（多指物资）。,调拨款项。,21,1,1,1.0,,,,,
962,380,2,调拨,diàobō,diàobō,"<entry id=""11926""><hwg><hw>调拨</hw><pinyin>diàobō</pinyin></hwg><def><ps>动</ps></def><def><num>❶</num> 调动拨付（多指物资）：<ex>～款项｜～小麦种子。</ex></def><def><num>❷</num> 调遣：<ex>人员都听从他的指挥和～。</ex></def><def>　另见<pinyin>tiáobō</pinyin>。</def>",动词。,动词,调遣。,调遣。,动词。调遣。,人员都听从他的指挥和调拨。,21,1,1,1.0,,,,,
963,380,3,调拨,tiáobō,tiáobō,"<entry id=""51068""><hwg><hw>调拨</hw><pinyin>tiáobō</pinyin></hwg><def><ps>动</ps>挑拨。</def><def>　另见<pinyin>diàobō</pinyin>。</def>",动词。,动词,挑拨。,挑拨。,动词。挑拨。,他总是在同事之间调拨离间，制造不必要的矛盾，真是令人厌恶。,37,1,0,,,,,1.0,
964,381,1,调配,diàopèi,diàopèi,"<entry id=""11949""><hwg><hw>调配</hw><pinyin>diàopèi</pinyin></hwg><def><ps>动</ps>调动分配：<ex>劳动力和工具～得合理，工作进行就顺利。</ex></def><def>　另见<pinyin>tiáopèi</pinyin>。</def>",动词。,动词,调动分配。,调动分配。,动词。调动分配。,劳动力和工具调配得合理，工作进行就顺利。,30,1,0,1.0,,,,,
965,381,2,调配,tiáopèi,tiáopèi,"<entry id=""51091""><hwg><hw>调配</hw><pinyin>tiáopèi</pinyin></hwg><def><ps>动</ps>调和，配合（颜料、药物等）。</def><def>　另见<pinyin>diàopèi</pinyin>。</def>",动词。,动词,调和，配合（颜料、药物等）。,调和，配合（颜料、药物等）。,动词。调和，配合（颜料、药物等）。,那些红红黄黄的油彩，确是调配得很鲜明。,38,1,0,,1.0,,,,
966,382,1,谦辞,qiāncí,qiāncí,"<entry id=""40900""><hwg><hw>谦辞<sup>1</sup></hw><pinyin>qiāncí</pinyin></hwg><def><ps>名</ps>表示谦虚的言辞，如“过奖、不敢当”等。也作谦词。</def>",名词。,名词,表示谦虚的言辞，如“过奖、不敢当”等。也作谦词。,表示谦虚的言辞，如“过奖、不敢当”等。也作谦词。,名词。表示谦虚的言辞，如“过奖、不敢当”等。也作谦词。,与人交往时，恰当使用谦辞能够给对方留下良好的印象。,54,0,0,,,,,1.0,
967,382,2,谦辞,qiāncí,qiāncí,"<entry id=""40901""><hwg><hw>谦辞<sup>2</sup></hw><pinyin>qiāncí</pinyin></hwg><def><ps>动</ps>谦让推辞：<ex>大家诚意推举你，你就别～了。</ex></def>",动词。,动词,谦让推辞。,谦让推辞。,动词。谦让推辞。,大家诚意推举你，你就别谦辞了。,25,0,0,1.0,,,,,
968,383,1,贫气,pín·qi,pínqi,"<entry id=""39470""><hwg><hw>贫气<sup>1</sup></hw><pinyin>pín·qi</pinyin></hwg><def><ps>形</ps>行动、态度不大方；小气。</def>",形容词。,形容词,行动、态度不大方；小气。,行动、态度不大方；小气。,形容词。行动、态度不大方；小气。,这个人贫气，不上台面。,29,0,0,,1.0,,,,
969,383,2,贫气,pín·qi,pínqi,"<entry id=""39471""><hwg><hw>贫气<sup>2</sup></hw><pinyin>pín·qi</pinyin></hwg><def><ps>形</ps>絮叨可厌：<ex>一句话说了又说，真～。</ex></def>",形容词。,形容词,絮叨可厌。,絮叨可厌。,形容词。絮叨可厌。,一句话说了又说，真贫气。,23,0,0,1.0,,,,,
970,384,1,贴边,tiē//biān,tiēbiān,"<entry id=""51200""><hwg><hw>贴边<sup>1</sup></hw><pinyin>tiē//biān</pinyin></hwg><def>（～<small>儿</small>）</def><def><num>❶</num> <ps>动</ps>紧靠着边缘：<ex>贴着边<small>儿</small>走。</ex></def><def><num>❷</num> <ps>形</ps>挨边；沾边：<ex>你说的话和事实不～<small>儿</small>。</ex></def>",动词。,动词,紧靠着边缘。,紧靠着边缘。,动词。紧靠着边缘。,贴着边儿走。,17,0,1,1.0,,,,,
971,384,2,贴边,tiē//biān,tiēbiān,"<entry id=""51200""><hwg><hw>贴边<sup>1</sup></hw><pinyin>tiē//biān</pinyin></hwg><def>（～<small>儿</small>）</def><def><num>❶</num> <ps>动</ps>紧靠着边缘：<ex>贴着边<small>儿</small>走。</ex></def><def><num>❷</num> <ps>形</ps>挨边；沾边：<ex>你说的话和事实不～<small>儿</small>。</ex></def>",形容词。,形容词,挨边；沾边。,挨边；沾边。,形容词。挨边；沾边。,你说的话和事实不贴边儿。,24,0,1,1.0,,,,,
972,384,3,贴边,tiēbiān,tiēbiān,"<entry id=""51201""><hwg><hw>贴边<sup>2</sup></hw><pinyin>tiēbiān</pinyin></hwg><def><ps>名</ps>缝在衣服里子边上的窄条，一般跟面<small>儿</small>用同样的料子。</def>",名词。,名词,缝在衣服里子边上的窄条，一般跟面儿用同样的料子。,缝在衣服里子边上的窄条，一般跟面儿用同样的料子。,名词。缝在衣服里子边上的窄条，一般跟面儿用同样的料子。,技工们从衣服的折缝里或贴边处抽出一根根细细的纤维，然后按着料子的经线纬线织上去。,69,0,0,,,,,1.0,
973,385,1,赛会,sàihuì,sàihuì,"<entry id=""44111""><hwg><hw>赛会<sup>1</sup></hw><pinyin>sàihuì</pinyin></hwg><def><ps>名</ps>旧时的一种民俗活动，用仪仗和吹打演唱迎神像出庙，巡游于街巷或村庄间。</def>",名词。,名词,旧时的一种民俗活动，用仪仗和吹打演唱迎神像出庙，巡游于街巷或村庄间。,旧时的一种民俗活动，用仪仗和吹打演唱迎神像出庙，巡游于街巷或村庄间。,名词。旧时的一种民俗活动，用仪仗和吹打演唱迎神像出庙，巡游于街巷或村庄间。,我常存着这样的一个希望：这一次所见的赛会，比前一次繁盛些。,68,0,0,,1.0,,,,
974,385,2,赛会,sàihuì,sàihuì,"<entry id=""44112""><hwg><hw>赛会<sup>2</sup></hw><pinyin>sàihuì</pinyin></hwg><def><ps>名</ps>运动会：<ex>打破～纪录。</ex></def>",名词。,名词,运动会。,运动会。,名词。运动会。,打破赛会纪录。,16,0,0,1.0,,,,,
975,386,1,起子,qǐ·zi,qǐzi,"<entry id=""40572""><hwg><hw>起子<sup>1</sup></hw><pinyin>qǐ·zi</pinyin></hwg><def><ps>名</ps></def><def><num>❶</num> 开瓶盖的工具，前端是椭圆形的环，后面有柄，多用金属制成。</def><def><num>❷</num> 〈方〉螺丝刀。</def><def><num>❸</num> 〈方〉发面用的焙（<pinyin>bèi</pinyin>）粉或面肥。</def>",名词。,名词,开瓶盖的工具，前端是椭圆形的环，后面有柄，多用金属制成。,开瓶盖的工具，前端是椭圆形的环，后面有柄，多用金属制成。,名词。开瓶盖的工具，前端是椭圆形的环，后面有柄，多用金属制成。,他掏出试电笔，那上面有个小起子。,49,0,0,,1.0,,,,
976,386,2,起子,qǐ·zi,qǐzi,"<entry id=""40573""><hwg><hw>起子<sup>2</sup></hw><pinyin>qǐ·zi</pinyin></hwg><def><ps>量</ps>群；批：<ex>一～客人。</ex></def>",量词。,量词,群；批。,群；批。,量词。群；批。,一起子客人。,15,0,0,1.0,,,,,
977,387,1,起来,qǐ//·lái,qǐlái,"<entry id=""40527""><hwg><hw>起来</hw><pinyin>qǐ//·lái</pinyin></hwg><def><ps>动</ps></def><def><num>❶</num> 由躺、卧而坐，由坐、跪而站：<ex>你～，让老太太坐下。</ex></def><def><num>❷</num> 指起床：<ex>刚～就忙着下地干活<small>儿</small>。</ex></def><def><num>❸</num> 泛指兴起、奋起、升起、立起等：<ex>群众～了｜情绪～了｜飞机～了｜大楼～了。</ex></def>",动词。,动词,由躺、卧而坐，由坐、跪而站。,由躺、卧而坐，由坐、跪而站。,动词。由躺、卧而坐，由坐、跪而站。,你起来，让老太太坐下。,30,0,1,1.0,,,,,
978,387,2,起来,qǐ//·lái,qǐlái,"<entry id=""40527""><hwg><hw>起来</hw><pinyin>qǐ//·lái</pinyin></hwg><def><ps>动</ps></def><def><num>❶</num> 由躺、卧而坐，由坐、跪而站：<ex>你～，让老太太坐下。</ex></def><def><num>❷</num> 指起床：<ex>刚～就忙着下地干活<small>儿</small>。</ex></def><def><num>❸</num> 泛指兴起、奋起、升起、立起等：<ex>群众～了｜情绪～了｜飞机～了｜大楼～了。</ex></def>",动词。,动词,指起床。,指起床。,动词。指起床。,刚起来就忙着下地干活儿。,21,0,1,1.0,,,,,
979,387,3,起来,qǐ//·lái,qǐlái,"<entry id=""40527""><hwg><hw>起来</hw><pinyin>qǐ//·lái</pinyin></hwg><def><ps>动</ps></def><def><num>❶</num> 由躺、卧而坐，由坐、跪而站：<ex>你～，让老太太坐下。</ex></def><def><num>❷</num> 指起床：<ex>刚～就忙着下地干活<small>儿</small>。</ex></def><def><num>❸</num> 泛指兴起、奋起、升起、立起等：<ex>群众～了｜情绪～了｜飞机～了｜大楼～了。</ex></def>",动词。,动词,泛指兴起、奋起、升起、立起等。,泛指兴起、奋起、升起、立起等。,动词。泛指兴起、奋起、升起、立起等。,情绪起来了。,26,0,1,1.0,,,,,
980,387,4,起来,//·qǐ//·lái,qǐlái,"<entry id=""40528""><hwg><hw>起来</hw><pinyin>//·qǐ//·lái</pinyin></hwg><def><ps>动</ps>趋向动词。</def><def><num>❶</num> 用在动词后，表示向上：<ex>抬起头来◇1949年新中国成立，中国人民从此站～了。</ex></def><def><num>❷</num> 用在动词或形容词后，表示动作或情况开始并且继续：<ex>一句话把屋子里的人都逗得大笑～｜唱起歌来｜天气渐渐暖和～。</ex></def><def><num>❸</num> 用在动词后，表示动作完成或达到目的：<ex>球队已经组织～了｜想了半天，终于想～了。</ex></def><def><num>❹</num> 用在动词后，表示估计或着眼于某一方面：<ex>看～，他不会来了。</ex></def>",动词；趋向动词。,动词,用在动词后，表示向上。,用在动词后，表示向上。,动词；趋向动词。用在动词后，表示向上。,1949年新中国成立，中国人民从此站起来了。,39,0,1,1.0,,,,,
981,387,5,起来,//·qǐ//·lái,qǐlái,"<entry id=""40528""><hwg><hw>起来</hw><pinyin>//·qǐ//·lái</pinyin></hwg><def><ps>动</ps>趋向动词。</def><def><num>❶</num> 用在动词后，表示向上：<ex>抬起头来◇1949年新中国成立，中国人民从此站～了。</ex></def><def><num>❷</num> 用在动词或形容词后，表示动作或情况开始并且继续：<ex>一句话把屋子里的人都逗得大笑～｜唱起歌来｜天气渐渐暖和～。</ex></def><def><num>❸</num> 用在动词后，表示动作完成或达到目的：<ex>球队已经组织～了｜想了半天，终于想～了。</ex></def><def><num>❹</num> 用在动词后，表示估计或着眼于某一方面：<ex>看～，他不会来了。</ex></def>",动词；趋向动词。,动词,用在动词或形容词后，表示动作或情况开始并且继续。,用在动词或形容词后，表示动作或情况开始并且继续。,动词；趋向动词。用在动词或形容词后，表示动作或情况开始并且继续。,一句话把屋子里的人都逗得大笑起来。,51,0,1,1.0,,,,,
982,387,6,起来,//·qǐ//·lái,qǐlái,"<entry id=""40528""><hwg><hw>起来</hw><pinyin>//·qǐ//·lái</pinyin></hwg><def><ps>动</ps>趋向动词。</def><def><num>❶</num> 用在动词后，表示向上：<ex>抬起头来◇1949年新中国成立，中国人民从此站～了。</ex></def><def><num>❷</num> 用在动词或形容词后，表示动作或情况开始并且继续：<ex>一句话把屋子里的人都逗得大笑～｜唱起歌来｜天气渐渐暖和～。</ex></def><def><num>❸</num> 用在动词后，表示动作完成或达到目的：<ex>球队已经组织～了｜想了半天，终于想～了。</ex></def><def><num>❹</num> 用在动词后，表示估计或着眼于某一方面：<ex>看～，他不会来了。</ex></def>",动词；趋向动词。,动词,用在动词后，表示动作完成或达到目的。,用在动词后，表示动作完成或达到目的。,动词；趋向动词。用在动词后，表示动作完成或达到目的。,球队已经组织起来了。,38,0,1,1.0,,,,,
983,387,7,起来,//·qǐ//·lái,qǐlái,"<entry id=""40528""><hwg><hw>起来</hw><pinyin>//·qǐ//·lái</pinyin></hwg><def><ps>动</ps>趋向动词。</def><def><num>❶</num> 用在动词后，表示向上：<ex>抬起头来◇1949年新中国成立，中国人民从此站～了。</ex></def><def><num>❷</num> 用在动词或形容词后，表示动作或情况开始并且继续：<ex>一句话把屋子里的人都逗得大笑～｜唱起歌来｜天气渐渐暖和～。</ex></def><def><num>❸</num> 用在动词后，表示动作完成或达到目的：<ex>球队已经组织～了｜想了半天，终于想～了。</ex></def><def><num>❹</num> 用在动词后，表示估计或着眼于某一方面：<ex>看～，他不会来了。</ex></def>",动词；趋向动词。,动词,用在动词后，表示估计或着眼于某一方面。,用在动词后，表示估计或着眼于某一方面。,动词；趋向动词。用在动词后，表示估计或着眼于某一方面。,看起来，他不会来了。,39,0,1,1.0,,,,,
984,388,1,起火,qǐ//huǒ,qǐhuǒ,"<entry id=""40512""><hwg><hw>起火</hw><pinyin>qǐ//huǒ</pinyin></hwg><def><ps>动</ps></def><def><num>❶</num> 点火做饭：<ex>星期天你家～不～？｜在食堂吃饭比自己～方便。</ex></def><def><num>❷</num> 发生火警：<ex>仓库～了。</ex></def><def><num>❸</num> 着急发脾气：<ex>你别～，听我慢慢<small>儿</small>对你说。</ex></def>",动词。,动词,点火做饭。,点火做饭。,动词。点火做饭。,在食堂吃饭比自己起火方便。,23,1,1,1.0,,,,,
985,388,2,起火,qǐ//huǒ,qǐhuǒ,"<entry id=""40512""><hwg><hw>起火</hw><pinyin>qǐ//huǒ</pinyin></hwg><def><ps>动</ps></def><def><num>❶</num> 点火做饭：<ex>星期天你家～不～？｜在食堂吃饭比自己～方便。</ex></def><def><num>❷</num> 发生火警：<ex>仓库～了。</ex></def><def><num>❸</num> 着急发脾气：<ex>你别～，听我慢慢<small>儿</small>对你说。</ex></def>",动词。,动词,发生火警。,发生火警。,动词。发生火警。,仓库起火了。,16,1,1,1.0,,,,,
986,388,3,起火,qǐ//huǒ,qǐhuǒ,"<entry id=""40512""><hwg><hw>起火</hw><pinyin>qǐ//huǒ</pinyin></hwg><def><ps>动</ps></def><def><num>❶</num> 点火做饭：<ex>星期天你家～不～？｜在食堂吃饭比自己～方便。</ex></def><def><num>❷</num> 发生火警：<ex>仓库～了。</ex></def><def><num>❸</num> 着急发脾气：<ex>你别～，听我慢慢<small>儿</small>对你说。</ex></def>",动词。,动词,着急发脾气。,着急发脾气。,动词。着急发脾气。,你别起火，听我慢慢儿对你说。,25,1,1,1.0,,,,,
987,388,4,起火,qǐ·huo,qǐhuo,"<entry id=""40513""><hwg><hw>起火</hw><pinyin>qǐ·huo</pinyin></hwg><def><ps>名</ps>带着苇子秆的花炮，点着后能升得很高。</def>",名词。,名词,带着苇子秆的花炮，点着后能升得很高。,带着苇子秆的花炮，点着后能升得很高。,名词。带着苇子秆的花炮，点着后能升得很高。,一夜人声杂沓，语笑喧阗，爆竹起火，络绎不绝。,45,1,0,,,1.0,,,
988,389,1,超生,chāoshēng,chāoshēng,"<entry id=""06039""><hwg><hw>超生<sup>1</sup></hw><pinyin>chāoshēng</pinyin></hwg><def><ps>动</ps></def><def><num>❶</num> 佛教用语，指人死后灵魂投生为人。</def><def><num>❷</num> 比喻为人开脱：<ex>笔下～。</ex></def>",动词。,动词,佛教用语，指人死后灵魂投生为人。,佛教用语，指人死后灵魂投生为人。,动词。佛教用语，指人死后灵魂投生为人。,侯殿魁把他找了去，说：“咱们还是叔伯叔侄，咱哥哥做的事，也就算了，让亡灵超生吧。”,62,0,1,,1.0,,,,
989,389,2,超生,chāoshēng,chāoshēng,"<entry id=""06039""><hwg><hw>超生<sup>1</sup></hw><pinyin>chāoshēng</pinyin></hwg><def><ps>动</ps></def><def><num>❶</num> 佛教用语，指人死后灵魂投生为人。</def><def><num>❷</num> 比喻为人开脱：<ex>笔下～。</ex></def>",动词。,动词,比喻为人开脱。,比喻为人开脱。,动词。比喻为人开脱。,小人所言句句属实，还望老爷超生。,28,0,1,,1.0,,,,
990,389,3,超生,chāoshēng,chāoshēng,"<entry id=""06040""><hwg><hw>超生<sup>2</sup></hw><pinyin>chāoshēng</pinyin></hwg><def><ps>动</ps>指超过计划生育指标生育。</def>",动词。,动词,指超过计划生育指标生育。,指超过计划生育指标生育。,动词。指超过计划生育指标生育。,人口超生给儿童的管理工作增加了许多困难。,37,0,0,,1.0,,,,
991,390,1,跑车,pǎo//chē,pǎochē,"<entry id=""38588""><hwg><hw>跑车<sup>1</sup></hw><pinyin>pǎo//chē</pinyin></hwg><def>〈口〉<ps>动</ps>列车员随车工作。</def>",动词。,动词,〈口〉列车员随车工作。,〈口语〉列车员随车工作。,动词。〈口语〉列车员随车工作。,爸爸是火车司机，那天跑车回来到了家。,35,0,0,,1.0,,,,
992,390,2,跑车,pǎochē,pǎochē,"<entry id=""38589""><hwg><hw>跑车<sup>2</sup></hw><pinyin>pǎochē</pinyin></hwg><def><ps>名</ps></def><def><num>❶</num> 赛车②。</def><def><num>❷</num> 林区运木材用的一种车。</def>",名词。,名词,赛车。,赛车。,名词。赛车。,他驾驶着那辆炫酷的跑车，轻松地超越了其他竞争对手，赢得了比赛。,39,0,1,,,,,1.0,
993,390,3,跑车,pǎochē,pǎochē,"<entry id=""38589""><hwg><hw>跑车<sup>2</sup></hw><pinyin>pǎochē</pinyin></hwg><def><ps>名</ps></def><def><num>❶</num> 赛车②。</def><def><num>❷</num> 林区运木材用的一种车。</def>",名词。,名词,林区运木材用的一种车。,林区运木材用的一种车。,名词。林区运木材用的一种车。,跑车的设计非常独特，能够适应林区复杂的地形，确保木材能够顺利、安全地运输到目的地。,57,0,1,,,,,1.0,
994,391,1,跟前,gēnqián,gēnqián,"<entry id=""17490""><hwg><hw>跟前</hw><pinyin>gēnqián</pinyin></hwg><def><ps>名</ps></def><def><num>❶</num> （～<small>儿</small>）身边；附近：<ex>请你到我～来｜她坐在窗户～的床上。</ex></def><def><num>❷</num> 临近的时间：<ex>春节～。</ex></def>",名词。,名词,（跟前儿）身边；附近。,身边；附近。,名词。身边；附近。,请你到我跟前来。,19,1,1,1.0,,,,,
995,391,2,跟前,gēnqián,gēnqián,"<entry id=""17490""><hwg><hw>跟前</hw><pinyin>gēnqián</pinyin></hwg><def><ps>名</ps></def><def><num>❶</num> （～<small>儿</small>）身边；附近：<ex>请你到我～来｜她坐在窗户～的床上。</ex></def><def><num>❷</num> 临近的时间：<ex>春节～。</ex></def>",名词。,名词,临近的时间。,临近的时间。,名词。临近的时间。,春节跟前。,16,1,1,1.0,,,,,
996,391,3,跟前,gēn·qian,gēnqian,"<entry id=""17491""><hwg><hw>跟前</hw><pinyin>gēn·qian</pinyin></hwg><def><ps>名</ps>身体的近旁（专指有无儿女说）：<ex>他～只有一个女儿。</ex></def>",名词。,名词,身体的近旁（专指有无儿女说）。,身体的近旁（专指有无儿女说）。,名词。身体的近旁（专指有无儿女说）。,他跟前只有一个女儿。,30,1,0,1.0,,,,,
997,392,1,跟班,gēn//bān,gēnbān,"<entry id=""17480""><hwg><hw>跟班<sup>1</sup></hw><pinyin>gēn//bān</pinyin></hwg><def><ps>动</ps>随同某一劳动集体或学习集体（劳动或学习）：<ex>～干活<small>儿</small>｜～听课。</ex></def>",动词。,动词,随同某一劳动集体或学习集体（劳动或学习）。,随同某一劳动集体或学习集体（劳动或学习）。,动词。随同某一劳动集体或学习集体（劳动或学习）。,跟班干活儿。,32,0,0,1.0,,,,,
998,392,2,跟班,gēnbān,gēnbān,"<entry id=""17481""><hwg><hw>跟班<sup>2</sup></hw><pinyin>gēnbān</pinyin></hwg><def>（～<small>儿</small>）<ps>名</ps>旧时跟随在官员身边供使唤的人。也叫跟班<small>儿</small>的。</def>",名词。,名词,（跟班儿）旧时跟随在官员身边供使唤的人。也叫跟班儿的。,旧时跟随在官员身边供使唤的人。也叫跟班儿的。,名词。旧时跟随在官员身边供使唤的人。也叫跟班儿的。,“文攻武卫”那阵，他是郑“司令”的讲稿起草人兼跟班，后来被提拔为政工组长。,64,0,0,,1.0,,,,
999,393,1,转向,zhuǎnxiàng,zhuǎnxiàng,"<entry id=""68293""><hwg><hw>转向</hw><pinyin>zhuǎnxiàng</pinyin></hwg><def><ps>动</ps></def><def><num>❶</num> 转变方向：<ex>上午是东风，下午～了，成了南风。</ex></def><def><num>❷</num> 比喻改变政治立场。</def><def>　另见<pinyin>zhuàn</pinyin>//<pinyin>xiàng</pinyin>。</def>",动词。,动词,转变方向。,转变方向。,动词。转变方向。,上午是东风，下午转向了，成了南风。,27,1,1,1.0,,,,,
1000,393,2,转向,zhuǎnxiàng,zhuǎnxiàng,"<entry id=""68293""><hwg><hw>转向</hw><pinyin>zhuǎnxiàng</pinyin></hwg><def><ps>动</ps></def><def><num>❶</num> 转变方向：<ex>上午是东风，下午～了，成了南风。</ex></def><def><num>❷</num> 比喻改变政治立场。</def><def>　另见<pinyin>zhuàn</pinyin>//<pinyin>xiàng</pinyin>。</def>",动词。,动词,比喻改变政治立场。,比喻改变政治立场。,动词。比喻改变政治立场。,末了我还想申说几句，便是悔过转向的问题。,34,1,1,,1.0,,,,
1001,393,3,转向,zhuàn//xiàng,zhuànxiàng,"<entry id=""68333""><hwg><hw>转向</hw><pinyin>zhuàn//xiàng</pinyin></hwg><def><ps>动</ps>迷失方向：<ex>晕头～◇在大是大非面前不～。</ex></def><def>　另见<pinyin>zhuǎnxiàng</pinyin>。</def>",动词。,动词,迷失方向。,迷失方向。,动词。迷失方向。,晕头转向。,15,1,0,1.0,,,,,
1002,394,1,转载,zhuǎnzǎi,zhuǎnzǎi,"<entry id=""68304""><hwg><hw>转载</hw><pinyin>zhuǎnzǎi</pinyin></hwg><def><ps>动</ps>报刊上刊登别的报刊上发表过的文章：<ex>几种报纸都～了《人民日报》的社论。</ex></def>",动词。,动词,报刊上刊登别的报刊上发表过的文章。,报刊上刊登别的报刊上发表过的文章。,动词。报刊上刊登别的报刊上发表过的文章。,几种报纸都转载了《人民日报》的社论。,40,1,0,1.0,,,,,
1003,394,2,转载,zhuǎnzài,zhuǎnzài,"<entry id=""68305""><hwg><hw>转载</hw><pinyin>zhuǎnzài</pinyin></hwg><def><ps>动</ps>过载②。</def>",动词。,动词,过载。把一个运输工具上装载的东西卸下来，装到另一个运输工具上。,过载。把一个运输工具上装载的东西卸下来，装到另一个运输工具上。,动词。过载。把一个运输工具上装载的东西卸下来，装到另一个运输工具上。,为了确保货物能够按时到达目的地，工人们迅速地将这批物资从卡车上转载到了火车上。,75,1,0,,,,,1.0,
1004,395,1,转运,zhuǎn//yùn,zhuǎnyùn,"<entry id=""68302""><hwg><hw>转运<sup>1</sup></hw><pinyin>zhuǎn//yùn</pinyin></hwg><def><ps>动</ps>运气好转。</def>",动词。,动词,运气好转。,运气好转。,动词。运气好转。,我这次出门以前，有朋友跟我排过八字，说现在正转运，一路逢凶化吉。,42,0,0,,1.0,,,,
1005,395,2,转运,zhuǎnyùn,zhuǎnyùn,"<entry id=""68303""><hwg><hw>转运<sup>2</sup></hw><pinyin>zhuǎnyùn</pinyin></hwg><def><ps>动</ps>把运来的东西再运到另外的地方去：<ex>～站｜～物资。</ex></def>",动词。,动词,把运来的东西再运到另外的地方去。,把运来的东西再运到另外的地方去。,动词。把运来的东西再运到另外的地方去。,转运物资。,26,0,0,1.0,,,,,
1006,396,1,过年,guò//nián,guònián,"<entry id=""19759""><hwg><hw>过年</hw><pinyin>guò//nián</pinyin></hwg><def><ps>动</ps></def><def><num>❶</num> 在新年或春节期间进行庆祝等活动。</def><def><num>❷</num> 指过了新年或过了春节：<ex>这事不急，等过了年再说。</ex></def>",动词。,动词,在新年或春节期间进行庆祝等活动。,在新年或春节期间进行庆祝等活动。,动词。在新年或春节期间进行庆祝等活动。,洋学堂是不过年的，我晓得。,34,0,1,,1.0,,,,
1007,396,2,过年,guò//nián,guònián,"<entry id=""19759""><hwg><hw>过年</hw><pinyin>guò//nián</pinyin></hwg><def><ps>动</ps></def><def><num>❶</num> 在新年或春节期间进行庆祝等活动。</def><def><num>❷</num> 指过了新年或过了春节：<ex>这事不急，等过了年再说。</ex></def>",动词。,动词,指过了新年或过了春节。,指过了新年或过了春节。,动词。指过了新年或过了春节。,这事不急，等过了年再说。,28,0,1,1.0,,,,,
1008,396,3,过年,guò·nián,guònián,"<entry id=""19760""><hwg><hw>过年</hw><pinyin>guò·nián</pinyin></hwg><def>〈口〉<ps>名</ps>时间词。明年：<ex>这孩子～该上学了。</ex></def>",名词。,名词,〈口〉时间词。明年。,〈口语〉时间词。明年。,名词。〈口语〉时间词。明年。,这孩子过年该上学了。,26,0,0,1.0,,,,,
1009,397,1,过来,guò//·lái,guòlái,"<entry id=""19739""><hwg><hw>过来</hw><pinyin>guò//·lái</pinyin></hwg><def><ps>动</ps>从另一个地点向说话人（或叙述的对象）所在地来：<ex>车来了，赶快～吧！｜那边有只小船～了。</ex></def>",动词。,动词,从另一个地点向说话人（或叙述的对象）所在地来。,从另一个地点向说话人（或叙述的对象）所在地来。,动词。从另一个地点向说话人（或叙述的对象）所在地来。,车来了，赶快过来吧！,38,0,0,1.0,,,,,
1010,397,2,过来,//·guò//·lái,guòlái,"<entry id=""19740""><hwg><hw>过来</hw><pinyin>//·guò//·lái</pinyin></hwg><def><ps>动</ps>趋向动词。</def><def><num>❶</num> 用在动词后，表示来到自己所在的地方：<ex>捷报从四面八方飞～｜敌人几次三番想冲过桥来，都叫我们给打退了。</ex></def><def><num>❷</num> 用在动词后，表示正面对着说话人：<ex>他转过脸来，我才认出是位老同学。</ex></def><def><num>❸</num> 用在动词后，表示回到原来的、正常的状态：<ex>醒～了｜觉悟～了｜他真固执，简直劝不～｜爬到山顶，大家都累得喘不过气来。</ex></def><def><num>❹</num> 用在动词后，表示时间、能力、数量充分（多跟“<a href=""entry://得"">得</a>”或“不”连用）：<ex>活<small>儿</small>不多，我一个人干得～｜这几天我忙不～。</ex></def><ci><div class=""title"">词语</div><div class=""cont""><a href=""entry://过来人"">过来人</a></div></ci>",动词；趋向动词。,动词,用在动词后，表示来到自己所在的地方。,用在动词后，表示来到自己所在的地方。,动词；趋向动词。用在动词后，表示来到自己所在的地方。,捷报从四面八方飞过来。,39,0,1,1.0,,,,,
1011,397,3,过来,//·guò//·lái,guòlái,"<entry id=""19740""><hwg><hw>过来</hw><pinyin>//·guò//·lái</pinyin></hwg><def><ps>动</ps>趋向动词。</def><def><num>❶</num> 用在动词后，表示来到自己所在的地方：<ex>捷报从四面八方飞～｜敌人几次三番想冲过桥来，都叫我们给打退了。</ex></def><def><num>❷</num> 用在动词后，表示正面对着说话人：<ex>他转过脸来，我才认出是位老同学。</ex></def><def><num>❸</num> 用在动词后，表示回到原来的、正常的状态：<ex>醒～了｜觉悟～了｜他真固执，简直劝不～｜爬到山顶，大家都累得喘不过气来。</ex></def><def><num>❹</num> 用在动词后，表示时间、能力、数量充分（多跟“<a href=""entry://得"">得</a>”或“不”连用）：<ex>活<small>儿</small>不多，我一个人干得～｜这几天我忙不～。</ex></def><ci><div class=""title"">词语</div><div class=""cont""><a href=""entry://过来人"">过来人</a></div></ci>",动词；趋向动词。,动词,用在动词后，表示正面对着说话人。,用在动词后，表示正面对着说话人。,动词；趋向动词。用在动词后，表示正面对着说话人。,他转过脸来，我才认出是位老同学。,42,0,1,1.0,,,,,
1012,397,4,过来,//·guò//·lái,guòlái,"<entry id=""19740""><hwg><hw>过来</hw><pinyin>//·guò//·lái</pinyin></hwg><def><ps>动</ps>趋向动词。</def><def><num>❶</num> 用在动词后，表示来到自己所在的地方：<ex>捷报从四面八方飞～｜敌人几次三番想冲过桥来，都叫我们给打退了。</ex></def><def><num>❷</num> 用在动词后，表示正面对着说话人：<ex>他转过脸来，我才认出是位老同学。</ex></def><def><num>❸</num> 用在动词后，表示回到原来的、正常的状态：<ex>醒～了｜觉悟～了｜他真固执，简直劝不～｜爬到山顶，大家都累得喘不过气来。</ex></def><def><num>❹</num> 用在动词后，表示时间、能力、数量充分（多跟“<a href=""entry://得"">得</a>”或“不”连用）：<ex>活<small>儿</small>不多，我一个人干得～｜这几天我忙不～。</ex></def><ci><div class=""title"">词语</div><div class=""cont""><a href=""entry://过来人"">过来人</a></div></ci>",动词；趋向动词。,动词,用在动词后，表示回到原来的、正常的状态。,用在动词后，表示回到原来的、正常的状态。,动词；趋向动词。用在动词后，表示回到原来的、正常的状态。,醒过来了。,35,0,1,1.0,,,,,
1013,397,5,过来,//·guò//·lái,guòlái,"<entry id=""19740""><hwg><hw>过来</hw><pinyin>//·guò//·lái</pinyin></hwg><def><ps>动</ps>趋向动词。</def><def><num>❶</num> 用在动词后，表示来到自己所在的地方：<ex>捷报从四面八方飞～｜敌人几次三番想冲过桥来，都叫我们给打退了。</ex></def><def><num>❷</num> 用在动词后，表示正面对着说话人：<ex>他转过脸来，我才认出是位老同学。</ex></def><def><num>❸</num> 用在动词后，表示回到原来的、正常的状态：<ex>醒～了｜觉悟～了｜他真固执，简直劝不～｜爬到山顶，大家都累得喘不过气来。</ex></def><def><num>❹</num> 用在动词后，表示时间、能力、数量充分（多跟“<a href=""entry://得"">得</a>”或“不”连用）：<ex>活<small>儿</small>不多，我一个人干得～｜这几天我忙不～。</ex></def><ci><div class=""title"">词语</div><div class=""cont""><a href=""entry://过来人"">过来人</a></div></ci>",动词；趋向动词。,动词,用在动词后，表示时间、能力、数量充分（多跟“得”或“不”连用）。,用在动词后，表示时间、能力、数量充分（多跟“得”或“不”连用）。,动词；趋向动词。用在动词后，表示时间、能力、数量充分（多跟“得”或“不”连用）。,活儿不多，我一个人干得过来。,56,0,1,1.0,,,,,
1014,398,1,过火,guò//huǒ,guòhuǒ,"<entry id=""19724""><hwg><hw>过火<sup>1</sup></hw><pinyin>guò//huǒ</pinyin></hwg><def>（～<small>儿</small>）<ps>形</ps>（说话、做事）超过适当的分寸或限度：<ex>这话说得有点<small>儿</small>～。</ex></def>",形容词。,形容词,（过火儿）（说话、做事）超过适当的分寸或限度。,（说话、做事）超过适当的分寸或限度。,形容词。（说话、做事）超过适当的分寸或限度。,这话说得有点儿过火。,34,0,0,1.0,,,,,
1015,398,2,过火,guòhuǒ,guòhuǒ,"<entry id=""19725""><hwg><hw>过火<sup>2</sup></hw><pinyin>guòhuǒ</pinyin></hwg><def><ps>动</ps>（发生火灾时）被火烧过：<ex>～面积｜这场火灾林场～七百余亩。</ex></def>",动词。,动词,（发生火灾时）被火烧过。,（发生火灾时）被火烧过。,动词。（发生火灾时）被火烧过。,这场火灾林场过火七百余亩。,30,0,0,1.0,,,,,
1016,399,1,进去,jìn//·qù,jìnqù,"<entry id=""26914""><hwg><hw>进去</hw><pinyin>jìn//·qù</pinyin></hwg><def><ps>动</ps>从外面到里面去：<ex>你～看看，我在门口等着你｜我有票，进得去；他没票，进不去。</ex></def>",动词。,动词,从外面到里面去。,从外面到里面去。,动词。从外面到里面去。,你进去看看，我在门口等着你。,27,0,0,1.0,,,,,
1017,399,2,进去,//·jìn//·qù,jìnqù,"<entry id=""26915""><hwg><hw>进去</hw><pinyin>//·jìn//·qù</pinyin></hwg><def><ps>动</ps>趋向动词。用在动词后，表示到里面去：<ex>把桌子搬～｜瓶口很大，手都伸得～｜胡同太窄，卡车开不～｜从窗口递进一封信去。</ex></def>",动词；趋向动词。,动词,用在动词后，表示到里面去。,用在动词后，表示到里面去。,动词；趋向动词。用在动词后，表示到里面去。,把桌子搬进去。,30,0,0,1.0,,,,,
1018,400,1,进来,jìn//·lái,jìnlái,"<entry id=""26910""><hwg><hw>进来</hw><pinyin>jìn//·lái</pinyin></hwg><def><ps>动</ps>从外面到里面来：<ex>你～，咱们俩好好<small>儿</small>谈谈心｜门开着，谁都进得来；门一关，谁也进不来。</ex></def>",动词。,动词,从外面到里面来。,从外面到里面来。,动词。从外面到里面来。,你进来，咱们俩好好儿谈谈心。,27,0,0,1.0,,,,,
1019,400,2,进来,//·jìn//·lái,jìnlái,"<entry id=""26911""><hwg><hw>进来</hw><pinyin>//·jìn//·lái</pinyin></hwg><def><ps>动</ps>趋向动词。用在动词后，表示到里面来：<ex>烟冲～了｜他从街上跑～｜窗户没糊好，风吹得～｜我刚看见从外面走进一个人来。</ex></def>",动词；趋向动词。,动词,用在动词后，表示到里面来。,用在动词后，表示到里面来。,动词；趋向动词。用在动词后，表示到里面来。,窗户没糊好，风吹得进来。,35,0,0,1.0,,,,,
1020,401,1,远志,yuǎnzhì,yuǎnzhì,"<entry id=""64053""><hwg><hw>远志<sup>1</sup></hw><pinyin>yuǎnzhì</pinyin></hwg><def><ps>名</ps>远大的志向：<ex>胸怀～。</ex></def>",名词。,名词,远大的志向。,远大的志向。,名词。远大的志向。,胸怀远志。,16,0,0,1.0,,,,,
1021,401,2,远志,yuǎnzhì,yuǎnzhì,"<entry id=""64054""><hwg><hw>远志<sup>2</sup></hw><pinyin>yuǎnzhì</pinyin></hwg><def><ps>名</ps>多年生草本植物，茎细，叶子条形，花绿白色，蒴果卵圆形。根可入药。</def>",名词。,名词,多年生草本植物，茎细，叶子条形，花绿白色，蒴果卵圆形。根可入药。,多年生草本植物，茎细，叶子条形，花绿白色，蒴果卵圆形。根可入药。,名词。多年生草本植物，茎细，叶子条形，花绿白色，蒴果卵圆形。根可入药。,远志的根部经过炮制后，成为一味重要的中药材，对治疗失眠和咳嗽有显著效果。,73,0,0,,,,,1.0,
1022,402,1,迫降,pòjiàng,pòjiàng,"<entry id=""39843""><hwg><hw>迫降</hw><pinyin>pòjiàng</pinyin></hwg><def><ps>动</ps></def><def><num>❶</num> 飞机因迷航、燃料用尽或发生故障等不能继续飞行而被迫降落。</def><def><num>❷</num> 强迫非法越境或严重违反飞行纪律的飞机在指定的机场降落。</def><def>　另见<pinyin>pòxiáng</pinyin>。</def>",动词。,动词,飞机因迷航、燃料用尽或发生故障等不能继续飞行而被迫降落。,飞机因迷航、燃料用尽或发生故障等不能继续飞行而被迫降落。,动词。飞机因迷航、燃料用尽或发生故障等不能继续飞行而被迫降落。,飞机因燃油耗尽，迫降在一片开阔的田野上。,53,1,1,,,,,1.0,
1023,402,2,迫降,pòjiàng,pòjiàng,"<entry id=""39843""><hwg><hw>迫降</hw><pinyin>pòjiàng</pinyin></hwg><def><ps>动</ps></def><def><num>❶</num> 飞机因迷航、燃料用尽或发生故障等不能继续飞行而被迫降落。</def><def><num>❷</num> 强迫非法越境或严重违反飞行纪律的飞机在指定的机场降落。</def><def>　另见<pinyin>pòxiáng</pinyin>。</def>",动词。,动词,强迫非法越境或严重违反飞行纪律的飞机在指定的机场降落。,强迫非法越境或严重违反飞行纪律的飞机在指定的机场降落。,动词。强迫非法越境或严重违反飞行纪律的飞机在指定的机场降落。,政府军获得的第二个胜利是炸毁和迫降了美国和台湾蒋介石集团供给叛军的十架以上的飞机。,73,1,1,,,,,1.0,
1024,402,3,迫降,pòxiáng,pòxiáng,"<entry id=""39848""><hwg><hw>迫降</hw><pinyin>pòxiáng</pinyin></hwg><def><ps>动</ps>逼迫敌人投降。</def><def>　另见<pinyin>pòjiàng</pinyin>。</def>",动词。,动词,逼迫敌人投降。,逼迫敌人投降。,动词。逼迫敌人投降。,他需要有一个完美的策略用来迫降。,28,1,0,,,,,1.0,
1025,403,1,逆产,nìchǎn,nìchǎn,"<entry id=""37428""><hwg><hw>逆产<sup>1</sup></hw><pinyin>nìchǎn</pinyin></hwg><def><ps>名</ps>背叛国家民族的人的财产：<ex>抄没～。</ex></def>",名词。,名词,背叛国家民族的人的财产。,背叛国家民族的人的财产。,名词。背叛国家民族的人的财产。,这里原是什么人的住宅，被作为“逆产”收了来。,39,0,0,,1.0,,,,
1026,403,2,逆产,nìchǎn,nìchǎn,"<entry id=""37429""><hwg><hw>逆产<sup>2</sup></hw><pinyin>nìchǎn</pinyin></hwg><def><ps>动</ps>分娩时胎儿的脚先出来。</def>",动词。,动词,分娩时胎儿的脚先出来。,分娩时胎儿的脚先出来。,动词。分娩时胎儿的脚先出来。,她在分娩时遭遇了逆产，情况十分危急。,34,0,0,,,,,1.0,
1027,404,1,选配,xuǎnpèi,xuǎnpèi,"<entry id=""58662""><hwg><hw>选配<sup>1</sup></hw><pinyin>xuǎnpèi</pinyin></hwg><def><ps>动</ps>挑选配备：<ex>～优秀干部到贫困山区工作。</ex></def>",动词。,动词,挑选配备。,挑选配备。,动词。挑选配备。,选配优秀干部到贫困山区工作。,24,0,0,1.0,,,,,
1028,404,2,选配,xuǎnpèi,xuǎnpèi,"<entry id=""58663""><hwg><hw>选配<sup>2</sup></hw><pinyin>xuǎnpèi</pinyin></hwg><def><ps>动</ps>选择优良种畜配种：<ex>～是家畜繁育的重要环节。</ex></def>",动词。,动词,选择优良种畜配种。,选择优良种畜配种。,动词。选择优良种畜配种。,选配是家畜繁育的重要环节。,27,0,0,1.0,,,,,
1029,405,1,透析,tòuxī,tòuxī,"<entry id=""51992""><hwg><hw>透析<sup>1</sup></hw><pinyin>tòuxī</pinyin></hwg><def><ps>动</ps>透彻分析：<ex>一周国际形势～｜这部书从美学的角度～了诗歌创作的方法。</ex></def>",动词。,动词,透彻分析。,透彻分析。,动词。透彻分析。,这部书从美学的角度透析了诗歌创作的方法。,30,0,0,1.0,,,,,
1030,405,2,透析,tòuxī,tòuxī,"<entry id=""51993""><hwg><hw>透析<sup>2</sup></hw><pinyin>tòuxī</pinyin></hwg><def><ps>动</ps></def><def><num>❶</num> 渗析。</def><def><num>❷</num> 医学上指利用渗析技术把体液中的毒素和代谢产物排出体外。</def>",动词。,动词,渗析。,渗析。,动词。渗析。,在化学实验中，透析常被用来从溶液中去除小分子杂质，以提纯大分子化合物。,43,0,1,,,,,1.0,
1031,405,3,透析,tòuxī,tòuxī,"<entry id=""51993""><hwg><hw>透析<sup>2</sup></hw><pinyin>tòuxī</pinyin></hwg><def><ps>动</ps></def><def><num>❶</num> 渗析。</def><def><num>❷</num> 医学上指利用渗析技术把体液中的毒素和代谢产物排出体外。</def>",动词。,动词,医学上指利用渗析技术把体液中的毒素和代谢产物排出体外。,医学上指利用渗析技术把体液中的毒素和代谢产物排出体外。,动词。医学上指利用渗析技术把体液中的毒素和代谢产物排出体外。,肾衰竭患者需要定期进行透析治疗，以清除体内的毒素和多余水分。,62,0,1,,,,,1.0,
1032,406,1,通名,tōng//míng,tōngmíng,"<entry id=""51500""><hwg><hw>通名<sup>1</sup></hw><pinyin>tōng//míng</pinyin></hwg><def><ps>动</ps>说出自己的姓名（旧戏曲、小说描写武将交战时多用）：<ex>来将～！</ex></def>",动词。,动词,说出自己的姓名（旧戏曲、小说描写武将交战时多用）。,说出自己的姓名（旧戏曲、小说描写武将交战时多用）。,动词。说出自己的姓名（旧戏曲、小说描写武将交战时多用）。,来将通名！,35,0,0,1.0,,,,,
1033,406,2,通名,tōngmíng,tōngmíng,"<entry id=""51501""><hwg><hw>通名<sup>2</sup></hw><pinyin>tōngmíng</pinyin></hwg><def><ps>名</ps></def><def><num>❶</num> 通用的名称。</def><def><num>❷</num> 指某些专有名词中反映类别属性的部分，如“淮河”这个专有名词中“河”是通名（区别于“专名”）。</def>",名词。,名词,通用的名称。,通用的名称。,名词。通用的名称。,这种植物在当地有一个独特的通名。,27,0,1,,,,,1.0,
1034,406,3,通名,tōngmíng,tōngmíng,"<entry id=""51501""><hwg><hw>通名<sup>2</sup></hw><pinyin>tōngmíng</pinyin></hwg><def><ps>名</ps></def><def><num>❶</num> 通用的名称。</def><def><num>❷</num> 指某些专有名词中反映类别属性的部分，如“淮河”这个专有名词中“河”是通名（区别于“专名”）。</def>",名词。,名词,指某些专有名词中反映类别属性的部分，如“淮河”这个专有名词中“河”是通名（区别于“专名”）。,指某些专有名词中反映类别属性的部分，如“淮河”这个专有名词中“河”是通名（区别于“专名”）。,名词。指某些专有名词中反映类别属性的部分，如“淮河”这个专有名词中“河”是通名（区别于“专名”）。,“长江”中的“江”字是这个专有名词的通名。,72,0,1,,,,,1.0,
1035,407,1,通电,tōng//diàn,tōngdiàn,"<entry id=""51459""><hwg><hw>通电<sup>1</sup></hw><pinyin>tōng//diàn</pinyin></hwg><def><ps>动</ps>使电流通过；输送电能：<ex>山区村村都通了电。</ex></def>",动词。,动词,使电流通过；输送电能。,使电流通过；输送电能。,动词。使电流通过；输送电能。,鸿渐身心仿佛通电似的发麻。,29,0,0,,1.0,,,,
1036,407,2,通电,tōngdiàn,tōngdiàn,"<entry id=""51460""><hwg><hw>通电<sup>2</sup></hw><pinyin>tōngdiàn</pinyin></hwg><def><num>❶</num> <ps>动</ps>把宣布政治上某种主张的电报拍给有关方面，同时公开发表：<ex>～全国。</ex></def><def><num>❷</num> <ps>名</ps>公开发表的宣布政治上某种主张的电报：<ex>大会～｜发出～。</ex></def>",动词。,动词,把宣布政治上某种主张的电报拍给有关方面，同时公开发表。,把宣布政治上某种主张的电报拍给有关方面，同时公开发表。,动词。把宣布政治上某种主张的电报拍给有关方面，同时公开发表。,通电全国。,37,0,1,1.0,,,,,
1037,407,3,通电,tōngdiàn,tōngdiàn,"<entry id=""51460""><hwg><hw>通电<sup>2</sup></hw><pinyin>tōngdiàn</pinyin></hwg><def><num>❶</num> <ps>动</ps>把宣布政治上某种主张的电报拍给有关方面，同时公开发表：<ex>～全国。</ex></def><def><num>❷</num> <ps>名</ps>公开发表的宣布政治上某种主张的电报：<ex>大会～｜发出～。</ex></def>",名词。,名词,公开发表的宣布政治上某种主张的电报。,公开发表的宣布政治上某种主张的电报。,名词。公开发表的宣布政治上某种主张的电报。,发出通电。,28,0,1,1.0,,,,,
1038,408,1,通经,tōng//jīng,tōngjīng,"<entry id=""51490""><hwg><hw>通经<sup>1</sup></hw><pinyin>tōng//jīng</pinyin></hwg><def><ps>动</ps>旧时指通晓儒家经典。</def>",动词。,动词,旧时指通晓儒家经典。,旧时指通晓儒家经典。,动词。旧时指通晓儒家经典。,他自幼便展现出对儒家文化的浓厚兴趣，经过不懈努力，终于成为了一位通经的学者。,53,0,0,,,,,1.0,
1039,408,2,通经,tōng//jīng,tōngjīng,"<entry id=""51491""><hwg><hw>通经<sup>2</sup></hw><pinyin>tōng//jīng</pinyin></hwg><def><ps>动</ps>中医指用药物、针灸等使月经通畅。</def>",动词。,动词,中医指用药物、针灸等使月经通畅。,中医指用药物、针灸等使月经通畅。,动词。中医指用药物、针灸等使月经通畅。,益血通经。,26,0,0,,1.0,,,,
1040,409,1,通读,tōngdú,tōngdú,"<entry id=""51463""><hwg><hw>通读<sup>1</sup></hw><pinyin>tōngdú</pinyin></hwg><def><ps>动</ps>从头到尾阅读全书或全文：<ex>～课文｜书稿已～一遍。</ex></def>",动词。,动词,从头到尾阅读全书或全文。,从头到尾阅读全书或全文。,动词。从头到尾阅读全书或全文。,通读课文。,22,0,0,1.0,,,,,
1041,409,2,通读,tōngdú,tōngdú,"<entry id=""51464""><hwg><hw>通读<sup>2</sup></hw><pinyin>tōngdú</pinyin></hwg><def><ps>动</ps>读懂；读通：<ex>他学过几年英语，浅显的英文原著已能～。</ex></def>",动词。,动词,读懂；读通。,读懂；读通。,动词。读懂；读通。,他学过几年英语，浅显的英文原著已能通读。,31,0,0,1.0,,,,,
1042,410,1,避讳,bì//huì,bìhuì,"<entry id=""02859""><hwg><hw>避讳</hw><pinyin>bì//huì</pinyin></hwg><def><ps>动</ps>封建时代为了维护等级制度的尊严，说话写文章时遇到君主或尊亲的名字都不直接说出或写出，叫作避讳。</def>",动词。,动词,封建时代为了维护等级制度的尊严，说话写文章时遇到君主或尊亲的名字都不直接说出或写出，叫作避讳。,封建时代为了维护等级制度的尊严，说话写文章时遇到君主或尊亲的名字都不直接说出或写出，叫作避讳。,动词。封建时代为了维护等级制度的尊严，说话写文章时遇到君主或尊亲的名字都不直接说出或写出，叫作避讳。,始皇名政，别人一定要避讳。,65,1,0,,1.0,,,,
1043,410,2,避讳,bì·hui,bìhui,"<entry id=""02860""><hwg><hw>避讳</hw><pinyin>bì·hui</pinyin></hwg><def><ps>动</ps></def><def><num>❶</num> 不愿说出或听到某些会引起不愉快的字眼<small>儿</small>：<ex>行船的人～“翻、沉”等字眼<small>儿</small>。</ex></def><def><num>❷</num> 回避：<ex>都是自己人，用不着～。</ex></def>",动词。,动词,不愿说出或听到某些会引起不愉快的字眼儿。,不愿说出或听到某些会引起不愉快的字眼儿。,动词。不愿说出或听到某些会引起不愉快的字眼儿。,行船的人避讳“翻、沉”等字眼儿。,41,1,1,1.0,,,,,
1044,410,3,避讳,bì·hui,bìhui,"<entry id=""02860""><hwg><hw>避讳</hw><pinyin>bì·hui</pinyin></hwg><def><ps>动</ps></def><def><num>❶</num> 不愿说出或听到某些会引起不愉快的字眼<small>儿</small>：<ex>行船的人～“翻、沉”等字眼<small>儿</small>。</ex></def><def><num>❷</num> 回避：<ex>都是自己人，用不着～。</ex></def>",动词。,动词,回避。,回避。,动词。回避。,都是自己人，用不着避讳。,20,1,1,1.0,,,,,
1045,411,1,郁郁,yùyù,yùyù,"<entry id=""63550""><hwg><hw>郁郁<sup>1</sup></hw><pinyin>yùyù</pinyin></hwg><def>〈书〉<ps>形</ps></def><def><num>❶</num> 文采显著：<ex>文采～。</ex></def><def><num>❷</num> 香气浓厚。</def>",形容词。,形容词,〈书〉文采显著。,〈书面语〉文采显著。,形容词。〈书面语〉文采显著。,文采郁郁。,21,0,1,1.0,,,,,
1046,411,2,郁郁,yùyù,yùyù,"<entry id=""63550""><hwg><hw>郁郁<sup>1</sup></hw><pinyin>yùyù</pinyin></hwg><def>〈书〉<ps>形</ps></def><def><num>❶</num> 文采显著：<ex>文采～。</ex></def><def><num>❷</num> 香气浓厚。</def>",形容词。,形容词,〈书〉香气浓厚。,〈书面语〉香气浓厚。,形容词。〈书面语〉香气浓厚。,走进香薰店，郁郁的香气扑鼻而来，仿佛置身于花海之中。,42,0,1,,,,,1.0,
1047,411,3,郁郁,yùyù,yùyù,"<entry id=""63551""><hwg><hw>郁郁<sup>2</sup></hw><pinyin>yùyù</pinyin></hwg><def>〈书〉<ps>形</ps></def><def><num>❶</num> （草木）茂密：<ex>～葱葱。</ex></def><def><num>❷</num> 心里苦闷：<ex>～不乐｜～寡欢。</ex></def><ci><div class=""title"">词语</div><div class=""cont""><a href=""entry://郁郁苍苍"">郁郁苍苍</a><a href=""entry://郁郁葱葱"">郁郁葱葱</a></div></ci>",形容词。,形容词,〈书〉（草木）茂密。,〈书面语〉（草木）茂密。,形容词。〈书面语〉（草木）茂密。,郁郁葱葱。,23,0,1,1.0,,,,,
1048,411,4,郁郁,yùyù,yùyù,"<entry id=""63551""><hwg><hw>郁郁<sup>2</sup></hw><pinyin>yùyù</pinyin></hwg><def>〈书〉<ps>形</ps></def><def><num>❶</num> （草木）茂密：<ex>～葱葱。</ex></def><def><num>❷</num> 心里苦闷：<ex>～不乐｜～寡欢。</ex></def><ci><div class=""title"">词语</div><div class=""cont""><a href=""entry://郁郁苍苍"">郁郁苍苍</a><a href=""entry://郁郁葱葱"">郁郁葱葱</a></div></ci>",形容词。,形容词,〈书〉心里苦闷。,〈书面语〉心里苦闷。,形容词。〈书面语〉心里苦闷。,郁郁寡欢。,21,0,1,1.0,,,,,
1049,412,1,重利,zhònglì,zhònglì,"<entry id=""67586""><hwg><hw>重利<sup>1</sup></hw><pinyin>zhònglì</pinyin></hwg><def><ps>名</ps></def><def><num>❶</num> 很高的利息：<ex>～盘剥。</ex></def><def><num>❷</num> 很高的利润：<ex>牟取～。</ex></def>",名词。,名词,很高的利息。,很高的利息。,名词。很高的利息。,重利盘剥。,16,0,1,1.0,,,,,
1050,412,2,重利,zhònglì,zhònglì,"<entry id=""67586""><hwg><hw>重利<sup>1</sup></hw><pinyin>zhònglì</pinyin></hwg><def><ps>名</ps></def><def><num>❶</num> 很高的利息：<ex>～盘剥。</ex></def><def><num>❷</num> 很高的利润：<ex>牟取～。</ex></def>",名词。,名词,很高的利润。,很高的利润。,名词。很高的利润。,牟取重利。,16,0,1,1.0,,,,,
1051,412,3,重利,zhònglì,zhònglì,"<entry id=""67587""><hwg><hw>重利<sup>2</sup></hw><pinyin>zhònglì</pinyin></hwg><def>〈书〉<ps>动</ps>看重钱财：<ex>～轻义。</ex></def>",动词。,动词,〈书〉看重钱财。,〈书面语〉看重钱财。,动词。〈书面语〉看重钱财。,重利轻义。,20,0,0,1.0,,,,,
1052,413,1,重读,chóngdú,chóngdú,"<entry id=""07236""><hwg><hw>重读</hw><pinyin>chóngdú</pinyin></hwg><def><ps>动</ps>学生因成绩不合格而留在原来的年级重新学习：<ex>～生。</ex></def><def>　另见<pinyin>zhòngdú</pinyin>。</def>",动词。,动词,学生因成绩不合格而留在原来的年级重新学习。,学生因成绩不合格而留在原来的年级重新学习。,动词。学生因成绩不合格而留在原来的年级重新学习。,重读生。,30,1,0,1.0,,,,,
1053,413,2,重读,zhòngdú,zhòngdú,"<entry id=""67573""><hwg><hw>重读</hw><pinyin>zhòngdú</pinyin></hwg><def><ps>动</ps>把一个词或一个词组里的某个音节或语句里的某几个音节读得重些、强些。例如“石头、棍子”两个词里，第一个音节重读。“老三”这个词里，第二个音节重读。“过年”里“过”字重读是“明年”的意思；“年”字重读是“过新年”的意思。</def><def>　另见<pinyin>chóngdú</pinyin>。</def>",动词。,动词,把一个词或一个词组里的某个音节或语句里的某几个音节读得重些、强些。,把一个词或一个词组里的某个音节或语句里的某几个音节读得重些、强些。,动词。把一个词或一个词组里的某个音节或语句里的某几个音节读得重些、强些。,在朗诵诗歌时，正确把握每个单词的重读音节可以使朗诵更加富有节奏感和韵律美。,75,1,0,,,,,1.0,
1054,414,1,重责,zhòngzé,zhòngzé,"<entry id=""67614""><hwg><hw>重责<sup>1</sup></hw><pinyin>zhòngzé</pinyin></hwg><def><ps>名</ps>重大的责任：<ex>身负～。</ex></def>",名词。,名词,重大的责任。,重大的责任。,名词。重大的责任。,身负重责。,16,0,0,1.0,,,,,
1055,414,2,重责,zhòngzé,zhòngzé,"<entry id=""67615""><hwg><hw>重责<sup>2</sup></hw><pinyin>zhòngzé</pinyin></hwg><def><ps>动</ps>严厉斥责或责罚：<ex>因工作失职，受到～。</ex></def>",动词。,动词,严厉斥责或责罚。,严厉斥责或责罚。,动词。严厉斥责或责罚。,因工作失职，受到重责。,24,0,0,1.0,,,,,
1056,415,1,金星,jīnxīng,jīnxīng,"<entry id=""26758""><hwg><hw>金星<sup>1</sup></hw><pinyin>jīnxīng</pinyin></hwg><def><ps>名</ps>太阳系八大行星之一，按离太阳由近而远的次序计为第二颗，绕太阳公转周期约224.7天，自转周期约243天，自东向西逆转。金星是各大行星中离地球最近的一个。（图见“<a href=""entry://太阳系"">太阳系</a>”）</def>",名词。,名词,太阳系八大行星之一，按离太阳由近而远的次序计为第二颗，绕太阳公转周期约天，自转周期约天，自东向西逆转。金星是各大行星中离地球最近的一个。,太阳系八大行星之一，按离太阳由近而远的次序计为第二颗，绕太阳公转周期约天，自转周期约天，自东向西逆转。金星是各大行星中离地球最近的一个。,名词。太阳系八大行星之一，按离太阳由近而远的次序计为第二颗，绕太阳公转周期约天，自转周期约天，自东向西逆转。金星是各大行星中离地球最近的一个。,夜幕降临，天空中的金星格外明亮，让人不禁驻足观赏。,98,0,0,,,,,1.0,
1057,415,2,金星,jīnxīng,jīnxīng,"<entry id=""26759""><hwg><hw>金星<sup>2</sup></hw><pinyin>jīnxīng</pinyin></hwg><def><ps>名</ps></def><def><num>❶</num> 金黄色的五角星：<ex>～勋章。</ex></def><def><num>❷</num> 头晕眼花时所感到的眼前出现的像星星的小点：<ex>我跑得上气不接下气，眼前直冒～。</ex></def>",名词。,名词,金黄色的五角星。,金黄色的五角星。,名词。金黄色的五角星。,金星勋章。,18,0,1,1.0,,,,,
1058,415,3,金星,jīnxīng,jīnxīng,"<entry id=""26759""><hwg><hw>金星<sup>2</sup></hw><pinyin>jīnxīng</pinyin></hwg><def><ps>名</ps></def><def><num>❶</num> 金黄色的五角星：<ex>～勋章。</ex></def><def><num>❷</num> 头晕眼花时所感到的眼前出现的像星星的小点：<ex>我跑得上气不接下气，眼前直冒～。</ex></def>",名词。,名词,头晕眼花时所感到的眼前出现的像星星的小点。,头晕眼花时所感到的眼前出现的像星星的小点。,名词。头晕眼花时所感到的眼前出现的像星星的小点。,我跑得上气不接下气，眼前直冒金星。,43,0,1,1.0,,,,,
1059,416,1,针眼,zhēnyǎn,zhēnyǎn,"<entry id=""65923""><hwg><hw>针眼</hw><pinyin>zhēnyǎn</pinyin></hwg><def><ps>名</ps></def><def><num>❶</num> 针鼻<small>儿</small>。</def><def><num>❷</num> （～<small>儿</small>）被针扎过之后所留下的小孔。</def>",名词。,名词,针鼻儿。,针鼻儿。,名词。针鼻儿。,妈！你的心比针眼还小。,20,1,1,,1.0,,,,
1060,416,2,针眼,zhēnyǎn,zhēnyǎn,"<entry id=""65923""><hwg><hw>针眼</hw><pinyin>zhēnyǎn</pinyin></hwg><def><ps>名</ps></def><def><num>❶</num> 针鼻<small>儿</small>。</def><def><num>❷</num> （～<small>儿</small>）被针扎过之后所留下的小孔。</def>",名词。,名词,（针眼儿）被针扎过之后所留下的小孔。,被针扎过之后所留下的小孔。,名词。被针扎过之后所留下的小孔。,我的皮肤比较敏感，每次打针后针眼周围都会有些痒，需要过一阵才会好。,51,1,1,,,,,1.0,
1061,416,3,针眼,zhēn·yan,zhēnyan,"<entry id=""65924""><hwg><hw>针眼</hw><pinyin>zhēn·yan</pinyin></hwg><def><ps>名</ps>睑腺炎的通称。</def>",名词。,名词,睑腺炎的通称。,睑腺炎的通称。,名词。睑腺炎的通称。,医生说我的针眼是由于眼部卫生不佳引起的，需要涂抹药膏治疗。,41,1,0,,,,,1.0,
1062,417,1,铺盖,pūgài,pūgài,"<entry id=""39959""><hwg><hw>铺盖</hw><pinyin>pūgài</pinyin></hwg><def><ps>动</ps>平铺着盖：<ex>把草木灰～在苗床上。</ex></def>",动词。,动词,平铺着盖。,平铺着盖。,动词。平铺着盖。,把草木灰铺盖在苗床上。,21,1,0,1.0,,,,,
1063,417,2,铺盖,pū·gai,pūgai,"<entry id=""39960""><hwg><hw>铺盖</hw><pinyin>pū·gai</pinyin></hwg><def><ps>名</ps>褥子和被子。</def><ci><div class=""title"">词语</div><div class=""cont""><a href=""entry://铺盖卷儿"">铺盖卷儿</a></div></ci>",名词。,名词,褥子和被子。,褥子和被子。,名词。褥子和被子。,我本是一个苦学生…所带的铺盖用品都是土里土气的。,35,1,0,,1.0,,,,
1064,418,1,长款,chángkuǎn,chángkuǎn,"<entry id=""05736""><hwg><hw>长款<sup>1</sup></hw><pinyin>chángkuǎn</pinyin></hwg><def><ps>形</ps>属性词。款式较长的（服装）：<ex>～羽绒服。</ex></def>",形容词；属性词。,形容词,款式较长的（服装）。,款式较长的（服装）。,形容词；属性词。款式较长的（服装）。,长款羽绒服。,26,0,0,1.0,,,,,
1065,418,2,长款,cháng//kuǎn,chángkuǎn,"<entry id=""05737""><hwg><hw>长款<sup>2</sup></hw><pinyin>cháng//kuǎn</pinyin></hwg><def><ps>动</ps>指结账时现金的数额多于账面的数额。</def>",动词。,动词,指结账时现金的数额多于账面的数额。,指结账时现金的数额多于账面的数额。,动词。指结账时现金的数额多于账面的数额。,结账的时候我把现金递给了收银员，清点好商品后，收银员把长款还给了我。,56,0,0,,,,,1.0,
1066,419,1,门道,méndào,méndào,"<entry id=""35171""><hwg><hw>门道</hw><pinyin>méndào</pinyin></hwg><def><ps>名</ps>门洞<small>儿</small>。</def>",名词。,名词,门洞儿。,门洞儿。,名词。门洞儿。,德甫从农场上拉了两把稻草来，铺在门道外边的一个角落里，蜷曲着便睡下去了。,45,1,0,,1.0,,,,
1067,419,2,门道,mén·dao,méndao,"<entry id=""35172""><hwg><hw>门道</hw><pinyin>mén·dao</pinyin></hwg><def>〈口〉<ps>名</ps>门路①：<ex>农业增产的～很多｜外行看热闹，内行看～。</ex></def>",名词。,名词,〈口〉门路。,〈口语〉门路。,名词。〈口语〉门路。,外行看热闹，内行看门道。,24,1,0,1.0,,,,,
1068,420,1,闷气,mēn·qi,mēnqi,"<entry id=""35157""><hwg><hw>闷气</hw><pinyin>mēn·qi</pinyin></hwg><def><ps>形</ps>闷（<pinyin>mēn</pinyin>）①：<ex>这间地下室很久不用了，又～又潮湿。</ex></def><def>　另见<pinyin>mènqì</pinyin>。</def>",形容词。,形容词,闷。,闷。,形容词。闷。,这间地下室很久不用了，又闷气又潮湿。,26,1,0,1.0,,,,,
1069,420,2,闷气,mènqì,mènqì,"<entry id=""35255""><hwg><hw>闷气</hw><pinyin>mènqì</pinyin></hwg><def><ps>名</ps>郁结在心里没有发泄的怨恨或愤怒：<ex>有意见就提，别生～！</ex></def><def>　另见<pinyin>mēn·qi</pinyin>。</def>",名词。,名词,郁结在心里没有发泄的怨恨或愤怒。,郁结在心里没有发泄的怨恨或愤怒。,名词。郁结在心里没有发泄的怨恨或愤怒。,有意见就提，别生闷气！,32,1,0,1.0,,,,,
1070,421,1,阴刻,yīnkè,yīnkè,"<entry id=""61663""><hwg><hw>阴刻<sup>1</sup></hw><pinyin>yīnkè</pinyin></hwg><def><ps>动</ps>在平面上雕刻出凹下的文字、图案等（跟“<a href=""entry://阳刻"">阳刻</a>”相对）。</def>",动词。,动词,在平面上雕刻出凹下的文字、图案等（跟“阳刻”相对）。,在平面上雕刻出凹下的文字、图案等（跟“阳刻”相对）。,动词。在平面上雕刻出凹下的文字、图案等（跟“阳刻”相对）。,孝堂山石室的画像是阴刻的，直接用线条钩划出来。,54,0,0,1.0,,,,,
1071,421,2,阴刻,yīnkè,yīnkè,"<entry id=""61664""><hwg><hw>阴刻<sup>2</sup></hw><pinyin>yīnkè</pinyin></hwg><def>〈书〉<ps>形</ps>阴险刻毒：<ex>为人～狡诈。</ex></def>",形容词。,形容词,〈书〉阴险刻毒。,〈书面语〉阴险刻毒。,形容词。〈书面语〉阴险刻毒。,为人阴刻狡诈。,23,0,0,1.0,,,,,
1072,422,1,陈言,chényán,chényán,"<entry id=""06398""><hwg><hw>陈言<sup>1</sup></hw><pinyin>chényán</pinyin></hwg><def><ps>动</ps>陈述理由、意见等：<ex>率直～。</ex></def>",动词。,动词,陈述理由、意见等。,陈述理由、意见等。,动词。陈述理由、意见等。,率直陈言。,19,0,0,1.0,,,,,
1073,422,2,陈言,chényán,chényán,"<entry id=""06399""><hwg><hw>陈言<sup>2</sup></hw><pinyin>chényán</pinyin></hwg><def>〈书〉<ps>名</ps>陈旧的话：<ex>～务去。</ex></def>",名词。,名词,〈书〉陈旧的话。,〈书面语〉陈旧的话。,名词。〈书面语〉陈旧的话。,假如望文生义，我们试为附会作新的解释，又何取乎古人之陈言。,44,0,0,,1.0,,,,
1074,423,1,隔断,gé//duàn,géduàn,"<entry id=""17355""><hwg><hw>隔断</hw><pinyin>gé//duàn</pinyin></hwg><def><ps>动</ps>阻隔；使断绝：<ex>高山大河隔不断我们两国人民之间的联系和往来。</ex></def>",动词。,动词,阻隔；使断绝。,阻隔；使断绝。,动词。阻隔；使断绝。,高山大河隔不断我们两国人民之间的联系和往来。,34,0,0,1.0,,,,,
1075,423,2,隔断,gé·duàn,géduàn,"<entry id=""17356""><hwg><hw>隔断</hw><pinyin>gé·duàn</pinyin></hwg><def><ps>名</ps>用来把屋子空间分隔开的起遮挡作用的东西，如板壁、隔扇等。</def>",名词。,名词,用来把屋子空间分隔开的起遮挡作用的东西，如板壁、隔扇等。,用来把屋子空间分隔开的起遮挡作用的东西，如板壁、隔扇等。,名词。用来把屋子空间分隔开的起遮挡作用的东西，如板壁、隔扇等。,设计师巧妙地使用了玻璃隔断，既分隔了空间，又保证了室内的采光和通透感。,68,0,0,,,,,1.0,
1076,424,1,难处,nánchǔ,nánchǔ,"<entry id=""37007""><hwg><hw>难处</hw><pinyin>nánchǔ</pinyin></hwg><def><ps>形</ps>不容易相处：<ex>他只是脾气暴躁些，并不算～。</ex></def>",形容词。,形容词,不容易相处。,不容易相处。,形容词。不容易相处。,他只是脾气暴躁些，并不算难处。,27,1,0,1.0,,,,,
1077,424,2,难处,nánchù,nánchù,"<entry id=""37008""><hwg><hw>难处</hw><pinyin>nánchù</pinyin></hwg><def><ps>名</ps>困难：<ex>各有各的～｜工作中还没有碰到什么～。</ex></def>",名词。,名词,困难。,困难。,名词。困难。,各有各的难处。,15,1,0,1.0,,,,,
1078,425,1,集注,jízhù,jízhù,"<entry id=""24126""><hwg><hw>集注<sup>1</sup></hw><pinyin>jízhù</pinyin></hwg><def><ps>动</ps>（精神、眼光等）集中：<ex>代表们的眼光都～在大会主席台上。</ex></def>",动词。,动词,（精神、眼光等）集中。,（精神、眼光等）集中。,动词。（精神、眼光等）集中。,代表们的眼光都集注在大会主席台上。,33,0,0,1.0,,,,,
1079,425,2,集注,jízhù,jízhù,"<entry id=""24127""><hwg><hw>集注<sup>2</sup></hw><pinyin>jízhù</pinyin></hwg><def><ps>动</ps>汇集前人关于某部书的注释再加上自己的见解进行注释（多用于书名）：<ex>《四书～》。</ex>也叫集解或集释。</def>",动词。,动词,汇集前人关于某部书的注释再加上自己的见解进行注释（多用于书名）。,汇集前人关于某部书的注释再加上自己的见解进行注释（多用于书名）。,动词。汇集前人关于某部书的注释再加上自己的见解进行注释（多用于书名）。,《四书集注》。,44,0,0,1.0,,,,,
1080,426,1,露头,lòu//tóu,lòutóu,"<entry id=""33429""><hwg><hw>露头</hw><pinyin>lòu//tóu</pinyin></hwg><def>（～<small>儿</small>）<ps>动</ps></def><def><num>❶</num> 露出头部：<ex>他从洞里爬出来，刚一～<small>儿</small>就被我们发现了。</ex></def><def><num>❷</num> 比喻刚出现；显出迹象：<ex>旱象已经～。</ex></def><def>　另见<pinyin>lùtóu</pinyin>。</def>",动词。,动词,（露头儿）露出头部。,露出头部。,动词。露出头部。,他从洞里爬出来，刚一露头儿就被我们发现了。,31,1,1,1.0,,,,,
1081,426,2,露头,lòu//tóu,lòutóu,"<entry id=""33429""><hwg><hw>露头</hw><pinyin>lòu//tóu</pinyin></hwg><def>（～<small>儿</small>）<ps>动</ps></def><def><num>❶</num> 露出头部：<ex>他从洞里爬出来，刚一～<small>儿</small>就被我们发现了。</ex></def><def><num>❷</num> 比喻刚出现；显出迹象：<ex>旱象已经～。</ex></def><def>　另见<pinyin>lùtóu</pinyin>。</def>",动词。,动词,（露头儿）比喻刚出现；显出迹象。,比喻刚出现；显出迹象。,动词。比喻刚出现；显出迹象。,旱象已经露头。,23,1,1,1.0,,,,,
1082,426,3,露头,lùtóu,lùtóu,"<entry id=""33662""><hwg><hw>露头</hw><pinyin>lùtóu</pinyin></hwg><def><ps>名</ps>岩石和矿体露出地面的部分。矿体的露头是矿床存在的直接标记。也叫矿苗。</def><def>　另见<pinyin>lòu</pinyin>//<pinyin>tóu</pinyin>。</def><ci><div class=""title"">词语</div><div class=""cont""><a href=""entry://露头角"">露头角</a></div></ci>",名词。,名词,岩石和矿体露出地面的部分。矿体的露头是矿床存在的直接标记。也叫矿苗。,岩石和矿体露出地面的部分。矿体的露头是矿床存在的直接标记。也叫矿苗。,名词。岩石和矿体露出地面的部分。矿体的露头是矿床存在的直接标记。也叫矿苗。,火焰山的外壳是很难找到菱铁矿的露头的。,58,1,0,,1.0,,,,
1083,427,1,霸气,bàqì,bàqì,"<entry id=""00786""><hwg><hw>霸气</hw><pinyin>bàqì</pinyin></hwg><def><ps>名</ps>专横的气势：<ex>～十足。</ex></def>",名词。,名词,专横的气势。,专横的气势。,名词。专横的气势。,霸气十足。,16,1,0,1.0,,,,,
1084,427,2,霸气,bà·qi,bàqi,"<entry id=""00787""><hwg><hw>霸气</hw><pinyin>bà·qi</pinyin></hwg><def><ps>形</ps>蛮横，不讲道理：<ex>这个人说话太～了。</ex></def>",形容词。,形容词,蛮横，不讲道理。,蛮横，不讲道理。,形容词。蛮横，不讲道理。,这个人说话太霸气了。,24,1,0,1.0,,,,,
1085,428,1,青丝,qīngsī,qīngsī,"<entry id=""41782""><hwg><hw>青丝<sup>1</sup></hw><pinyin>qīngsī</pinyin></hwg><def>〈书〉<ps>名</ps>比喻黑发（多用于女性）：<ex>一缕～｜三尺～。</ex></def>",名词。,名词,〈书〉比喻黑发（多用于女性）。,〈书面语〉比喻黑发（多用于女性）。,名词。〈书面语〉比喻黑发（多用于女性）。,一缕青丝。,27,0,0,1.0,,,,,
1086,428,2,青丝,qīngsī,qīngsī,"<entry id=""41783""><hwg><hw>青丝<sup>2</sup></hw><pinyin>qīngsī</pinyin></hwg><def><ps>名</ps>青梅等切成的细丝，放在糕点馅内，或放在糕点面上做点缀。</def>",名词。,名词,青梅等切成的细丝，放在糕点馅内，或放在糕点面上做点缀。,青梅等切成的细丝，放在糕点馅内，或放在糕点面上做点缀。,名词。青梅等切成的细丝，放在糕点馅内，或放在糕点面上做点缀。,这款精致糕点的表面点缀着青丝，中间夹着香甜的豆沙馅，非常好吃。,63,0,0,,,,,1.0,
1087,429,1,面子,miàn·zi,miànzi,"<entry id=""35766""><hwg><hw>面子<sup>1</sup></hw><pinyin>miàn·zi</pinyin></hwg><def><ps>名</ps></def><def><num>❶</num> 物体的表面：<ex>被～｜这件袍子的～很好看。</ex></def><def><num>❷</num> 表面的形象；虚荣：<ex>爱～｜要～｜你这话伤了他的～。</ex></def><def><num>❸</num> 情面：<ex>给～｜碍于～，只好答应了。</ex></def>",名词。,名词,物体的表面。,物体的表面。,名词。物体的表面。,这件袍子的面子很好看。,22,0,1,1.0,,,,,
1088,429,2,面子,miàn·zi,miànzi,"<entry id=""35766""><hwg><hw>面子<sup>1</sup></hw><pinyin>miàn·zi</pinyin></hwg><def><ps>名</ps></def><def><num>❶</num> 物体的表面：<ex>被～｜这件袍子的～很好看。</ex></def><def><num>❷</num> 表面的形象；虚荣：<ex>爱～｜要～｜你这话伤了他的～。</ex></def><def><num>❸</num> 情面：<ex>给～｜碍于～，只好答应了。</ex></def>",名词。,名词,表面的形象；虚荣。,表面的形象；虚荣。,名词。表面的形象；虚荣。,爱面子。,18,0,1,1.0,,,,,
1089,429,3,面子,miàn·zi,miànzi,"<entry id=""35766""><hwg><hw>面子<sup>1</sup></hw><pinyin>miàn·zi</pinyin></hwg><def><ps>名</ps></def><def><num>❶</num> 物体的表面：<ex>被～｜这件袍子的～很好看。</ex></def><def><num>❷</num> 表面的形象；虚荣：<ex>爱～｜要～｜你这话伤了他的～。</ex></def><def><num>❸</num> 情面：<ex>给～｜碍于～，只好答应了。</ex></def>",名词。,名词,情面。,情面。,名词。情面。,碍于面子，只好答应了。,19,0,1,1.0,,,,,
1090,429,4,面子,miàn·zi,miànzi,"<entry id=""35767""><hwg><hw>面子<sup>2</sup></hw><pinyin>miàn·zi</pinyin></hwg><def>〈口〉<ps>名</ps>粉末：<ex>药～。</ex></def><ci><div class=""title"">词语</div><div class=""cont""><a href=""entry://面子工程"">面子工程</a></div></ci>",名词。,名词,〈口〉粉末。,〈口语〉粉末。,名词。〈口语〉粉末。,药面子。,16,0,0,1.0,,,,,
1091,430,1,面糊,miànhù,miànhù,"<entry id=""35701""><hwg><hw>面糊</hw><pinyin>miànhù</pinyin></hwg><def><ps>名</ps></def><def><num>❶</num> 用面粉加水调匀而成的糊状物。</def><def><num>❷</num> 〈方〉糨糊。</def>",名词。,名词,用面粉加水调匀而成的糊状物。,用面粉加水调匀而成的糊状物。,名词。用面粉加水调匀而成的糊状物。,去年农场所推广的大叶烟水、石灰水治蚜虫，稀面糊水治红蜘蛛，红矾、石咸面、石灰水治梨步曲等办法，群众都很欢迎，因这些东西很容易找，价钱也便宜。,89,1,0,,,,,1.0,
1092,430,2,面糊,miàn·hu,miànhu,"<entry id=""35702""><hwg><hw>面糊</hw><pinyin>miàn·hu</pinyin></hwg><def>〈口〉<ps>形</ps>食物纤维少而柔软：<ex>白薯蒸熟了，很～。</ex></def>",形容词。,形容词,〈口〉食物纤维少而柔软。,〈口语〉食物纤维少而柔软。,形容词。〈口语〉食物纤维少而柔软。,白薯蒸熟了，很面糊。,29,1,0,1.0,,,,,
1093,431,1,颠连,diānlián,diānlián,"<entry id=""11517""><hwg><hw>颠连<sup>1</sup></hw><pinyin>diānlián</pinyin></hwg><def>〈书〉<ps>形</ps>困苦：<ex>～无告。</ex></def>",形容词。,形容词,〈书〉困苦。,〈书面语〉困苦。,形容词。〈书面语〉困苦。,颠连无告。,19,0,0,1.0,,,,,
1094,431,2,颠连,diānlián,diānlián,"<entry id=""11518""><hwg><hw>颠连<sup>2</sup></hw><pinyin>diānlián</pinyin></hwg><def>〈书〉<ps>形</ps>形容连绵不断：<ex>群山～起伏。</ex></def>",形容词。,形容词,〈书〉形容连绵不断。,〈书面语〉形容连绵不断。,形容词。〈书面语〉形容连绵不断。,群山颠连起伏。,25,0,0,1.0,,,,,
1095,432,1,风头,fēngtóu,fēngtóu,"<entry id=""15363""><hwg><hw>风头</hw><pinyin>fēngtóu</pinyin></hwg><def><ps>名</ps>风的势头。</def>",名词。,名词,风的势头。,风的势头。,名词。风的势头。,这风头是这样劲，使他们站立不稳。,26,1,0,,1.0,,,,
1096,432,2,风头,fēng·tou,fēngtou,"<entry id=""15364""><hwg><hw>风头</hw><pinyin>fēng·tou</pinyin></hwg><def><ps>名</ps></def><def><num>❶</num> 风势②：<ex>避避～｜看～行事。</ex></def><def><num>❷</num> 出头露面，显示个人的表现（含贬义）：<ex>出～｜～十足。</ex></def>",名词。,名词,风势。,风势。,名词。风势。,避避风头。,13,1,1,1.0,,,,,
1097,432,3,风头,fēng·tou,fēngtou,"<entry id=""15364""><hwg><hw>风头</hw><pinyin>fēng·tou</pinyin></hwg><def><ps>名</ps></def><def><num>❶</num> 风势②：<ex>避避～｜看～行事。</ex></def><def><num>❷</num> 出头露面，显示个人的表现（含贬义）：<ex>出～｜～十足。</ex></def>",名词。,名词,出头露面，显示个人的表现（含贬义）。,出头露面，显示个人的表现（含贬义）。,名词。出头露面，显示个人的表现（含贬义）。,出风头。,27,1,1,1.0,,,,,
1098,433,1,飞白,fēibái,fēibái,"<entry id=""14710""><hwg><hw>飞白<sup>1</sup></hw><pinyin>fēibái</pinyin></hwg><def><ps>名</ps>一种特殊的书法，笔画中露出一丝丝的白地，像用枯笔写成的样子。也叫飞白书。</def>",名词。,名词,一种特殊的书法，笔画中露出一丝丝的白地，像用枯笔写成的样子。也叫飞白书。,一种特殊的书法，笔画中露出一丝丝的白地，像用枯笔写成的样子。也叫飞白书。,名词。一种特殊的书法，笔画中露出一丝丝的白地，像用枯笔写成的样子。也叫飞白书。,他的飞白书写的很是不错，经常受到老教授的赞赏。,64,0,0,,,,,1.0,
1099,433,2,飞白,fēibái,fēibái,"<entry id=""14711""><hwg><hw>飞白<sup>2</sup></hw><pinyin>fēibái</pinyin></hwg><def><ps>名</ps>修辞手法，指故意运用白字（别字）达到某种修辞效果。如把“吹毛求疵”改成“吹毛求屁”，把“研究研究”说成“烟酒烟酒”等。</def><ci><div class=""title"">词语</div><div class=""cont""><a href=""entry://飞白书"">飞白书</a></div></ci>",名词。,名词,修辞手法，指故意运用白字（别字）达到某种修辞效果。如把“吹毛求疵”改成“吹毛求屁”，把“研究研究”说成“烟酒烟酒”等。,修辞手法，指故意运用白字（别字）达到某种修辞效果。如把“吹毛求疵”改成“吹毛求屁”，把“研究研究”说成“烟酒烟酒”等。,名词。修辞手法，指故意运用白字（别字）达到某种修辞效果。如把“吹毛求疵”改成“吹毛求屁”，把“研究研究”说成“烟酒烟酒”等。,今天课上李老师给我们讲了飞白的修辞手法。,84,0,0,,,,,1.0,
1100,434,1,餐点,cāndiǎn,cāndiǎn,"<entry id=""04812""><hwg><hw>餐点<sup>1</sup></hw><pinyin>cāndiǎn</pinyin></hwg><def><ps>名</ps>餐饮业的网点：<ex>～集中。</ex></def>",名词。,名词,餐饮业的网点。,餐饮业的网点。,名词。餐饮业的网点。,城市的各个角落分布着各式各样的餐点，为人们提供了丰富的饮食选择。,44,0,0,,,,,1.0,
1101,434,2,餐点,cāndiǎn,cāndiǎn,"<entry id=""04813""><hwg><hw>餐点<sup>2</sup></hw><pinyin>cāndiǎn</pinyin></hwg><def><ps>名</ps>点心：<ex>西式～｜特色～。</ex></def>",名词。,名词,点心。,点心。,名词。点心。,西式餐点。,13,0,0,1.0,,,,,
1102,435,1,马号,mǎhào,mǎhào,"<entry id=""34260""><hwg><hw>马号<sup>1</sup></hw><pinyin>mǎhào</pinyin></hwg><def><ps>名</ps>公家或大户人家养马的地方。</def>",名词。,名词,公家或大户人家养马的地方。,公家或大户人家养马的地方。,名词。公家或大户人家养马的地方。,王磊说着，几步跨出营房就到马号去牵马。,37,0,0,,1.0,,,,
1103,435,2,马号,mǎhào,mǎhào,"<entry id=""34261""><hwg><hw>马号<sup>2</sup></hw><pinyin>mǎhào</pinyin></hwg><def><ps>名</ps>骑兵用的较细长的军号。</def>",名词。,名词,骑兵用的较细长的军号。,骑兵用的较细长的军号。,名词。骑兵用的较细长的军号。,小号兵端起拴着红绸布的小马号，仰起脖来，对着朝霞烧红了的天空，吹起了节奏快速高亢的集合号。,61,0,0,,1.0,,,,
1104,436,1,鱼白,yúbái,yúbái,"<entry id=""63212""><hwg><hw>鱼白<sup>1</sup></hw><pinyin>yúbái</pinyin></hwg><def><ps>名</ps></def><def><num>❶</num> 鱼的精液。</def><def><num>❷</num> 〈方〉鳔①。</def>",名词。,名词,鱼的精液。,鱼的精液。,名词。鱼的精液。,这道菜里的鱼白处理得非常干净，没有异味。,30,0,0,,,,,1.0,
1105,436,2,鱼白,yúbái,yúbái,"<entry id=""63213""><hwg><hw>鱼白<sup>2</sup></hw><pinyin>yúbái</pinyin></hwg><def><ps>名</ps>鱼肚白：<ex>东方一线～，黎明已经到来。</ex></def>",名词。,名词,鱼肚白。,鱼肚白。,名词。鱼肚白。,东方一线鱼白，黎明已经到来。,23,0,0,1.0,,,,,
1106,437,1,黑人,Hēirén,Hēirén,"<entry id=""20925""><hwg><hw>黑人<sup>1</sup></hw><pinyin>Hēirén</pinyin></hwg><def><ps>名</ps>指黑种人。</def>",名词。,名词,指黑种人。,指黑种人。,名词。指黑种人。,那一船挤得满满的包身工，装载密度不亚于十八世纪贩卖黑人的奴隶船。,42,0,0,,,1.0,,,
1107,437,2,黑人,hēirén,hēirén,"<entry id=""20926""><hwg><hw>黑人<sup>2</sup></hw><pinyin>hēirén</pinyin></hwg><def><ps>名</ps></def><def><num>❶</num> 姓名没有登记在户籍上的人。</def><def><num>❷</num> 躲藏起来不敢公开露面的人。</def>",名词。,名词,姓名没有登记在户籍上的人。,姓名没有登记在户籍上的人。,名词。姓名没有登记在户籍上的人。,反正娃娃一直是个黑人，公社、大队不承认他，不给登记户口。,46,0,1,,,1.0,,,
1108,437,3,黑人,hēirén,hēirén,"<entry id=""20926""><hwg><hw>黑人<sup>2</sup></hw><pinyin>hēirén</pinyin></hwg><def><ps>名</ps></def><def><num>❶</num> 姓名没有登记在户籍上的人。</def><def><num>❷</num> 躲藏起来不敢公开露面的人。</def>",名词。,名词,躲藏起来不敢公开露面的人。,躲藏起来不敢公开露面的人。,名词。躲藏起来不敢公开露面的人。,你自己也变成一个黑人，撂下婆娘老母出去逃命。,40,0,1,,,1.0,,,